pdv_id,pdv,cidade,tipologia,vendedor,supervisor,regime_compra,mes_entrada,caso_plantado,mes_inicio_caso
0,Mercado Pedra Alta,Palmeira Torta,Minimercado,Igor Bezerra,Amanda Machado,mensal,2021-08,sangramento,2025-04
1,Pizza Umbu,Várzea Comprida,Pizzaria,Yara Santos,Eduardo Cardoso,ciclico,2026-01,normal,
2,Café Juriti,Taquaruçu do Meio,Cafeteria,Ricardo Teixeira,Sérgio Gonçalves,mensal,2021-08,normal,
3,Minimercado Rosa dos Ventos,Marimbondo,Minimercado,Aline Duarte,Sérgio Gonçalves,ciclico,2023-04,atrito,
4,Ponto do Lanche Esperança,Monte Cravo,Lanchonete,Adriana Xavier,Eduardo Cardoso,esporadico,2024-07,normal,
5,Cafeteria Serrana,Bela Corrente,Cafeteria,Gustavo Fonseca,Mariana Cunha,ciclico,2021-08,atrito,
6,Supermercado Moinho,Nova Aurora do Vale,Supermercado,Patrícia Braga,André Santos,ciclico,2021-08,atrito,
7,Ponto do Lanche Jacarandá,Cravinho do Sul,Lanchonete,Ricardo Teixeira,Sérgio Gonçalves,mensal,2026-04,normal,
8,Padaria Terra Boa,Ribeira Funda,Padaria,Silvana Silva,Vinícius Barbosa,mensal,2024-10,normal,
9,Casa de Refeições Aurora,Serra Cansada,Restaurante,Patrícia Braga,André Santos,esporadico,2022-11,atrito,
10,Pizza Ponte Velha,Serra Cansada,Pizzaria,Mariana Oliveira,Eduardo Cardoso,esporadico,2021-08,normal,
11,Cafeteria Oliveira,Vale Formoso do Norte,Cafeteria,Adriana Ferreira,André Santos,mensal,2021-08,sangramento,2025-07
12,Conveniência Veredas,Nova Aurora do Vale,Loja de Conveniência,Aline Duarte,Sérgio Gonçalves,mensal,2024-06,normal,
13,Padaria e Confeitaria Olaria,Piraquara do Oeste,Padaria,Kelly Santos,Eduardo Cardoso,mensal,2021-08,normal,
14,Padaria Ipanema Velha,Vila Cascata,Padaria,Gabriel Ferreira,André Santos,esporadico,2023-12,atrito,
15,Mercadinho Chapada,Porto Bandeira,Minimercado,Helena Vieira,Amanda Machado,ciclico,2021-08,atrito,
16,Restaurante Horizonte,Santa Ilha,Restaurante,Viviane Soares,Mariana Cunha,esporadico,2023-04,normal,
17,Ponto do Lanche Mirante,Ipê Sereno,Lanchonete,Joana Medeiros,Vinícius Barbosa,mensal,2025-02,normal,
18,Açaí Nova Era,Ribeira Funda,Açaiteria,Vinícius Carvalho,Amanda Machado,ciclico,2024-08,atrito,
19,Pizza Bandeirante,Marimbondo,Pizzaria,Paulo Camargo,Eduardo Cardoso,esporadico,2026-04,normal,
20,Mercadinho Aurora,São Braz do Campo,Minimercado,Carlos Teixeira,Eduardo Cardoso,ciclico,2023-07,normal,
21,Casa do Café Fonte Nova,Barra do Piraquê,Cafeteria,Daniel Mendes,André Santos,mensal,2021-08,atrito,
22,Cafeteria Palmeira,Ipê Sereno,Cafeteria,Sandra Cardoso,André Santos,esporadico,2021-08,normal,
23,Lanches Girassol,Ipê Sereno,Lanchonete,Diego Martins,Sérgio Gonçalves,mensal,2024-05,normal,
24,Casa de Refeições Chapada,Monte Cravo,Restaurante,Vanessa Teixeira,Sérgio Gonçalves,mensal,2021-08,normal,
25,Lanchonete Sossego,Guaraúna,Lanchonete,Yara Santos,Eduardo Cardoso,mensal,2025-06,normal,
26,Mercado Terra Boa,Monte Cravo,Minimercado,Aline Duarte,Sérgio Gonçalves,mensal,2021-08,atrito,
27,Sorveteria Orquídea,Fonte Limeira,Sorveteria,Aline Pacheco,Mariana Cunha,mensal,2021-08,degrau,2025-10
28,Pizza Fonte Nova,São Braz do Campo,Pizzaria,Aline Duarte,Sérgio Gonçalves,ciclico,2025-09,normal,
29,Supermercado Moinho 2,Tabuleiro Alto,Supermercado,Aline Araújo,André Santos,mensal,2021-08,normal,
30,Loja Terra Boa,Serra Cansada,Loja de Conveniência,Helena Gonçalves,André Santos,mensal,2025-01,normal,
31,Lanches Cravo,Bela Corrente,Lanchonete,Sandra Cardoso,André Santos,ciclico,2021-08,normal,
32,Açaí Chapada,Monte Cravo,Açaiteria,Mariana Oliveira,Eduardo Cardoso,mensal,2025-04,atrito,
33,Lanchonete Lagoa Azul,Quatro Cruzes,Lanchonete,Aline Duarte,Sérgio Gonçalves,esporadico,2021-08,normal,
34,Loja Jacarandá,Figueira Branca,Loja de Conveniência,Emerson Pinheiro,Vinícius Barbosa,mensal,2021-08,normal,
35,Padaria e Confeitaria Brisa,Itaquerê,Padaria,Aline Araújo,André Santos,mensal,2022-02,normal,
36,Casa de Refeições Porto Seguro Velho,São Braz do Campo,Restaurante,Silvana Silva,Vinícius Barbosa,ciclico,2024-08,normal,
37,Super Moinho,Olho d'Água Grande,Supermercado,Joana Medeiros,Vinícius Barbosa,ciclico,2021-08,atrito,
38,Panificadora Estrela,Santa Ilha,Padaria,Marcos Bezerra,Amanda Machado,esporadico,2021-08,normal,
39,Restaurante Estrela,Vila Cascata,Restaurante,Joana Medeiros,Vinícius Barbosa,ciclico,2021-08,normal,
40,Hamburgueria Veredas,Vale Formoso do Norte,Hamburgueria,Aline Pacheco,Mariana Cunha,ciclico,2025-11,normal,
41,Ponto do Lanche Fonte Nova,Lagoa Vermelha do Norte,Lanchonete,Cláudia Miranda,Mariana Cunha,esporadico,2021-08,atrito,
42,Restaurante Varanda,Vista Alegre do Ipê,Restaurante,Tatiane Sales,Mariana Cunha,esporadico,2021-08,normal,
43,Pizzaria Farol,Porto Bandeira,Pizzaria,Murilo Alves,André Santos,mensal,2022-04,normal,
44,Panificadora Primavera,Serra Cansada,Padaria,Adriana Ferreira,André Santos,esporadico,2021-08,atrito,
45,Padaria Sabor Real,Serra Cansada,Padaria,André Cardoso,Vinícius Barbosa,mensal,2021-08,normal,
46,Cafeteria Brisa,Figueira Branca,Cafeteria,Paulo Correia,Eduardo Cardoso,mensal,2024-07,normal,
47,Casa de Refeições Cerrado,Bela Corrente,Restaurante,Nelson Nunes,Eduardo Cardoso,ciclico,2021-08,normal,
48,Supermercado Raiz Forte,Marimbondo,Supermercado,Joana Medeiros,Vinícius Barbosa,esporadico,2021-08,normal,
49,Cantina Dois Irmãos,Santa Ilha,Restaurante,Igor Batista,Amanda Machado,ciclico,2025-11,normal,
50,Loja Guarani,Serra Cansada,Loja de Conveniência,Gustavo Vasconcelos,Amanda Machado,mensal,2022-10,atrito,
51,Panificadora Olaria,Guaraúna,Padaria,André Batista,Sérgio Oliveira,mensal,2021-09,normal,
52,Mercadinho Raiz Forte,Barra do Piraquê,Minimercado,Cláudia Miranda,Mariana Cunha,esporadico,2024-11,normal,
53,Restaurante Orquídea,Bela Corrente,Restaurante,Helena Vieira,Amanda Machado,mensal,2021-08,atrito,
54,Loja Dois Irmãos,Umbuzeiro,Loja de Conveniência,Aline Duarte,Sérgio Gonçalves,mensal,2025-09,normal,
55,Ponto do Lanche Vila Nova,Vista Alegre do Ipê,Lanchonete,Gustavo Fonseca,Mariana Cunha,mensal,2025-06,normal,
56,Lanchonete Maré Alta,Tabuleiro Alto,Lanchonete,Silvana Andrade,Amanda Machado,esporadico,2021-08,normal,
57,Mercado Ipê Roxo,Itaquerê,Minimercado,André Batista,Sérgio Oliveira,ciclico,2021-08,normal,
58,Casa de Refeições Umbu,Guaraúna,Restaurante,Vanessa Teixeira,Sérgio Gonçalves,ciclico,2025-10,normal,
59,Mercado Oliveira,Ipê Sereno,Minimercado,Sandra Cardoso,André Santos,ciclico,2025-04,atrito,
60,Restaurante Fonte Nova,Alto Sereno,Restaurante,Flávio Lima,André Santos,mensal,2021-08,normal,
61,Padaria e Confeitaria Aurora,Serra Cansada,Padaria,Daniel Mendes,André Santos,mensal,2022-05,normal,
62,Mercadinho Juriti,Alto Sereno,Minimercado,Natália Almeida,Vinícius Barbosa,mensal,2026-03,normal,
63,Padaria e Confeitaria Olaria 2,Vila Aurora,Padaria,Wagner Braga,Sérgio Gonçalves,mensal,2024-04,atrito,
64,Super Pitanga,Piraquara do Oeste,Supermercado,César Araújo,Vinícius Barbosa,ciclico,2021-08,atrito,
65,Restaurante Veredas,Ipê Sereno,Restaurante,Lucas Braga,André Santos,esporadico,2021-08,normal,
66,Gelateria Farol,Sertão Novo,Sorveteria,Yara Coelho,Sérgio Oliveira,mensal,2021-08,mix,2025-09
67,Minimercado Sempre Viva,Campo Ferrugem,Minimercado,Raquel Ferreira,Vinícius Barbosa,mensal,2025-01,atrito,
68,Atacadão Vale Verde,Várzea Comprida,Atacadista,Rafael Teixeira,Sérgio Oliveira,ciclico,2021-09,atrito,
69,Cantina Jacarandá,Alto Sereno,Restaurante,Igor Rodrigues,Eduardo Cardoso,esporadico,2021-08,atrito,
70,Conveniência Candeia,Campo Ferrugem,Loja de Conveniência,Adriana Xavier,Eduardo Cardoso,mensal,2021-08,atrito,
71,Lanches Santa Clara,Vista Alegre do Ipê,Lanchonete,Emerson Pinheiro,Vinícius Barbosa,mensal,2023-07,normal,
72,Café Vitória Régia,São Braz do Campo,Cafeteria,Wagner Braga,Sérgio Gonçalves,mensal,2023-07,normal,
73,Panificadora Maré Alta,Itaquerê,Padaria,Joana Medeiros,Vinícius Barbosa,mensal,2023-02,atrito,
74,Pizzaria Figueira,Santa Ilha,Pizzaria,Diego Martins,Sérgio Gonçalves,esporadico,2025-06,normal,
75,Minimercado Quintal,Guaraúna,Minimercado,João Cavalcanti,Eduardo Cardoso,esporadico,2022-01,normal,
76,Gelateria Esperança,Xambrê,Sorveteria,Kelly Carvalho,Sérgio Gonçalves,mensal,2021-08,normal,
77,Padaria Rio Claro,Piraquara do Oeste,Padaria,Adriana Xavier,Eduardo Cardoso,mensal,2022-03,atrito,
78,Restaurante Farol,Bela Corrente,Restaurante,Aline Araújo,André Santos,ciclico,2024-10,atrito,
79,Pizzaria Sossego,Fonte Limeira,Pizzaria,Kelly Santos,Eduardo Cardoso,mensal,2023-04,normal,
80,Mercado Juriti,Figueira Branca,Minimercado,Mauro Pacheco,Sérgio Oliveira,mensal,2021-08,normal,
81,Padaria e Confeitaria Esperança,Campo Ferrugem,Padaria,Gustavo Fonseca,Mariana Cunha,mensal,2021-08,normal,
82,Supermercado Flor de Sal,São Braz do Campo,Supermercado,Tatiane Sales,Mariana Cunha,ciclico,2023-05,normal,
83,Pizzaria Luar,Umbuzeiro,Pizzaria,Rodrigo Dias,Vinícius Barbosa,ciclico,2021-08,normal,
84,Hamburgueria Vila Nova,Encosta Nova,Hamburgueria,Roberta Nogueira,André Santos,mensal,2021-08,parada,2026-04
85,Conveniência Encanto,Passo Ruivo,Loja de Conveniência,Antônio Freitas,Vinícius Barbosa,esporadico,2021-08,atrito,
86,Minimercado Tamarindo,Santa Ilha,Minimercado,Roberta Pinheiro,Amanda Machado,mensal,2021-08,parada,2025-10
87,Gelateria Terra Boa,Nova Aurora do Vale,Sorveteria,Bruno Nogueira,Sérgio Oliveira,mensal,2025-12,normal,
88,Mercadinho Bandeirante,Tabuleiro Alto,Minimercado,Wagner Martins,Amanda Machado,mensal,2022-04,atrito,
89,Pizza Recanto,Umbuzeiro,Pizzaria,Débora Maia,Eduardo Cardoso,mensal,2021-08,parada,2026-03
90,Mercadinho Bandeirante 2,Quatro Cruzes,Minimercado,Aline Pacheco,Mariana Cunha,esporadico,2024-10,normal,
91,Hamburgueria Bom Retiro,Quatro Cruzes,Hamburgueria,Raquel Ferreira,Vinícius Barbosa,mensal,2021-08,normal,
92,Super Ipê Roxo,Fonte Limeira,Supermercado,Tatiane Sales,Mariana Cunha,mensal,2021-08,normal,
93,Lanches Pitanga,Vila Cascata,Lanchonete,Murilo Alves,André Santos,esporadico,2024-04,normal,
94,Minimercado Brisa,Taquaruçu do Meio,Minimercado,Igor Bezerra,Amanda Machado,ciclico,2024-11,normal,
95,Panificadora Horizonte,Jaraguandu,Padaria,Wagner Braga,Sérgio Gonçalves,ciclico,2025-02,normal,
96,Pizza Pinheiro,Cravinho do Sul,Pizzaria,Joana Medeiros,Vinícius Barbosa,mensal,2021-08,atrito,
97,Supermercado Rosa dos Ventos,Nova Aurora do Vale,Supermercado,Isabela Lopes,Mariana Cunha,mensal,2021-08,normal,
98,Lanches Farol,Xambrê,Lanchonete,Diego Martins,Sérgio Gonçalves,mensal,2024-05,normal,
99,Padaria Cascata,Alto Sereno,Padaria,Letícia Ferreira,Sérgio Oliveira,esporadico,2021-08,atrito,
100,Mercadinho Tijuca Velha,Várzea Comprida,Minimercado,Wagner Braga,Sérgio Gonçalves,mensal,2022-05,atrito,
101,Lanches Sol Nascente,Olho d'Água Grande,Lanchonete,Rodrigo Dias,Vinícius Barbosa,mensal,2026-04,normal,
102,Lanches Olaria,Tabuleiro Alto,Lanchonete,Paulo Correia,Eduardo Cardoso,ciclico,2023-04,atrito,
103,Super Santa Clara,Sertão Novo,Supermercado,Aline Araújo,André Santos,esporadico,2023-11,normal,
104,Pizzaria Tijuca Velha,Ribeira Funda,Pizzaria,Joana Medeiros,Vinícius Barbosa,mensal,2026-01,normal,
105,Café Maré Alta,Vila Aurora,Cafeteria,Adriana Xavier,Eduardo Cardoso,mensal,2021-10,normal,
106,Casa de Refeições Bandeirante,Taquaruçu do Meio,Restaurante,Wagner Rodrigues,Mariana Cunha,mensal,2021-08,normal,
107,Atacado Figueira,Umbuzeiro,Atacadista,Aline Araújo,André Santos,mensal,2021-08,sangramento,2025-10
108,Lanches Jacarandá,Vale Formoso do Norte,Lanchonete,João Cavalcanti,Eduardo Cardoso,ciclico,2022-08,normal,
109,Panificadora Horizonte 2,Jaraguandu,Padaria,Isabela Lopes,Mariana Cunha,ciclico,2023-11,normal,
110,Sorveteria Jatobá,Vale Formoso do Norte,Sorveteria,André Batista,Sérgio Oliveira,ciclico,2021-08,normal,
111,Mercadinho Moinho,Piraquara do Oeste,Minimercado,Sabrina Andrade,Vinícius Barbosa,ciclico,2022-02,normal,
112,Pizza Recanto 2,Jaraguandu,Pizzaria,Aline Duarte,Sérgio Gonçalves,esporadico,2024-02,atrito,
113,Mercadinho Sempre Viva,Lagoa Vermelha do Norte,Minimercado,Vinícius Carvalho,Amanda Machado,esporadico,2021-08,normal,
114,Gelateria Rio Claro,Cravinho do Sul,Sorveteria,Igor Bezerra,Amanda Machado,mensal,2022-07,normal,
115,Hamburgueria Quintal,Xambrê,Hamburgueria,Roberta Nogueira,André Santos,mensal,2021-08,atrito,
116,Atacado Central,Pedra Molhada,Atacadista,Márcia Sales,Sérgio Oliveira,mensal,2025-05,normal,
117,Ponto do Lanche Ipê Roxo,Nova Aurora do Vale,Lanchonete,Gabriel Ferreira,André Santos,esporadico,2025-02,normal,
118,Restaurante Dois Irmãos,Vista Alegre do Ipê,Restaurante,Murilo Alves,André Santos,esporadico,2021-08,atrito,
119,Atacadão Farol,Vila Aurora,Atacadista,Marcos Bezerra,Amanda Machado,esporadico,2025-02,normal,
120,Sorveteria Guarani,São Braz do Campo,Sorveteria,Silvana Santos,Mariana Cunha,mensal,2021-08,parada,2026-03
121,Padaria e Confeitaria Varanda,Várzea Comprida,Padaria,Raquel Ferreira,Vinícius Barbosa,mensal,2021-08,atrito,
122,Mercado Pequi,Porto Bandeira,Minimercado,Ricardo Teixeira,Sérgio Gonçalves,mensal,2021-08,normal,
123,Supermercado Recanto,Taquaruçu do Meio,Supermercado,Silvana Andrade,Amanda Machado,mensal,2021-08,atrito,
124,Açaí Farol,São Braz do Campo,Açaiteria,Débora Nunes,Sérgio Gonçalves,mensal,2021-08,atrito,
125,Pizza Cravo,Vista Alegre do Ipê,Pizzaria,Vanessa Teixeira,Sérgio Gonçalves,mensal,2023-07,normal,
126,Panificadora Nascente,Xambrê,Padaria,Sandra Cardoso,André Santos,ciclico,2021-08,normal,
127,Lanches Aurora,Três Bicas,Lanchonete,Wagner Braga,Sérgio Gonçalves,mensal,2021-08,atrito,
128,Lanchonete Brisa,Umbuzeiro,Lanchonete,Vinícius Siqueira,Eduardo Cardoso,mensal,2021-08,normal,
129,Super Ouro Fino,Porto Bandeira,Supermercado,Silvana Silva,Vinícius Barbosa,mensal,2025-08,atrito,
130,Buffet Umbu,Palmeira Torta,Buffet e Eventos,Wagner Alves,Amanda Machado,esporadico,2021-08,normal,
131,Açaí Olaria,Bela Corrente,Açaiteria,Diego Martins,Sérgio Gonçalves,mensal,2021-08,normal,
132,Café Pitanga,Várzea Comprida,Cafeteria,Letícia Ferreira,Sérgio Oliveira,mensal,2021-08,atrito,
133,Cantina Xodó,Tabuleiro Alto,Restaurante,Aline Almeida,Sérgio Gonçalves,ciclico,2021-08,normal,
134,Atacadão Candeia,Serra Cansada,Atacadista,Yara Santos,Eduardo Cardoso,mensal,2025-05,normal,
135,Minimercado Pitanga,Tabuleiro Alto,Minimercado,Wagner Braga,Sérgio Gonçalves,ciclico,2021-08,atrito,
136,Lanches Xodó,Xambrê,Lanchonete,André Cardoso,Vinícius Barbosa,mensal,2021-08,normal,
137,Lanchonete Nova Era,Taquaruçu do Meio,Lanchonete,Cláudia Correia,Vinícius Barbosa,mensal,2024-05,atrito,
138,Padaria e Confeitaria Mirante,Jaraguandu,Padaria,Gabriel Ferreira,André Santos,mensal,2021-08,parada,2025-10
139,Cantina Flor de Sal,Ipê Sereno,Restaurante,Murilo Alves,André Santos,esporadico,2024-09,normal,
140,Pizzaria Porto Seguro Velho,Serra Cansada,Pizzaria,Murilo Alves,André Santos,mensal,2025-05,normal,
141,Mercado Ponte Velha,Riozinho Claro,Minimercado,Wagner Braga,Sérgio Gonçalves,ciclico,2021-08,normal,
142,Lanchonete Tamarindo,Sertão Novo,Lanchonete,Sabrina Andrade,Vinícius Barbosa,esporadico,2021-08,normal,
143,Ponto do Lanche Ouro Fino,Monte Cravo,Lanchonete,Joana Medeiros,Vinícius Barbosa,mensal,2026-02,normal,
144,Açaí Tucano,Marimbondo,Açaiteria,Patrícia Braga,André Santos,mensal,2021-08,normal,
145,Pizza Serrana,Alto Sereno,Pizzaria,Márcia Sales,Sérgio Oliveira,esporadico,2022-11,atrito,
146,Casa de Refeições Ipanema Velha,Piraquara do Oeste,Restaurante,Tatiane Sales,Mariana Cunha,mensal,2021-08,mix,2025-12
147,Atacado Palmeira,Vila Aurora,Atacadista,Sandra Cardoso,André Santos,mensal,2021-08,sangramento,2025-06
148,Ponto do Lanche Tijuca Velha,Olho d'Água Grande,Lanchonete,Letícia Ferreira,Sérgio Oliveira,mensal,2021-08,atrito,
149,Ponto do Lanche Ipê Roxo 2,Monte Cravo,Lanchonete,Simone Maia,André Santos,ciclico,2021-08,normal,
150,Restaurante Capim Doce,Itaquerê,Restaurante,Vanessa Teixeira,Sérgio Gonçalves,esporadico,2026-01,normal,
151,Lanchonete Maré Alta 2,Pedra Molhada,Lanchonete,Tatiane Sales,Mariana Cunha,mensal,2021-09,atrito,
152,Cantina Oliveira,Monte Cravo,Restaurante,Kelly Carvalho,Sérgio Gonçalves,ciclico,2021-08,atrito,
153,Mercado Primavera,Umbuzeiro,Minimercado,Joana Medeiros,Vinícius Barbosa,mensal,2025-01,normal,
154,Sorveteria Estrela,Serra Cansada,Sorveteria,Helena Gonçalves,André Santos,mensal,2021-08,normal,
155,Panificadora Horizonte 3,Porto Bandeira,Padaria,Natália Almeida,Vinícius Barbosa,mensal,2021-08,parada,2025-10
156,Padaria Brisa,Nova Aurora do Vale,Padaria,Simone Maia,André Santos,esporadico,2021-08,normal,
157,Casa de Refeições Horizonte,Monte Cravo,Restaurante,Tatiane Sales,Mariana Cunha,ciclico,2026-02,normal,
158,Supermercado Umbu,Riozinho Claro,Supermercado,Marcos Almeida,Sérgio Oliveira,mensal,2024-02,normal,
159,Minimercado Recanto,Palmeira Torta,Minimercado,Marcos Almeida,Sérgio Oliveira,mensal,2021-08,atrito,
160,Cantina Maré Alta,Jaraguandu,Restaurante,Cláudia Correia,Vinícius Barbosa,esporadico,2021-08,normal,
161,Pizza Aurora,Guaraúna,Pizzaria,Murilo Alves,André Santos,mensal,2023-07,normal,
162,Café Esperança,Cravinho do Sul,Cafeteria,Aline Duarte,Sérgio Gonçalves,mensal,2021-08,atrito,
163,Casa de Refeições Ponte Velha,Piraquara do Oeste,Restaurante,Patrícia Rezende,Mariana Cunha,ciclico,2024-03,normal,
164,Lanches Esperança,Monte Cravo,Lanchonete,Helena Gonçalves,André Santos,mensal,2022-07,atrito,
165,Atacado Estrela,Vila Aurora,Atacadista,Igor Bezerra,Amanda Machado,ciclico,2021-10,normal,
166,Ponto do Lanche Dois Irmãos,Olho d'Água Grande,Lanchonete,Sabrina Andrade,Vinícius Barbosa,esporadico,2021-08,normal,
167,Panificadora Bela Vista,Alto Sereno,Padaria,Flávio Lima,André Santos,mensal,2022-01,atrito,
168,Café Jacarandá,Marimbondo,Cafeteria,Mariana Oliveira,Eduardo Cardoso,esporadico,2021-08,normal,
169,Lanches Sossego,São Braz do Campo,Lanchonete,Nelson Nunes,Eduardo Cardoso,esporadico,2021-08,normal,
170,Pizza Nascente,Bela Corrente,Pizzaria,Flávio Lima,André Santos,mensal,2021-08,parada,2025-07
171,Loja Raiz Forte,Porto Bandeira,Loja de Conveniência,Helena Vieira,Amanda Machado,ciclico,2021-08,atrito,
172,Casa de Refeições Palmeira,Guaraúna,Restaurante,Jorge Sousa,Vinícius Barbosa,mensal,2021-08,atrito,
173,Conveniência Santa Clara,Alto Sereno,Loja de Conveniência,Fernanda Sampaio,Sérgio Gonçalves,mensal,2021-12,normal,
174,Café Guarani,Praia do Sino,Cafeteria,Roberta Pinheiro,Amanda Machado,mensal,2022-05,parada,2025-12
175,Supermercado Chapada,Sertão Novo,Supermercado,André Cardoso,Vinícius Barbosa,ciclico,2021-08,normal,
176,Padaria e Confeitaria Candeia,Praia do Sino,Padaria,Wagner Braga,Sérgio Gonçalves,mensal,2021-08,normal,
177,Loja Nova Era,Itaquerê,Loja de Conveniência,Natália Almeida,Vinícius Barbosa,mensal,2021-08,normal,
178,Casa de Refeições Jacarandá,Serra Cansada,Restaurante,Ricardo Teixeira,Sérgio Gonçalves,ciclico,2021-08,atrito,
179,Padaria e Confeitaria Ipê Roxo,Ribeira Funda,Padaria,Rafael Teixeira,Sérgio Oliveira,mensal,2021-08,normal,
180,Açaí Candeia,Três Bicas,Açaiteria,Aline Almeida,Sérgio Gonçalves,mensal,2021-08,normal,
181,Sorveteria Veredas,Encosta Nova,Sorveteria,Fernanda Sampaio,Sérgio Gonçalves,mensal,2025-10,normal,
182,Conveniência Girassol,Lagoa Vermelha do Norte,Loja de Conveniência,Vinícius Carvalho,Amanda Machado,esporadico,2023-04,normal,
183,Pizza Bandeirante 2,Várzea Comprida,Pizzaria,Gustavo Fonseca,Mariana Cunha,mensal,2021-08,voltou,2025-10
184,Mercado Nascente,Três Bicas,Minimercado,Aline Almeida,Sérgio Gonçalves,mensal,2023-12,normal,
185,Panificadora Primavera 2,Jaraguandu,Padaria,Wesley Siqueira,Amanda Machado,mensal,2025-01,atrito,
186,Panificadora Recanto,Ribeira Funda,Padaria,Lucas Braga,André Santos,ciclico,2022-08,atrito,
187,Pizzaria Umbu,Jaraguandu,Pizzaria,Cláudia Correia,Vinícius Barbosa,esporadico,2021-08,normal,
188,Ponto do Lanche Vila Nova 2,Vila Cascata,Lanchonete,Wagner Braga,Sérgio Gonçalves,ciclico,2021-08,normal,
189,Minimercado Encanto,Figueira Branca,Minimercado,Igor Batista,Amanda Machado,mensal,2021-08,sangramento,2025-11
190,Minimercado Pedra Alta,Vila Aurora,Minimercado,Cláudia Correia,Vinícius Barbosa,esporadico,2023-09,atrito,
191,Restaurante Maracanã Velho,Riozinho Claro,Restaurante,Murilo Alves,André Santos,ciclico,2023-06,atrito,
192,Hamburgueria Raiz Forte,Marimbondo,Hamburgueria,Joana Medeiros,Vinícius Barbosa,esporadico,2024-08,atrito,
193,Panificadora Umbu,Santa Ilha,Padaria,Aline Araújo,André Santos,mensal,2021-10,normal,
194,Padaria Rio Claro 2,Vila Aurora,Padaria,Juliana Xavier,Mariana Cunha,ciclico,2024-11,atrito,
195,Ponto do Lanche Ipê Roxo 3,Quatro Cruzes,Lanchonete,Yara Santos,Eduardo Cardoso,mensal,2025-08,atrito,
196,Restaurante Guarani,Barra do Piraquê,Restaurante,Mauro Pacheco,Sérgio Oliveira,mensal,2024-02,atrito,
197,Pizza Recanto 3,Umbuzeiro,Pizzaria,Igor Batista,Amanda Machado,ciclico,2025-05,normal,
198,Lanches Pequi,Olho d'Água Grande,Lanchonete,Sandra Mendes,Sérgio Gonçalves,ciclico,2021-08,atrito,
199,Cantina Bela Vista,Alto Sereno,Restaurante,Geraldo Cavalcanti,Mariana Cunha,mensal,2021-08,degrau,2025-11
200,Super Encanto,Taquaruçu do Meio,Supermercado,Vanessa Teixeira,Sérgio Gonçalves,esporadico,2021-08,normal,
201,Casa do Café Vila Nova,Figueira Branca,Cafeteria,Tatiane Sales,Mariana Cunha,esporadico,2021-08,normal,
202,Minimercado Aurora,Santa Ilha,Minimercado,Daniel Mendes,André Santos,mensal,2021-08,normal,
203,Padaria e Confeitaria Vale Verde,Praia do Sino,Padaria,Helena Vieira,Amanda Machado,mensal,2021-08,normal,
204,Loja Olaria,Santa Ilha,Loja de Conveniência,Wagner Martins,Amanda Machado,mensal,2021-08,mix,2025-07
205,Super Tucano,Barra do Piraquê,Supermercado,Aline Duarte,Sérgio Gonçalves,mensal,2021-08,atrito,
206,Cantina Varanda,Itaquerê,Restaurante,Aline Araújo,André Santos,mensal,2021-08,atrito,
207,Lanchonete Chapada,Nova Aurora do Vale,Lanchonete,Rodrigo Dias,Vinícius Barbosa,esporadico,2025-06,normal,
208,Supermercado Horizonte,Passo Ruivo,Supermercado,Aline Duarte,Sérgio Gonçalves,ciclico,2025-06,normal,
209,Atacadão Pitanga,Riozinho Claro,Atacadista,Aline Araújo,André Santos,mensal,2024-12,normal,
210,Cantina Estrela,Umbuzeiro,Restaurante,Antônio Freitas,Vinícius Barbosa,esporadico,2024-11,atrito,
211,Loja Cravo,Tabuleiro Alto,Loja de Conveniência,Lucas Braga,André Santos,ciclico,2025-02,atrito,
212,Panificadora Ipê Roxo,Cravinho do Sul,Padaria,Vinícius Carvalho,Amanda Machado,mensal,2021-08,parada,2026-03
213,Distribuidora Bandeirante,Alto Sereno,Atacadista,Adriana Xavier,Eduardo Cardoso,esporadico,2022-07,normal,
214,Minimercado Cravo,Bela Corrente,Minimercado,Joana Medeiros,Vinícius Barbosa,ciclico,2021-08,normal,
215,Gelateria Santa Clara,Bela Corrente,Sorveteria,Wagner Braga,Sérgio Gonçalves,mensal,2024-06,normal,
216,Minimercado Bandeirante,Vale Formoso do Norte,Minimercado,Wesley Lima,Sérgio Oliveira,esporadico,2021-08,normal,
217,Cantina Bandeirante,Porto Bandeira,Restaurante,Letícia Ferreira,Sérgio Oliveira,mensal,2021-08,atrito,
218,Casa de Refeições Tucano,Palmeira Torta,Restaurante,César Araújo,Vinícius Barbosa,esporadico,2021-08,normal,
219,Restaurante Pequi,Vila Cascata,Restaurante,Antônio Freitas,Vinícius Barbosa,mensal,2021-08,voltou,2025-10
220,Eventos Pitanga,Três Bicas,Buffet e Eventos,Sandra Cardoso,André Santos,mensal,2023-12,atrito,
221,Restaurante Candeia,Umbuzeiro,Restaurante,Wesley Lima,Sérgio Oliveira,mensal,2021-08,atrito,
222,Minimercado Rio Claro,Vista Alegre do Ipê,Minimercado,Carlos Teixeira,Eduardo Cardoso,ciclico,2023-02,normal,
223,Minimercado Palmeira,Piraquara do Oeste,Minimercado,João Cavalcanti,Eduardo Cardoso,mensal,2021-08,parada,2025-09
224,Padaria e Confeitaria Sol Nascente,Pedra Molhada,Padaria,Vinícius Carvalho,Amanda Machado,mensal,2024-03,atrito,
225,Mercado Central,Passo Ruivo,Minimercado,Yara Coelho,Sérgio Oliveira,mensal,2021-08,degrau,2025-07
226,Açaiteria Varanda,Sertão Novo,Açaiteria,Helena Gonçalves,André Santos,mensal,2021-08,sangramento,2025-06
227,Atacado Cravo,Lagoa Vermelha do Norte,Atacadista,Joana Medeiros,Vinícius Barbosa,mensal,2021-08,normal,
228,Restaurante Aurora,Barra do Piraquê,Restaurante,Márcia Sales,Sérgio Oliveira,mensal,2025-06,normal,
229,Pizza Farol,Ipê Sereno,Pizzaria,Cláudia Correia,Vinícius Barbosa,mensal,2024-11,normal,
230,Super Luar,Monte Cravo,Supermercado,Sandra Cardoso,André Santos,esporadico,2021-08,normal,
231,Minimercado Rosa dos Ventos 2,Tabuleiro Alto,Minimercado,João Cavalcanti,Eduardo Cardoso,ciclico,2021-08,atrito,
232,Padaria e Confeitaria Tijuca Velha,Pedra Molhada,Padaria,Aline Duarte,Sérgio Gonçalves,mensal,2021-08,normal,
233,Açaiteria Primavera,Encosta Nova,Açaiteria,Aline Duarte,Sérgio Gonçalves,mensal,2025-12,normal,
234,Padaria Sabor Real 2,Bela Corrente,Padaria,Vinícius Carvalho,Amanda Machado,mensal,2023-06,normal,
235,Lanchonete Farol,Campo Ferrugem,Lanchonete,Simone Maia,André Santos,ciclico,2021-09,normal,
236,Padaria e Confeitaria Mirante 2,Piraquara do Oeste,Padaria,Gabriel Ferreira,André Santos,mensal,2021-10,normal,
237,Restaurante Ipê Roxo,Tabuleiro Alto,Restaurante,Wagner Braga,Sérgio Gonçalves,mensal,2021-08,normal,
238,Lanchonete Vale Verde,Fonte Limeira,Lanchonete,João Cavalcanti,Eduardo Cardoso,mensal,2021-08,voltou,2026-01
239,Pizza Chapada,Olho d'Água Grande,Pizzaria,Simone Maia,André Santos,mensal,2021-08,normal,
240,Gelateria Guarani,Porto Bandeira,Sorveteria,Igor Batista,Amanda Machado,ciclico,2021-08,normal,
241,Pizza Tamarindo,Vista Alegre do Ipê,Pizzaria,Cláudia Correia,Vinícius Barbosa,mensal,2021-08,sangramento,2025-11
242,Mercadinho Vale Verde,Pedra Molhada,Minimercado,Viviane Soares,Mariana Cunha,ciclico,2024-11,atrito,
243,Casa de Refeições Farol,Umbuzeiro,Restaurante,Gustavo Vasconcelos,Amanda Machado,mensal,2021-08,sangramento,2025-11
244,Padaria Cravo,Guaraúna,Padaria,Sandra Cardoso,André Santos,esporadico,2021-08,atrito,
245,Cafeteria Capim Doce,Itaquerê,Cafeteria,Vinícius Siqueira,Eduardo Cardoso,ciclico,2021-08,atrito,
246,Super Fonte Nova,Porto Bandeira,Supermercado,Carlos Teixeira,Eduardo Cardoso,ciclico,2021-08,normal,
247,Mercadinho Moinho 2,Passo Ruivo,Minimercado,Isabela Lopes,Mariana Cunha,mensal,2025-01,normal,
248,Supermercado Fonte Nova,Sertão Novo,Supermercado,Marcos Almeida,Sérgio Oliveira,mensal,2024-11,normal,
249,Atacadão Lagoa Azul,Marimbondo,Atacadista,Lucas Braga,André Santos,mensal,2021-08,normal,
250,Mercado Guarani,Bela Corrente,Minimercado,Vinícius Carvalho,Amanda Machado,mensal,2021-08,normal,
251,Super Mirante,Porto Bandeira,Supermercado,Aline Duarte,Sérgio Gonçalves,ciclico,2021-08,normal,
252,Gelateria Maré Alta,Monte Cravo,Sorveteria,Kelly Santos,Eduardo Cardoso,mensal,2021-08,atrito,
253,Mercado Nova Era,Tabuleiro Alto,Minimercado,Yara Coelho,Sérgio Oliveira,esporadico,2023-10,normal,
254,Cantina Primavera,Ribeira Funda,Restaurante,Geraldo Cavalcanti,Mariana Cunha,mensal,2022-09,normal,
255,Padaria e Confeitaria Jacarandá,Bela Corrente,Padaria,Aline Duarte,Sérgio Gonçalves,mensal,2021-08,normal,
256,Panificadora Olaria 2,Piraquara do Oeste,Padaria,Carlos Teixeira,Eduardo Cardoso,mensal,2021-08,atrito,
257,Cantina Veredas,Palmeira Torta,Restaurante,Cláudia Correia,Vinícius Barbosa,mensal,2021-08,degrau,2025-11
258,Panificadora Moinho,Barra do Piraquê,Padaria,Natália Almeida,Vinícius Barbosa,mensal,2021-08,normal,
259,Casa de Refeições Fonte Nova,Vista Alegre do Ipê,Restaurante,Joana Medeiros,Vinícius Barbosa,ciclico,2024-01,atrito,
260,Mercado Horizonte,Quatro Cruzes,Minimercado,Wesley Lima,Sérgio Oliveira,mensal,2021-08,atrito,
261,Cantina Tamarindo,Serra Cansada,Restaurante,Sandra Cardoso,André Santos,mensal,2023-04,normal,
262,Mercado Varanda,Ipê Sereno,Minimercado,Aline Duarte,Sérgio Gonçalves,ciclico,2021-08,normal,
263,Padaria Capim Doce,Sertão Novo,Padaria,Marcos Almeida,Sérgio Oliveira,mensal,2024-01,normal,
264,Burger Vila Nova,Guaraúna,Hamburgueria,Emerson Pinheiro,Vinícius Barbosa,esporadico,2021-08,normal,
265,Atacadão Tijuca Velha,Bela Corrente,Atacadista,Yara Santos,Eduardo Cardoso,ciclico,2024-05,atrito,
266,Lanches Bom Retiro,Ipê Sereno,Lanchonete,Viviane Soares,Mariana Cunha,esporadico,2021-08,atrito,
267,Mercadinho Oliveira,Umbuzeiro,Minimercado,Gustavo Vasconcelos,Amanda Machado,mensal,2021-09,normal,
268,Pizzaria Flor de Sal,Monte Cravo,Pizzaria,Wesley Siqueira,Amanda Machado,esporadico,2022-07,normal,
269,Panificadora Vitória Régia,Santa Ilha,Padaria,Helena Gonçalves,André Santos,ciclico,2023-05,atrito,
270,Cafeteria Sol Nascente,Piraquara do Oeste,Cafeteria,Wagner Alves,Amanda Machado,esporadico,2024-12,normal,
271,Distribuidora Bela Vista,Campo Ferrugem,Atacadista,Simone Maia,André Santos,esporadico,2021-08,normal,
272,Pizzaria Chapada,Tabuleiro Alto,Pizzaria,Paulo Correia,Eduardo Cardoso,mensal,2023-10,normal,
273,Açaiteria Sossego,Pedra Molhada,Açaiteria,Gustavo Fonseca,Mariana Cunha,mensal,2021-08,atrito,
274,Hamburgueria Cerrado,Palmeira Torta,Hamburgueria,Vanessa Teixeira,Sérgio Gonçalves,mensal,2023-07,normal,
275,Padaria e Confeitaria Vale Verde 2,Campo Ferrugem,Padaria,Aline Pacheco,Mariana Cunha,ciclico,2021-08,atrito,
276,Padaria Ipê Roxo,Umbuzeiro,Padaria,Joana Medeiros,Vinícius Barbosa,ciclico,2026-01,normal,
277,Casa de Refeições Lagoa Azul,Várzea Comprida,Restaurante,Antônio Freitas,Vinícius Barbosa,mensal,2021-08,voltou,2026-02
278,Padaria e Confeitaria Ipê Roxo 2,Figueira Branca,Padaria,Aline Araújo,André Santos,mensal,2023-05,normal,
279,Pizzaria Trigal,Itaquerê,Pizzaria,Rafael Teixeira,Sérgio Oliveira,mensal,2021-08,normal,
280,Mercado Dois Irmãos,Sertão Novo,Minimercado,Joana Medeiros,Vinícius Barbosa,mensal,2025-05,normal,
281,Gelateria Oliveira,Cravinho do Sul,Sorveteria,Paulo Correia,Eduardo Cardoso,mensal,2021-08,parada,2026-01
282,Restaurante Umbu,Barra do Piraquê,Restaurante,André Batista,Sérgio Oliveira,mensal,2021-08,parada,2025-07
283,Casa de Refeições Vale Verde,Guaraúna,Restaurante,Adriana Ferreira,André Santos,ciclico,2021-08,atrito,
284,Pizzaria Candeia,Vila Cascata,Pizzaria,Natália Almeida,Vinícius Barbosa,ciclico,2021-08,normal,
285,Ponto do Lanche Sol Nascente,Bela Corrente,Lanchonete,Juliana Xavier,Mariana Cunha,mensal,2024-06,normal,
286,Mercadinho Vitória Régia,Xambrê,Minimercado,André Batista,Sérgio Oliveira,esporadico,2026-02,normal,
287,Eventos Mirante,Vale Formoso do Norte,Buffet e Eventos,Roberta Nogueira,André Santos,mensal,2021-08,normal,
288,Mercadinho Primavera,Monte Cravo,Minimercado,Simone Maia,André Santos,mensal,2021-08,atrito,
289,Eventos Orquídea,Encosta Nova,Buffet e Eventos,Sandra Cardoso,André Santos,mensal,2022-01,atrito,
290,Cafeteria Sempre Viva,Porto Bandeira,Cafeteria,Yara Coelho,Sérgio Oliveira,mensal,2023-03,normal,
291,Panificadora Vale Verde,Bela Corrente,Padaria,Rodrigo Dias,Vinícius Barbosa,mensal,2021-08,atrito,
292,Pizza Serrana 2,Riozinho Claro,Pizzaria,Aline Duarte,Sérgio Gonçalves,mensal,2021-08,atrito,
293,Mercadinho Bom Retiro,Sertão Novo,Minimercado,Silvana Silva,Vinícius Barbosa,mensal,2025-08,normal,
294,Cantina Rio Claro,Itaquerê,Restaurante,Silvana Andrade,Amanda Machado,mensal,2021-08,normal,
295,Panificadora Flor de Sal,Bela Corrente,Padaria,Cláudia Correia,Vinícius Barbosa,esporadico,2021-08,atrito,
296,Pizzaria Pitanga,Guaraúna,Pizzaria,Aline Duarte,Sérgio Gonçalves,esporadico,2024-05,normal,
297,Minimercado Cravo 2,Guaraúna,Minimercado,Igor Bezerra,Amanda Machado,esporadico,2024-04,normal,
298,Ponto do Lanche Recanto,Passo Ruivo,Lanchonete,Sandra Cardoso,André Santos,mensal,2021-08,atrito,
299,Minimercado Rosa dos Ventos 3,Tabuleiro Alto,Minimercado,Daniel Mendes,André Santos,mensal,2023-11,atrito,
300,Mercado Guarani 2,Passo Ruivo,Minimercado,Igor Bezerra,Amanda Machado,mensal,2024-06,atrito,
301,Cantina Candeia,Itaquerê,Restaurante,Sandra Cardoso,André Santos,esporadico,2021-08,normal,
302,Minimercado Pedra Alta 2,Fonte Limeira,Minimercado,Raquel Ferreira,Vinícius Barbosa,mensal,2022-08,normal,
303,Casa de Refeições Ipê Roxo,Tabuleiro Alto,Restaurante,Tatiane Sales,Mariana Cunha,mensal,2021-08,normal,
304,Sorveteria Ipanema Velha,Xambrê,Sorveteria,Aline Almeida,Sérgio Gonçalves,mensal,2021-08,normal,
305,Sorveteria Orquídea 2,Itaquerê,Sorveteria,Raquel Ferreira,Vinícius Barbosa,esporadico,2024-07,normal,
306,Buffet Ipanema Velha,Ribeira Funda,Buffet e Eventos,Tatiane Sales,Mariana Cunha,mensal,2021-08,atrito,
307,Panificadora Candeia,Várzea Comprida,Padaria,Débora Nunes,Sérgio Gonçalves,ciclico,2022-10,atrito,
308,Hamburgueria Encanto,Sertão Novo,Hamburgueria,Adriana Xavier,Eduardo Cardoso,ciclico,2024-08,normal,
309,Mercado Sabor Real,Piraquara do Oeste,Minimercado,Vanessa Teixeira,Sérgio Gonçalves,mensal,2021-08,normal,
310,Supermercado Mirante,Monte Cravo,Supermercado,Débora Nunes,Sérgio Gonçalves,mensal,2021-08,normal,
311,Minimercado Maré Alta,Umbuzeiro,Minimercado,Mauro Pacheco,Sérgio Oliveira,esporadico,2021-08,normal,
312,Restaurante Terra Boa,Jaraguandu,Restaurante,André Cardoso,Vinícius Barbosa,esporadico,2023-06,normal,
313,Mercado Sabor Real 2,Passo Ruivo,Minimercado,Vinícius Siqueira,Eduardo Cardoso,ciclico,2022-09,normal,
314,Lanches Bandeirante,Praia do Sino,Lanchonete,André Cardoso,Vinícius Barbosa,esporadico,2021-08,normal,
315,Pizza Rosa dos Ventos,Cravinho do Sul,Pizzaria,Wagner Braga,Sérgio Gonçalves,esporadico,2021-08,normal,
316,Casa de Refeições Olaria,Várzea Comprida,Restaurante,Sabrina Siqueira,Sérgio Oliveira,esporadico,2024-02,normal,
317,Mercado Figueira,Piraquara do Oeste,Minimercado,Cláudia Miranda,Mariana Cunha,mensal,2021-08,atrito,
318,Lanchonete Ouro Fino,Barra do Piraquê,Lanchonete,Débora Faria,Mariana Cunha,mensal,2024-07,normal,
319,Mercado Santa Clara,Lagoa Vermelha do Norte,Minimercado,Aline Duarte,Sérgio Gonçalves,mensal,2023-07,normal,
320,Restaurante Ouro Fino,São Braz do Campo,Restaurante,Wagner Braga,Sérgio Gonçalves,mensal,2024-10,normal,
321,Pizza Lagoa Azul,Olho d'Água Grande,Pizzaria,Igor Bezerra,Amanda Machado,ciclico,2021-08,normal,
322,Buffet Rio Claro,Piraquara do Oeste,Buffet e Eventos,Murilo Alves,André Santos,mensal,2021-08,normal,
323,Cantina Ouro Fino,Fonte Limeira,Restaurante,Aline Pacheco,Mariana Cunha,ciclico,2021-08,atrito,
324,Mercado Recanto,Sertão Novo,Minimercado,Wagner Alves,Amanda Machado,ciclico,2025-02,normal,
325,Pizzaria Palmeira,Porto Bandeira,Pizzaria,Juliana Xavier,Mariana Cunha,mensal,2021-08,voltou,2025-10
326,Casa de Refeições Sol Nascente,Vila Aurora,Restaurante,Simone Maia,André Santos,esporadico,2023-09,normal,
327,Cafeteria Lagoa Azul,Riozinho Claro,Cafeteria,Marcos Almeida,Sérgio Oliveira,esporadico,2023-05,atrito,
328,Hamburgueria Sossego,Itaquerê,Hamburgueria,Cláudia Correia,Vinícius Barbosa,mensal,2026-01,normal,
329,Café Recanto,Barra do Piraquê,Cafeteria,Vinícius Siqueira,Eduardo Cardoso,mensal,2022-08,mix,2025-08
330,Cantina Flor de Sal 2,Marimbondo,Restaurante,Igor Bezerra,Amanda Machado,mensal,2024-11,atrito,
331,Atacado Vitória Régia,Quatro Cruzes,Atacadista,Mariana Oliveira,Eduardo Cardoso,esporadico,2022-10,atrito,
332,Pizza Tijuca Velha,Bela Corrente,Pizzaria,Isabela Guimarães,André Santos,mensal,2022-10,atrito,
333,Café Sabor Real,Palmeira Torta,Cafeteria,Vanessa Teixeira,Sérgio Gonçalves,mensal,2021-08,normal,
334,Super Nova Era,Fonte Limeira,Supermercado,Simone Maia,André Santos,mensal,2021-08,degrau,2025-11
335,Mercadinho Mirante,Vila Aurora,Minimercado,Murilo Alves,André Santos,mensal,2021-08,normal,
336,Mercado Umbu,Quatro Cruzes,Minimercado,Vanessa Teixeira,Sérgio Gonçalves,ciclico,2021-08,atrito,
337,Minimercado Dois Irmãos,Campo Ferrugem,Minimercado,Marcos Almeida,Sérgio Oliveira,mensal,2025-08,atrito,
338,Mercadinho Estrela,Marimbondo,Minimercado,Kelly Carvalho,Sérgio Gonçalves,mensal,2024-12,atrito,
339,Restaurante Nova Era,Olho d'Água Grande,Restaurante,Emerson Carvalho,Eduardo Cardoso,esporadico,2021-08,atrito,
340,Minimercado Chapada,Palmeira Torta,Minimercado,Aline Duarte,Sérgio Gonçalves,mensal,2025-06,normal,
341,Padaria e Confeitaria Estrela,Alto Sereno,Padaria,Wesley Lima,Sérgio Oliveira,mensal,2021-08,normal,
342,Mercadinho Horizonte,Itaquerê,Minimercado,Aline Araújo,André Santos,esporadico,2021-08,atrito,
343,Mercadinho Bandeirante 3,Ipê Sereno,Minimercado,Adriana Xavier,Eduardo Cardoso,mensal,2024-03,atrito,
344,Café Pequi,Tabuleiro Alto,Cafeteria,Joana Medeiros,Vinícius Barbosa,esporadico,2024-09,normal,
345,Sorveteria Paraíso,Praia do Sino,Sorveteria,Emerson Pinheiro,Vinícius Barbosa,mensal,2021-08,normal,
346,Restaurante Aurora 2,Olho d'Água Grande,Restaurante,Wagner Braga,Sérgio Gonçalves,mensal,2024-03,atrito,
347,Cantina Chapada,Itaquerê,Restaurante,Paulo Correia,Eduardo Cardoso,esporadico,2021-08,atrito,
348,Pizza Aurora 2,Vila Aurora,Pizzaria,Letícia Ferreira,Sérgio Oliveira,mensal,2023-08,normal,
349,Gelateria Orquídea,Palmeira Torta,Sorveteria,Marcos Almeida,Sérgio Oliveira,ciclico,2021-08,normal,
350,Cantina Dois Irmãos 2,Praia do Sino,Restaurante,Wesley Siqueira,Amanda Machado,ciclico,2025-04,normal,
351,Padaria Paraíso,Vila Cascata,Padaria,Elaine Lopes,Vinícius Barbosa,esporadico,2025-07,atrito,
352,Mercadinho Dois Irmãos,Piraquara do Oeste,Minimercado,Igor Rodrigues,Eduardo Cardoso,mensal,2021-08,atrito,
353,Mercado Pitanga,Xambrê,Minimercado,André Batista,Sérgio Oliveira,mensal,2021-08,atrito,
354,Padaria e Confeitaria Xodó,Palmeira Torta,Padaria,Fernanda Sampaio,Sérgio Gonçalves,mensal,2022-03,normal,
355,Pizza Aurora 3,Santa Ilha,Pizzaria,Aline Pacheco,Mariana Cunha,mensal,2022-07,atrito,
356,Padaria e Confeitaria Figueira,Lagoa Vermelha do Norte,Padaria,Wagner Braga,Sérgio Gonçalves,mensal,2021-08,normal,
357,Lanchonete Raiz Forte,Três Bicas,Lanchonete,Patrícia Braga,André Santos,mensal,2021-08,mix,2025-07
358,Restaurante Encanto,Porto Bandeira,Restaurante,Daniel Mendes,André Santos,esporadico,2021-08,normal,
359,Panificadora Candeia 2,Olho d'Água Grande,Padaria,Wagner Rodrigues,Mariana Cunha,mensal,2021-08,atrito,
360,Mercado Central 2,Olho d'Água Grande,Minimercado,Wagner Martins,Amanda Machado,mensal,2022-12,normal,
361,Hamburgueria Olaria,Palmeira Torta,Hamburgueria,Natália Almeida,Vinícius Barbosa,mensal,2021-08,atrito,
362,Supermercado Sabor Real,Ribeira Funda,Supermercado,Bruno Nogueira,Sérgio Oliveira,mensal,2025-01,normal,
363,Açaiteria Guarani,Umbuzeiro,Açaiteria,Aline Pacheco,Mariana Cunha,ciclico,2023-05,atrito,
364,Pizzaria Ponte Velha,São Braz do Campo,Pizzaria,Sabrina Siqueira,Sérgio Oliveira,mensal,2021-08,normal,
365,Lanchonete Mirante,Olho d'Água Grande,Lanchonete,Igor Batista,Amanda Machado,esporadico,2021-08,normal,
366,Mercado Ipê Roxo 2,Ipê Sereno,Minimercado,Antônio Freitas,Vinícius Barbosa,ciclico,2024-02,normal,
367,Atacadão Olaria,Umbuzeiro,Atacadista,Viviane Soares,Mariana Cunha,mensal,2021-08,atrito,
368,Supermercado Palmeira,Sertão Novo,Supermercado,Nelson Nunes,Eduardo Cardoso,mensal,2023-05,atrito,
369,Pizzaria Tucano,Porto Bandeira,Pizzaria,Vinícius Siqueira,Eduardo Cardoso,ciclico,2025-06,normal,
370,Panificadora Pitanga,Olho d'Água Grande,Padaria,Roberta Nogueira,André Santos,mensal,2023-10,atrito,
371,Burger Lagoa Azul,Encosta Nova,Hamburgueria,Rafael Teixeira,Sérgio Oliveira,mensal,2021-09,normal,
372,Padaria Horizonte,Figueira Branca,Padaria,Antônio Freitas,Vinícius Barbosa,mensal,2022-06,normal,
373,Lanches Quintal,Figueira Branca,Lanchonete,Aline Duarte,Sérgio Gonçalves,mensal,2024-06,normal,
374,Pizzaria Vitória Régia,Quatro Cruzes,Pizzaria,Patrícia Braga,André Santos,mensal,2021-08,atrito,
375,Padaria e Confeitaria Vitória Régia,Porto Bandeira,Padaria,Aline Pacheco,Mariana Cunha,ciclico,2021-08,atrito,
376,Distribuidora Terra Boa,Umbuzeiro,Atacadista,Aline Andrade,Sérgio Gonçalves,ciclico,2024-02,atrito,
377,Mercadinho Estrela 2,Quatro Cruzes,Minimercado,Silvana Silva,Vinícius Barbosa,mensal,2025-05,atrito,
378,Mercadinho Santa Clara,Jaraguandu,Minimercado,Fernanda Sampaio,Sérgio Gonçalves,ciclico,2025-02,normal,
379,Pizza Estrela,Alto Sereno,Pizzaria,Murilo Alves,André Santos,ciclico,2021-08,normal,
380,Minimercado Primavera,São Braz do Campo,Minimercado,Jorge Sousa,Vinícius Barbosa,ciclico,2023-03,normal,
381,Pizza Pinheiro 2,Marimbondo,Pizzaria,Aline Pacheco,Mariana Cunha,ciclico,2023-12,atrito,
382,Ponto do Lanche Raiz Forte,Guaraúna,Lanchonete,Cláudia Correia,Vinícius Barbosa,esporadico,2023-11,atrito,
383,Cantina Juriti,Passo Ruivo,Restaurante,Helena Vieira,Amanda Machado,mensal,2023-06,normal,
384,Restaurante Moinho,Sertão Novo,Restaurante,Helena Vieira,Amanda Machado,ciclico,2021-08,atrito,
385,Cantina Orquídea,Umbuzeiro,Restaurante,Vinícius Siqueira,Eduardo Cardoso,mensal,2021-08,normal,
386,Cantina Primavera 2,Pedra Molhada,Restaurante,Vanessa Teixeira,Sérgio Gonçalves,esporadico,2021-08,atrito,
387,Ponto do Lanche Raiz Forte 2,Guaraúna,Lanchonete,Igor Bezerra,Amanda Machado,ciclico,2021-11,atrito,
388,Distribuidora Bom Retiro,Piraquara do Oeste,Atacadista,Sabrina Andrade,Vinícius Barbosa,esporadico,2022-03,atrito,
389,Panificadora Luar,Jaraguandu,Padaria,Débora Nunes,Sérgio Gonçalves,esporadico,2024-11,normal,
390,Super Ouro Fino 2,Xambrê,Supermercado,Silvana Andrade,Amanda Machado,esporadico,2023-06,normal,
391,Gelateria Sempre Viva,Guaraúna,Sorveteria,Rafael Teixeira,Sérgio Oliveira,mensal,2021-08,atrito,
392,Super Capim Doce,Tabuleiro Alto,Supermercado,Letícia Ferreira,Sérgio Oliveira,esporadico,2022-05,normal,
393,Gelateria Primavera,Santa Ilha,Sorveteria,Wesley Lima,Sérgio Oliveira,mensal,2025-02,normal,
394,Lanches Ponte Velha,Passo Ruivo,Lanchonete,Vinícius Carvalho,Amanda Machado,ciclico,2021-08,normal,
395,Padaria Ipanema Velha 2,Umbuzeiro,Padaria,Joana Medeiros,Vinícius Barbosa,mensal,2022-08,mix,2025-11
396,Conveniência Quintal,Santa Ilha,Loja de Conveniência,Gustavo Fonseca,Mariana Cunha,esporadico,2021-08,atrito,
397,Casa do Café Bom Retiro,Santa Ilha,Cafeteria,Simone Maia,André Santos,esporadico,2021-08,normal,
398,Padaria Central,Nova Aurora do Vale,Padaria,Aline Duarte,Sérgio Gonçalves,mensal,2021-08,voltou,2026-02
399,Burger Pinheiro,Vista Alegre do Ipê,Hamburgueria,Carlos Teixeira,Eduardo Cardoso,mensal,2023-09,normal,
400,Cafeteria Aurora,Serra Cansada,Cafeteria,Aline Duarte,Sérgio Gonçalves,esporadico,2021-08,normal,
401,Super Estrela,Monte Cravo,Supermercado,Sandra Cardoso,André Santos,esporadico,2021-08,atrito,
402,Supermercado Pinheiro,Itaquerê,Supermercado,Diego Martins,Sérgio Gonçalves,esporadico,2026-01,normal,
403,Mercado Encanto,Bela Corrente,Minimercado,Gabriel Ferreira,André Santos,mensal,2022-10,normal,
404,Conveniência Santa Clara 2,Piraquara do Oeste,Loja de Conveniência,Igor Bezerra,Amanda Machado,ciclico,2021-08,normal,
405,Casa de Refeições Olaria 2,Olho d'Água Grande,Restaurante,Igor Bezerra,Amanda Machado,mensal,2021-08,normal,
406,Padaria Maracanã Velho,Fonte Limeira,Padaria,Simone Maia,André Santos,esporadico,2021-08,normal,
407,Mercado Capim Doce,Vila Aurora,Minimercado,Helena Gonçalves,André Santos,mensal,2021-08,parada,2025-06
408,Atacado Encanto,Ribeira Funda,Atacadista,César Araújo,Vinícius Barbosa,mensal,2021-08,atrito,
409,Padaria Vila Nova,Vila Aurora,Padaria,Murilo Alves,André Santos,esporadico,2023-08,normal,
410,Ponto do Lanche Esperança 2,Umbuzeiro,Lanchonete,Débora Maia,Eduardo Cardoso,mensal,2022-08,normal,
411,Panificadora Maracanã Velho,Quatro Cruzes,Padaria,Isabela Guimarães,André Santos,ciclico,2021-08,normal,
412,Mercadinho Chapada 2,São Braz do Campo,Minimercado,Emerson Pinheiro,Vinícius Barbosa,ciclico,2021-08,normal,
413,Restaurante Tamarindo,Vista Alegre do Ipê,Restaurante,João Cavalcanti,Eduardo Cardoso,mensal,2021-08,normal,
414,Ponto do Lanche Capim Doce,Lagoa Vermelha do Norte,Lanchonete,Mauro Pacheco,Sérgio Oliveira,esporadico,2021-08,normal,
415,Ponto do Lanche Paraíso,Ipê Sereno,Lanchonete,Emerson Pinheiro,Vinícius Barbosa,ciclico,2021-08,normal,
416,Casa de Refeições Santa Clara,Fonte Limeira,Restaurante,Igor Bezerra,Amanda Machado,ciclico,2024-02,normal,
417,Panificadora Umbu 2,Olho d'Água Grande,Padaria,Vinícius Carvalho,Amanda Machado,mensal,2021-08,normal,
418,Conveniência Orquídea,Serra Cansada,Loja de Conveniência,Lucas Braga,André Santos,mensal,2021-08,normal,
419,Mercadinho Lagoa Azul,Quatro Cruzes,Minimercado,João Cavalcanti,Eduardo Cardoso,ciclico,2021-08,atrito,
420,Minimercado Dois Irmãos 2,Cravinho do Sul,Minimercado,Sandra Cardoso,André Santos,mensal,2024-09,normal,
421,Pizza Farol 2,Barra do Piraquê,Pizzaria,Sabrina Siqueira,Sérgio Oliveira,esporadico,2024-04,normal,
422,Panificadora Terra Boa,Guaraúna,Padaria,Débora Nunes,Sérgio Gonçalves,ciclico,2021-08,atrito,
423,Supermercado Brisa,Xambrê,Supermercado,César Araújo,Vinícius Barbosa,mensal,2025-09,normal,
424,Cantina Candeia 2,Tabuleiro Alto,Restaurante,Geraldo Cavalcanti,Mariana Cunha,mensal,2021-08,normal,
425,Panificadora Xodó,Vila Cascata,Padaria,Cláudia Miranda,Mariana Cunha,mensal,2021-08,atrito,
426,Açaiteria Pedra Alta,Lagoa Vermelha do Norte,Açaiteria,Joana Medeiros,Vinícius Barbosa,ciclico,2021-08,atrito,
427,Panificadora Santa Clara,Vila Cascata,Padaria,Aline Duarte,Sérgio Gonçalves,esporadico,2024-11,atrito,
428,Cantina Rosa dos Ventos,Vila Aurora,Restaurante,Gabriel Ferreira,André Santos,mensal,2021-08,normal,
429,Panificadora Luar 2,Encosta Nova,Padaria,Wesley Lima,Sérgio Oliveira,ciclico,2021-08,atrito,
430,Casa de Refeições Jacarandá 2,Ipê Sereno,Restaurante,Sandra Cardoso,André Santos,mensal,2021-08,normal,
431,Açaí Pedra Alta,Campo Ferrugem,Açaiteria,Wesley Lima,Sérgio Oliveira,esporadico,2022-04,normal,
432,Mercado Aurora,Riozinho Claro,Minimercado,Kelly Carvalho,Sérgio Gonçalves,mensal,2021-08,parada,2025-09
433,Padaria e Confeitaria Maracanã Velho,Santa Ilha,Padaria,Gustavo Fonseca,Mariana Cunha,mensal,2021-11,atrito,
434,Casa de Refeições Vitória Régia,Vale Formoso do Norte,Restaurante,Igor Bezerra,Amanda Machado,esporadico,2021-08,atrito,
435,Atacado Flor de Sal,Figueira Branca,Atacadista,Roberta Pinheiro,Amanda Machado,mensal,2023-06,normal,
436,Mercado São Jorge,Serra Cansada,Minimercado,Márcia Sales,Sérgio Oliveira,esporadico,2021-08,normal,
437,Pizzaria Flor de Sal 2,Praia do Sino,Pizzaria,Bruno Nogueira,Sérgio Oliveira,mensal,2022-02,normal,
438,Supermercado Cascata,Vila Cascata,Supermercado,Silvana Santos,Mariana Cunha,esporadico,2025-04,atrito,
439,Padaria Bom Retiro,Marimbondo,Padaria,Vanessa Teixeira,Sérgio Gonçalves,mensal,2022-12,normal,
440,Padaria Sabor Real 3,Guaraúna,Padaria,Isabela Guimarães,André Santos,mensal,2021-08,normal,
441,Pizza Bela Vista,Palmeira Torta,Pizzaria,Paulo Correia,Eduardo Cardoso,mensal,2022-12,atrito,
442,Restaurante Brisa,Bela Corrente,Restaurante,Elaine Lopes,Vinícius Barbosa,mensal,2021-08,atrito,
443,Minimercado Varanda,Ipê Sereno,Minimercado,Adriana Ferreira,André Santos,esporadico,2021-08,atrito,
444,Padaria Ponte Velha,Guaraúna,Padaria,Aline Duarte,Sérgio Gonçalves,mensal,2021-08,sangramento,2025-08
445,Pizza Estrela 2,Tabuleiro Alto,Pizzaria,Juliana Pinheiro,Sérgio Gonçalves,ciclico,2022-03,atrito,
446,Café Doce Lar,Jaraguandu,Cafeteria,Isabela Guimarães,André Santos,mensal,2021-08,normal,
447,Panificadora Varanda,Nova Aurora do Vale,Padaria,Aline Almeida,Sérgio Gonçalves,esporadico,2023-04,normal,
448,Padaria e Confeitaria Ponte Velha,Santa Ilha,Padaria,Kelly Santos,Eduardo Cardoso,mensal,2021-08,mix,2025-12
449,Mercadinho Santa Clara 2,Pedra Molhada,Minimercado,Aline Duarte,Sérgio Gonçalves,mensal,2026-04,normal,
450,Eventos Encanto,Figueira Branca,Buffet e Eventos,Murilo Alves,André Santos,ciclico,2021-08,atrito,
451,Ponto do Lanche Vitória Régia,Pedra Molhada,Lanchonete,Aline Duarte,Sérgio Gonçalves,esporadico,2024-12,atrito,
452,Cantina Cerrado,Várzea Comprida,Restaurante,Aline Araújo,André Santos,esporadico,2021-09,normal,
453,Pizza Esperança,Quatro Cruzes,Pizzaria,Rodrigo Dias,Vinícius Barbosa,mensal,2021-08,sangramento,2025-09
454,Mercado Doce Lar,Umbuzeiro,Minimercado,Aline Almeida,Sérgio Gonçalves,mensal,2021-08,atrito,
455,Supermercado Tucano,Palmeira Torta,Supermercado,Ricardo Teixeira,Sérgio Gonçalves,ciclico,2021-08,normal,
456,Atacadão Pitanga 2,Várzea Comprida,Atacadista,Roberta Pinheiro,Amanda Machado,mensal,2023-07,normal,
457,Padaria e Confeitaria Pedra Alta,Santa Ilha,Padaria,Aline Pacheco,Mariana Cunha,mensal,2021-08,normal,
458,Restaurante Jacarandá,Palmeira Torta,Restaurante,Wagner Braga,Sérgio Gonçalves,mensal,2021-08,atrito,
459,Panificadora Veredas,Campo Ferrugem,Padaria,Viviane Soares,Mariana Cunha,esporadico,2024-09,atrito,
460,Padaria e Confeitaria Santa Clara,Várzea Comprida,Padaria,Joana Medeiros,Vinícius Barbosa,esporadico,2021-09,atrito,
461,Supermercado Jacarandá,Barra do Piraquê,Supermercado,Sabrina Siqueira,Sérgio Oliveira,esporadico,2021-08,normal,
462,Pizza Jacarandá,Fonte Limeira,Pizzaria,Wagner Braga,Sérgio Gonçalves,esporadico,2021-08,atrito,
463,Supermercado Terra Boa,Barra do Piraquê,Supermercado,Leandro Cunha,Amanda Machado,mensal,2021-08,normal,
464,Café Palmeira,Nova Aurora do Vale,Cafeteria,Aline Almeida,Sérgio Gonçalves,mensal,2022-10,normal,
465,Mercadinho Porto Seguro Velho,Xambrê,Minimercado,Ricardo Teixeira,Sérgio Gonçalves,mensal,2021-12,atrito,
466,Mercado Serrana,Barra do Piraquê,Minimercado,Yara Coelho,Sérgio Oliveira,mensal,2024-02,normal,
467,Supermercado Pequi,Ipê Sereno,Supermercado,Geraldo Cavalcanti,Mariana Cunha,mensal,2023-03,normal,
468,Casa de Refeições Tucano 2,Serra Cansada,Restaurante,Sandra Cardoso,André Santos,mensal,2021-08,normal,
469,Atacado Orquídea,Ribeira Funda,Atacadista,Aline Duarte,Sérgio Gonçalves,mensal,2021-08,normal,
470,Pizza Candeia,Jaraguandu,Pizzaria,Aline Almeida,Sérgio Gonçalves,mensal,2021-08,voltou,2026-02
471,Panificadora Quintal,Barra do Piraquê,Padaria,Paulo Correia,Eduardo Cardoso,mensal,2021-12,normal,
472,Mercado Maré Alta,Olho d'Água Grande,Minimercado,Carlos Teixeira,Eduardo Cardoso,mensal,2025-07,normal,
473,Buffet Bela Vista,Quatro Cruzes,Buffet e Eventos,César Lopes,Mariana Cunha,mensal,2026-04,normal,
474,Super Girassol,Vila Cascata,Supermercado,Wagner Braga,Sérgio Gonçalves,esporadico,2026-02,normal,
475,Lanches Serrana,Encosta Nova,Lanchonete,Aline Duarte,Sérgio Gonçalves,mensal,2024-11,atrito,
476,Mercado Ipê Roxo 3,Monte Cravo,Minimercado,Helena Gonçalves,André Santos,esporadico,2021-08,normal,
477,Cantina Jacarandá 2,Sertão Novo,Restaurante,Wagner Alves,Amanda Machado,mensal,2021-12,mix,2025-12
478,Padaria Moinho,Olho d'Água Grande,Padaria,Aline Pacheco,Mariana Cunha,esporadico,2021-08,atrito,
479,Casa de Refeições Esperança,Taquaruçu do Meio,Restaurante,Vanessa Teixeira,Sérgio Gonçalves,ciclico,2024-02,normal,
480,Casa de Refeições Tijuca Velha,Tabuleiro Alto,Restaurante,Cláudia Correia,Vinícius Barbosa,mensal,2021-08,normal,
481,Lanches Umbu,Olho d'Água Grande,Lanchonete,Adriana Xavier,Eduardo Cardoso,mensal,2023-12,normal,
482,Ponto do Lanche Vale Verde,Alto Sereno,Lanchonete,Joana Medeiros,Vinícius Barbosa,mensal,2023-06,atrito,
483,Restaurante Cascata,Riozinho Claro,Restaurante,Simone Maia,André Santos,mensal,2021-09,atrito,
484,Burger Sossego,Vale Formoso do Norte,Hamburgueria,Débora Maia,Eduardo Cardoso,esporadico,2021-08,normal,
485,Padaria Rosa dos Ventos,Olho d'Água Grande,Padaria,Simone Maia,André Santos,mensal,2021-08,normal,
486,Gelateria Lagoa Azul,Marimbondo,Sorveteria,Aline Duarte,Sérgio Gonçalves,esporadico,2025-12,normal,
487,Mercadinho Ouro Fino,Vale Formoso do Norte,Minimercado,Vanessa Teixeira,Sérgio Gonçalves,esporadico,2023-01,normal,
488,Super Moinho 2,Cravinho do Sul,Supermercado,Roberta Nogueira,André Santos,mensal,2021-08,normal,
489,Padaria e Confeitaria Sossego,Monte Cravo,Padaria,Juliana Xavier,Mariana Cunha,esporadico,2025-01,normal,
490,Mercadinho Chapada 3,Passo Ruivo,Minimercado,Renata Cardoso,Sérgio Gonçalves,mensal,2023-11,normal,
491,Restaurante Pedra Alta,Passo Ruivo,Restaurante,Wagner Braga,Sérgio Gonçalves,mensal,2021-08,atrito,
492,Mercadinho Jacarandá,Ipê Sereno,Minimercado,Gustavo Vasconcelos,Amanda Machado,esporadico,2024-02,normal,
493,Restaurante Farol 2,Olho d'Água Grande,Restaurante,Vanessa Teixeira,Sérgio Gonçalves,mensal,2024-11,normal,
494,Mercadinho Vitória Régia 2,Jaraguandu,Minimercado,Gustavo Vasconcelos,Amanda Machado,esporadico,2021-08,normal,
495,Sorveteria Brisa,Três Bicas,Sorveteria,Mauro Pacheco,Sérgio Oliveira,mensal,2022-08,atrito,
496,Restaurante Ponte Velha,Cravinho do Sul,Restaurante,Sabrina Siqueira,Sérgio Oliveira,mensal,2026-01,normal,
497,Açaí Recanto,Vila Aurora,Açaiteria,Mariana Oliveira,Eduardo Cardoso,ciclico,2021-08,normal,
498,Lanches Chapada,Guaraúna,Lanchonete,Aline Araújo,André Santos,ciclico,2023-11,atrito,
499,Padaria Ipanema Velha 3,Três Bicas,Padaria,Gabriel Ferreira,André Santos,esporadico,2022-03,atrito,
500,Burger Vale Verde,Sertão Novo,Hamburgueria,Murilo Alves,André Santos,mensal,2021-08,normal,
501,Eventos Pequi,Riozinho Claro,Buffet e Eventos,Vinícius Carvalho,Amanda Machado,esporadico,2021-08,atrito,
502,Pizza Pinheiro 3,Encosta Nova,Pizzaria,Emerson Pinheiro,Vinícius Barbosa,mensal,2021-08,normal,
503,Padaria e Confeitaria Esperança 2,Taquaruçu do Meio,Padaria,Aline Duarte,Sérgio Gonçalves,ciclico,2024-08,atrito,
504,Supermercado Moinho 3,Fonte Limeira,Supermercado,César Araújo,Vinícius Barbosa,mensal,2021-08,normal,
505,Casa de Refeições Horizonte 2,Taquaruçu do Meio,Restaurante,Juliana Pinheiro,Sérgio Gonçalves,esporadico,2025-02,atrito,
506,Padaria Trigal,Três Bicas,Padaria,Ricardo Teixeira,Sérgio Gonçalves,esporadico,2021-08,atrito,
507,Mercadinho Serrana,Marimbondo,Minimercado,Igor Bezerra,Amanda Machado,ciclico,2021-08,normal,
508,Panificadora Vila Nova,Vale Formoso do Norte,Padaria,Rafael Teixeira,Sérgio Oliveira,esporadico,2024-09,atrito,
509,Gelateria São Jorge,Monte Cravo,Sorveteria,Igor Bezerra,Amanda Machado,mensal,2021-08,atrito,
510,Mercado Maré Alta 2,Vila Cascata,Minimercado,Kelly Carvalho,Sérgio Gonçalves,esporadico,2021-12,atrito,
511,Pizzaria Quintal,Barra do Piraquê,Pizzaria,Tatiane Sales,Mariana Cunha,ciclico,2025-05,atrito,
512,Eventos Recanto,Fonte Limeira,Buffet e Eventos,Murilo Alves,André Santos,mensal,2021-08,normal,
513,Lanches Terra Boa,Riozinho Claro,Lanchonete,Wesley Lima,Sérgio Oliveira,mensal,2022-07,mix,2025-10
514,Lanchonete Nova Era 2,Umbuzeiro,Lanchonete,Vanessa Teixeira,Sérgio Gonçalves,ciclico,2021-08,normal,
515,Buffet Chapada,Olho d'Água Grande,Buffet e Eventos,Antônio Freitas,Vinícius Barbosa,esporadico,2023-09,normal,
516,Panificadora Recanto 2,Três Bicas,Padaria,Aline Pacheco,Mariana Cunha,esporadico,2022-11,atrito,
517,Atacadão Umbu,Cravinho do Sul,Atacadista,Adriana Xavier,Eduardo Cardoso,ciclico,2021-08,normal,
518,Restaurante Estrela 2,Taquaruçu do Meio,Restaurante,Yara Coelho,Sérgio Oliveira,mensal,2021-08,atrito,
519,Buffet Pequi,Cravinho do Sul,Buffet e Eventos,Wagner Braga,Sérgio Gonçalves,mensal,2021-08,mix,2025-10
520,Padaria Capim Doce 2,Bela Corrente,Padaria,Helena Vieira,Amanda Machado,mensal,2021-08,normal,
521,Burger Rio Claro,Vista Alegre do Ipê,Hamburgueria,Adriana Ferreira,André Santos,esporadico,2025-08,atrito,
522,Mercadinho Jatobá,Jaraguandu,Minimercado,Emerson Pinheiro,Vinícius Barbosa,mensal,2023-08,normal,
523,Sorveteria Tijuca Velha,Vista Alegre do Ipê,Sorveteria,Igor Bezerra,Amanda Machado,esporadico,2021-08,normal,
524,Lanchonete Figueira,Ipê Sereno,Lanchonete,Mauro Pacheco,Sérgio Oliveira,mensal,2024-04,atrito,
525,Pizzaria Nascente,Quatro Cruzes,Pizzaria,Débora Faria,Mariana Cunha,mensal,2021-08,mix,2025-09
526,Mercado Pitanga 2,Sertão Novo,Minimercado,Jaqueline Alves,Sérgio Oliveira,esporadico,2021-08,atrito,
527,Casa do Café Vitória Régia,Várzea Comprida,Cafeteria,Silvana Silva,Vinícius Barbosa,mensal,2021-08,atrito,
528,Panificadora Vitória Régia 2,Piraquara do Oeste,Padaria,Wagner Alves,Amanda Machado,mensal,2024-05,normal,
529,Restaurante Bom Retiro,Nova Aurora do Vale,Restaurante,Aline Araújo,André Santos,ciclico,2021-08,atrito,
530,Minimercado Trigal,Guaraúna,Minimercado,Helena Gonçalves,André Santos,mensal,2023-03,atrito,
531,Pizza Juriti,Praia do Sino,Pizzaria,Aline Pacheco,Mariana Cunha,ciclico,2021-08,atrito,
532,Minimercado Farol,Várzea Comprida,Minimercado,Fernanda Sampaio,Sérgio Gonçalves,esporadico,2021-12,atrito,
533,Restaurante Sol Nascente,Porto Bandeira,Restaurante,Rafael Teixeira,Sérgio Oliveira,mensal,2026-02,normal,
534,Casa de Refeições Central,Taquaruçu do Meio,Restaurante,Vanessa Teixeira,Sérgio Gonçalves,mensal,2024-08,atrito,
535,Panificadora Recanto 3,Fonte Limeira,Padaria,Rafael Teixeira,Sérgio Oliveira,mensal,2021-08,normal,
536,Mercadinho Cravo,Quatro Cruzes,Minimercado,Jorge Sousa,Vinícius Barbosa,mensal,2021-08,parada,2025-08
537,Padaria Olaria,Lagoa Vermelha do Norte,Padaria,Gustavo Fonseca,Mariana Cunha,ciclico,2026-03,normal,
538,Minimercado Central,Passo Ruivo,Minimercado,Juliana Pinheiro,Sérgio Gonçalves,mensal,2021-08,normal,
539,Mercadinho Raiz Forte 2,Santa Ilha,Minimercado,Flávio Nogueira,Sérgio Oliveira,ciclico,2021-08,atrito,
540,Mercadinho Ponte Velha,Xambrê,Minimercado,Igor Bezerra,Amanda Machado,ciclico,2022-05,atrito,
541,Burger Rio Claro 2,Monte Cravo,Hamburgueria,Marcos Almeida,Sérgio Oliveira,ciclico,2021-10,atrito,
542,Mercadinho Fonte Nova,Porto Bandeira,Minimercado,Marcos Bezerra,Amanda Machado,esporadico,2025-07,atrito,
543,Cafeteria Vale Verde,Umbuzeiro,Cafeteria,Aline Duarte,Sérgio Gonçalves,esporadico,2021-08,atrito,
544,Restaurante Oliveira,Várzea Comprida,Restaurante,Isabela Lopes,Mariana Cunha,ciclico,2024-02,atrito,
545,Pizzaria Tijuca Velha 2,Bela Corrente,Pizzaria,Jorge Sousa,Vinícius Barbosa,esporadico,2023-05,normal,
546,Lanchonete Nova Era 3,Guaraúna,Lanchonete,Tatiane Sales,Mariana Cunha,mensal,2021-08,normal,
547,Café Tucano,Itaquerê,Cafeteria,Wagner Alves,Amanda Machado,ciclico,2021-08,atrito,
548,Pizzaria Pinheiro,Vila Aurora,Pizzaria,Isabela Lopes,Mariana Cunha,mensal,2021-08,normal,
549,Restaurante Sossego,Vale Formoso do Norte,Restaurante,Silvana Andrade,Amanda Machado,ciclico,2021-08,atrito,
550,Pizzaria Recanto,Palmeira Torta,Pizzaria,Murilo Alves,André Santos,ciclico,2025-11,normal,
551,Mercadinho Vitória Régia 3,Xambrê,Minimercado,Silvana Andrade,Amanda Machado,mensal,2023-04,normal,
552,Loja Fonte Nova,Taquaruçu do Meio,Loja de Conveniência,Vanessa Teixeira,Sérgio Gonçalves,esporadico,2026-01,normal,
553,Ponto do Lanche Veredas,Serra Cansada,Lanchonete,Aline Almeida,Sérgio Gonçalves,ciclico,2025-08,normal,
554,Panificadora Fonte Nova,Ribeira Funda,Padaria,Márcia Sales,Sérgio Oliveira,mensal,2021-08,normal,
555,Padaria e Confeitaria Nova Era,Monte Cravo,Padaria,Kelly Santos,Eduardo Cardoso,esporadico,2021-08,normal,
556,Mercado Cerrado,Vale Formoso do Norte,Minimercado,Daniel Mendes,André Santos,ciclico,2021-08,normal,
557,Cantina Guarani,Porto Bandeira,Restaurante,Mariana Oliveira,Eduardo Cardoso,mensal,2021-08,atrito,
558,Restaurante Sol Nascente 2,Tabuleiro Alto,Restaurante,Vinícius Carvalho,Amanda Machado,mensal,2021-08,normal,
559,Lanchonete Maracanã Velho,Riozinho Claro,Lanchonete,Isabela Guimarães,André Santos,esporadico,2021-08,atrito,
560,Conveniência Ipê Roxo,Ipê Sereno,Loja de Conveniência,Aline Duarte,Sérgio Gonçalves,mensal,2021-08,parada,2026-05
561,Sorveteria Cerrado,Santa Ilha,Sorveteria,Raquel Ferreira,Vinícius Barbosa,mensal,2024-03,atrito,
562,Panificadora Candeia 3,Marimbondo,Padaria,Helena Gonçalves,André Santos,esporadico,2025-03,normal,
563,Restaurante Cascata 2,Campo Ferrugem,Restaurante,Igor Bezerra,Amanda Machado,mensal,2023-11,atrito,
564,Cantina Xodó 2,Vila Cascata,Restaurante,João Cavalcanti,Eduardo Cardoso,mensal,2022-03,normal,
565,Mercadinho Xodó,Alto Sereno,Minimercado,Letícia Ferreira,Sérgio Oliveira,ciclico,2021-09,normal,
566,Loja Tucano,Ribeira Funda,Loja de Conveniência,Vinícius Siqueira,Eduardo Cardoso,ciclico,2024-07,normal,
567,Mercadinho Trigal,Vila Aurora,Minimercado,Aline Almeida,Sérgio Gonçalves,mensal,2021-08,atrito,
568,Eventos Jacarandá,Vila Aurora,Buffet e Eventos,Gustavo Vasconcelos,Amanda Machado,esporadico,2021-08,normal,
569,Padaria e Confeitaria Sabor Real,Vista Alegre do Ipê,Padaria,César Araújo,Vinícius Barbosa,ciclico,2021-08,normal,
570,Ponto do Lanche Chapada,Alto Sereno,Lanchonete,Helena Vieira,Amanda Machado,mensal,2021-08,atrito,
571,Gelateria Bela Vista,Encosta Nova,Sorveteria,Nelson Nunes,Eduardo Cardoso,esporadico,2021-08,normal,
572,Panificadora Oliveira,Guaraúna,Padaria,Aline Andrade,Sérgio Gonçalves,mensal,2021-08,atrito,
573,Padaria e Confeitaria Maré Alta,Lagoa Vermelha do Norte,Padaria,Silvana Silva,Vinícius Barbosa,mensal,2021-08,normal,
574,Casa de Refeições Oliveira,Cravinho do Sul,Restaurante,Sandra Cardoso,André Santos,esporadico,2025-11,normal,
575,Casa de Refeições Jacarandá 3,Campo Ferrugem,Restaurante,Cláudia Correia,Vinícius Barbosa,mensal,2022-04,atrito,
576,Burger Bandeirante,Tabuleiro Alto,Hamburgueria,Aline Duarte,Sérgio Gonçalves,mensal,2022-03,degrau,2025-07
577,Pizzaria Tamarindo,Alto Sereno,Pizzaria,Aline Duarte,Sérgio Gonçalves,ciclico,2021-08,atrito,
578,Café Veredas,Monte Cravo,Cafeteria,Nelson Nunes,Eduardo Cardoso,esporadico,2021-08,normal,
579,Hamburgueria Horizonte,Praia do Sino,Hamburgueria,Vanessa Teixeira,Sérgio Gonçalves,mensal,2025-05,normal,
580,Mercado Guarani 3,Sertão Novo,Minimercado,Elaine Lopes,Vinícius Barbosa,mensal,2021-08,voltou,2026-02
581,Super Nascente,Ribeira Funda,Supermercado,Vinícius Carvalho,Amanda Machado,mensal,2022-10,normal,
582,Panificadora Pedra Alta,Riozinho Claro,Padaria,Marcos Bezerra,Amanda Machado,ciclico,2021-08,normal,
583,Panificadora Serrana,Taquaruçu do Meio,Padaria,Diego Martins,Sérgio Gonçalves,esporadico,2025-09,normal,
584,Restaurante Sabor Real,Campo Ferrugem,Restaurante,César Araújo,Vinícius Barbosa,ciclico,2024-08,atrito,
585,Hamburgueria Recanto,Piraquara do Oeste,Hamburgueria,Tatiane Sales,Mariana Cunha,ciclico,2021-08,normal,
586,Pizzaria Pinheiro 2,Barra do Piraquê,Pizzaria,Aline Duarte,Sérgio Gonçalves,esporadico,2025-07,normal,
587,Açaiteria Palmeira,Cravinho do Sul,Açaiteria,Débora Nunes,Sérgio Gonçalves,mensal,2022-09,atrito,
588,Mercadinho Pedra Alta,Ipê Sereno,Minimercado,Joana Medeiros,Vinícius Barbosa,esporadico,2021-08,normal,
589,Cafeteria Ipê Roxo,Ribeira Funda,Cafeteria,Emerson Carvalho,Eduardo Cardoso,mensal,2021-08,degrau,2025-10
590,Mercadinho Cascata,Monte Cravo,Minimercado,Tatiane Sales,Mariana Cunha,ciclico,2021-08,normal,
591,Distribuidora Juriti,Ipê Sereno,Atacadista,Sabrina Siqueira,Sérgio Oliveira,mensal,2021-08,normal,
592,Super Vitória Régia,Três Bicas,Supermercado,Murilo Alves,André Santos,esporadico,2021-08,normal,
593,Açaiteria Xodó,Jaraguandu,Açaiteria,Leandro Cunha,Amanda Machado,mensal,2021-08,normal,
594,Mercado Pedra Alta 2,Serra Cansada,Minimercado,Letícia Ferreira,Sérgio Oliveira,mensal,2022-01,normal,
595,Eventos Rio Claro,Vila Cascata,Buffet e Eventos,André Batista,Sérgio Oliveira,mensal,2021-08,normal,
596,Casa de Refeições Orquídea,Pedra Molhada,Restaurante,Marcos Bezerra,Amanda Machado,mensal,2023-11,normal,
597,Panificadora Jacarandá,Cravinho do Sul,Padaria,Cláudia Correia,Vinícius Barbosa,mensal,2021-08,normal,
598,Supermercado Tijuca Velha,Três Bicas,Supermercado,Cláudia Correia,Vinícius Barbosa,ciclico,2026-04,normal,
599,Gelateria Girassol,Taquaruçu do Meio,Sorveteria,Jaqueline Alves,Sérgio Oliveira,esporadico,2023-01,atrito,
600,Ponto do Lanche Raiz Forte 3,Campo Ferrugem,Lanchonete,Lucas Braga,André Santos,mensal,2021-08,atrito,
601,Lanches Maracanã Velho,Lagoa Vermelha do Norte,Lanchonete,Elaine Lopes,Vinícius Barbosa,ciclico,2021-08,normal,
602,Padaria Jacarandá,Encosta Nova,Padaria,Débora Faria,Mariana Cunha,mensal,2026-02,normal,
603,Mercadinho Mirante 2,Piraquara do Oeste,Minimercado,Rafael Teixeira,Sérgio Oliveira,mensal,2023-12,normal,
604,Cantina Jatobá,Monte Cravo,Restaurante,Ricardo Teixeira,Sérgio Gonçalves,esporadico,2025-03,normal,
605,Ponto do Lanche Tijuca Velha 2,Figueira Branca,Lanchonete,Sabrina Siqueira,Sérgio Oliveira,mensal,2024-11,normal,
606,Panificadora Cerrado,Itaquerê,Padaria,Sandra Mendes,Sérgio Gonçalves,mensal,2021-09,normal,
607,Cantina Rio Claro 2,Fonte Limeira,Restaurante,Vinícius Carvalho,Amanda Machado,mensal,2021-08,atrito,
608,Casa de Refeições Recanto,Figueira Branca,Restaurante,Natália Almeida,Vinícius Barbosa,mensal,2023-05,normal,
609,Casa do Café Mirante,Santa Ilha,Cafeteria,Gabriel Ferreira,André Santos,mensal,2021-08,normal,
610,Panificadora Xodó 2,Itaquerê,Padaria,Silvana Silva,Vinícius Barbosa,ciclico,2021-08,normal,
611,Sorveteria Brisa 2,Praia do Sino,Sorveteria,Aline Andrade,Sérgio Gonçalves,mensal,2021-08,atrito,
612,Buffet Xodó,Encosta Nova,Buffet e Eventos,Kelly Carvalho,Sérgio Gonçalves,mensal,2021-08,normal,
613,Pizza Brisa,Fonte Limeira,Pizzaria,Gustavo Fonseca,Mariana Cunha,esporadico,2021-08,normal,
614,Padaria Orquídea,Porto Bandeira,Padaria,Wagner Rodrigues,Mariana Cunha,mensal,2022-01,atrito,
615,Mercado Pedra Alta 3,Palmeira Torta,Minimercado,Wesley Lima,Sérgio Oliveira,ciclico,2021-08,atrito,
616,Eventos Veredas,Serra Cansada,Buffet e Eventos,Roberta Nogueira,André Santos,mensal,2025-08,normal,
617,Pizzaria Tucano 2,Ribeira Funda,Pizzaria,Vinícius Carvalho,Amanda Machado,esporadico,2022-04,normal,
618,Atacadão Bom Retiro,Tabuleiro Alto,Atacadista,Vanessa Teixeira,Sérgio Gonçalves,mensal,2023-12,atrito,
619,Casa do Café Nascente,Sertão Novo,Cafeteria,Aline Andrade,Sérgio Gonçalves,mensal,2021-08,degrau,2025-10
620,Hamburgueria Raiz Forte 2,Serra Cansada,Hamburgueria,Yara Santos,Eduardo Cardoso,ciclico,2023-10,normal,
621,Gelateria Rio Claro 2,Quatro Cruzes,Sorveteria,Isabela Lopes,Mariana Cunha,ciclico,2021-08,normal,
622,Casa de Refeições Palmeira 2,Vila Cascata,Restaurante,Igor Bezerra,Amanda Machado,mensal,2021-08,normal,
623,Lanches Tucano,Praia do Sino,Lanchonete,Cláudia Correia,Vinícius Barbosa,mensal,2021-12,normal,
624,Cantina Lagoa Azul,Xambrê,Restaurante,Wagner Alves,Amanda Machado,mensal,2021-08,normal,
625,Mercadinho Xodó 2,Jaraguandu,Minimercado,Igor Bezerra,Amanda Machado,esporadico,2025-01,normal,
626,Hamburgueria Capim Doce,Encosta Nova,Hamburgueria,Adriana Xavier,Eduardo Cardoso,mensal,2024-03,normal,
627,Restaurante Vila Nova,Olho d'Água Grande,Restaurante,Aline Pacheco,Mariana Cunha,esporadico,2025-03,normal,
628,Sorveteria Cravo,Alto Sereno,Sorveteria,Débora Nunes,Sérgio Gonçalves,ciclico,2021-08,normal,
629,Padaria Esperança,Piraquara do Oeste,Padaria,Aline Pacheco,Mariana Cunha,mensal,2021-08,normal,
630,Restaurante Trigal,Praia do Sino,Restaurante,Wagner Martins,Amanda Machado,ciclico,2022-11,normal,
631,Super Tamarindo,Figueira Branca,Supermercado,Vanessa Teixeira,Sérgio Gonçalves,mensal,2025-03,atrito,
632,Gelateria Serrana,Nova Aurora do Vale,Sorveteria,Paulo Camargo,Eduardo Cardoso,mensal,2021-08,normal,
633,Panificadora Fonte Nova 2,Sertão Novo,Padaria,Vinícius Carvalho,Amanda Machado,ciclico,2022-07,atrito,
634,Padaria e Confeitaria Maracanã Velho 2,Cravinho do Sul,Padaria,Aline Araújo,André Santos,mensal,2022-12,atrito,
635,Cantina Umbu,Xambrê,Restaurante,Simone Maia,André Santos,esporadico,2021-08,normal,
636,Gelateria Bom Retiro,Olho d'Água Grande,Sorveteria,Sabrina Andrade,Vinícius Barbosa,esporadico,2024-03,normal,
637,Panificadora Terra Boa 2,Piraquara do Oeste,Padaria,Aline Andrade,Sérgio Gonçalves,mensal,2025-12,normal,
638,Ponto do Lanche Maré Alta,Barra do Piraquê,Lanchonete,Wagner Braga,Sérgio Gonçalves,mensal,2024-10,normal,
639,Restaurante Estrela 3,Tabuleiro Alto,Restaurante,Wagner Alves,Amanda Machado,esporadico,2021-09,atrito,
640,Padaria Sabor Real 4,Santa Ilha,Padaria,Wagner Braga,Sérgio Gonçalves,ciclico,2021-08,normal,
641,Minimercado Olaria,Vila Aurora,Minimercado,Jaqueline Alves,Sérgio Oliveira,mensal,2022-11,normal,
642,Cafeteria Esperança,Cravinho do Sul,Cafeteria,Helena Vieira,Amanda Machado,mensal,2021-08,degrau,2025-09
643,Burger Ouro Fino,Santa Ilha,Hamburgueria,Tatiane Sales,Mariana Cunha,mensal,2021-08,normal,
644,Padaria Guarani,Tabuleiro Alto,Padaria,Patrícia Rezende,Mariana Cunha,ciclico,2023-09,normal,
645,Açaiteria Estrela,Ribeira Funda,Açaiteria,Gabriel Ferreira,André Santos,mensal,2025-09,normal,
646,Loja Recanto,Vale Formoso do Norte,Loja de Conveniência,Simone Maia,André Santos,ciclico,2021-08,normal,
647,Gelateria Ponte Velha,Praia do Sino,Sorveteria,Adriana Xavier,Eduardo Cardoso,mensal,2021-08,atrito,
648,Casa de Refeições Trigal,São Braz do Campo,Restaurante,Vanessa Teixeira,Sérgio Gonçalves,mensal,2021-08,atrito,
649,Super Capim Doce 2,Barra do Piraquê,Supermercado,Mauro Pacheco,Sérgio Oliveira,esporadico,2023-11,atrito,
650,Casa de Refeições Ponte Velha 2,Serra Cansada,Restaurante,Vanessa Teixeira,Sérgio Gonçalves,esporadico,2024-01,normal,
651,Pizza Recanto 4,Guaraúna,Pizzaria,Vinícius Siqueira,Eduardo Cardoso,mensal,2023-02,atrito,
652,Hamburgueria Maré Alta,Piraquara do Oeste,Hamburgueria,Adriana Ferreira,André Santos,esporadico,2021-08,normal,
653,Ponto do Lanche Mirante 2,Santa Ilha,Lanchonete,Joana Medeiros,Vinícius Barbosa,mensal,2025-02,atrito,
654,Buffet Ipanema Velha 2,Tabuleiro Alto,Buffet e Eventos,Igor Bezerra,Amanda Machado,mensal,2021-08,normal,
655,Pizza Bela Vista 2,Xambrê,Pizzaria,Sandra Mendes,Sérgio Gonçalves,mensal,2021-08,atrito,
656,Mercado Maracanã Velho,Barra do Piraquê,Minimercado,Aline Pacheco,Mariana Cunha,esporadico,2021-08,normal,
657,Padaria Veredas,Campo Ferrugem,Padaria,Elaine Lopes,Vinícius Barbosa,ciclico,2021-08,atrito,
658,Cantina Capim Doce,Taquaruçu do Meio,Restaurante,Débora Faria,Mariana Cunha,esporadico,2023-02,normal,
659,Lanchonete Guarani,Encosta Nova,Lanchonete,Adriana Xavier,Eduardo Cardoso,mensal,2021-08,normal,
660,Padaria Terra Boa 2,Barra do Piraquê,Padaria,Natália Almeida,Vinícius Barbosa,esporadico,2021-08,normal,
661,Mercado Bandeirante,Monte Cravo,Minimercado,Gabriel Ferreira,André Santos,ciclico,2021-08,atrito,
662,Pizza Rosa dos Ventos 2,Riozinho Claro,Pizzaria,Lucas Braga,André Santos,mensal,2021-08,normal,
663,Lanchonete Cravo,Três Bicas,Lanchonete,Murilo Alves,André Santos,ciclico,2021-08,normal,
664,Burger Orquídea,Piraquara do Oeste,Hamburgueria,Silvana Santos,Mariana Cunha,mensal,2021-08,sangramento,2025-10
665,Eventos Xodó,Campo Ferrugem,Buffet e Eventos,Sandra Mendes,Sérgio Gonçalves,mensal,2021-08,normal,
666,Açaí Vitória Régia,Taquaruçu do Meio,Açaiteria,Kelly Carvalho,Sérgio Gonçalves,esporadico,2026-02,normal,
667,Açaiteria Tucano,Porto Bandeira,Açaiteria,Helena Vieira,Amanda Machado,mensal,2026-03,normal,
668,Padaria e Confeitaria Nova Era 2,Guaraúna,Padaria,Flávio Nogueira,Sérgio Oliveira,mensal,2021-08,normal,
669,Hamburgueria Trigal,Quatro Cruzes,Hamburgueria,Vinícius Carvalho,Amanda Machado,mensal,2023-10,normal,
670,Padaria Flor de Sal,Praia do Sino,Padaria,Kelly Carvalho,Sérgio Gonçalves,esporadico,2021-08,normal,
671,Mercado Trigal,Barra do Piraquê,Minimercado,Aline Almeida,Sérgio Gonçalves,esporadico,2024-07,atrito,
672,Lanches Cerrado,Vila Aurora,Lanchonete,Sandra Mendes,Sérgio Gonçalves,esporadico,2021-08,normal,
673,Cafeteria Bandeirante,Alto Sereno,Cafeteria,Juliana Xavier,Mariana Cunha,ciclico,2025-07,normal,
674,Gelateria Fonte Nova,Ribeira Funda,Sorveteria,Roberta Nogueira,André Santos,mensal,2022-09,atrito,
675,Gelateria Cascata,Olho d'Água Grande,Sorveteria,João Cavalcanti,Eduardo Cardoso,mensal,2023-05,normal,
676,Mercado Vila Nova,Alto Sereno,Minimercado,Wagner Martins,Amanda Machado,esporadico,2021-08,normal,
677,Pizzaria Sempre Viva,Serra Cansada,Pizzaria,João Cavalcanti,Eduardo Cardoso,esporadico,2021-08,normal,
678,Casa de Refeições Flor de Sal,Xambrê,Restaurante,Kelly Carvalho,Sérgio Gonçalves,mensal,2021-08,mix,2025-09
679,Padaria e Confeitaria Juriti,Porto Bandeira,Padaria,Rafael Teixeira,Sérgio Oliveira,esporadico,2021-08,atrito,
680,Açaiteria Doce Lar,Jaraguandu,Açaiteria,Emerson Carvalho,Eduardo Cardoso,mensal,2023-11,normal,
681,Restaurante Tijuca Velha,Vila Cascata,Restaurante,Yara Santos,Eduardo Cardoso,esporadico,2021-08,atrito,
682,Padaria Cascata 2,Santa Ilha,Padaria,João Cavalcanti,Eduardo Cardoso,mensal,2022-10,normal,
683,Super Recanto,Três Bicas,Supermercado,Silvana Andrade,Amanda Machado,mensal,2024-09,atrito,
684,Padaria e Confeitaria Pinheiro,São Braz do Campo,Padaria,Letícia Ferreira,Sérgio Oliveira,esporadico,2021-12,atrito,
685,Ponto do Lanche Nova Era,Bela Corrente,Lanchonete,Renata Cardoso,Sérgio Gonçalves,mensal,2024-04,normal,
686,Super Vale Verde,Praia do Sino,Supermercado,Kelly Carvalho,Sérgio Gonçalves,mensal,2021-08,atrito,
687,Restaurante Pedra Alta 2,Marimbondo,Restaurante,Bruno Nogueira,Sérgio Oliveira,ciclico,2026-01,normal,
688,Super Veredas,Vale Formoso do Norte,Supermercado,Aline Araújo,André Santos,esporadico,2025-12,normal,
689,Lanches Trigal,Quatro Cruzes,Lanchonete,Igor Bezerra,Amanda Machado,mensal,2021-08,parada,2025-07
690,Pizza Primavera,Xambrê,Pizzaria,Wagner Braga,Sérgio Gonçalves,mensal,2021-08,parada,2026-05
691,Açaiteria Vila Nova,Guaraúna,Açaiteria,Patrícia Braga,André Santos,mensal,2025-06,normal,
692,Padaria e Confeitaria Horizonte,Marimbondo,Padaria,Paulo Correia,Eduardo Cardoso,mensal,2023-04,normal,
693,Minimercado Candeia,Palmeira Torta,Minimercado,Geraldo Cavalcanti,Mariana Cunha,mensal,2021-08,normal,
694,Restaurante Sempre Viva,Bela Corrente,Restaurante,Aline Almeida,Sérgio Gonçalves,ciclico,2026-02,normal,
695,Cantina Estrela 2,Porto Bandeira,Restaurante,Raquel Barbosa,Amanda Machado,esporadico,2025-08,atrito,
696,Loja Girassol,Tabuleiro Alto,Loja de Conveniência,Flávio Lima,André Santos,esporadico,2022-08,atrito,
697,Pizzaria Recanto 2,Quatro Cruzes,Pizzaria,Jaqueline Alves,Sérgio Oliveira,mensal,2021-08,normal,
698,Lanchonete Cravo 2,Figueira Branca,Lanchonete,Joana Medeiros,Vinícius Barbosa,ciclico,2021-08,normal,
699,Casa de Refeições Trigal 2,Serra Cansada,Restaurante,Joana Medeiros,Vinícius Barbosa,mensal,2021-08,degrau,2025-06
700,Restaurante Cascata 3,Sertão Novo,Restaurante,Mariana Oliveira,Eduardo Cardoso,mensal,2024-06,normal,
701,Cafeteria Guarani,Porto Bandeira,Cafeteria,Viviane Soares,Mariana Cunha,mensal,2021-08,normal,
702,Pizzaria Brisa,Guaraúna,Pizzaria,Sandra Cardoso,André Santos,mensal,2023-03,atrito,
703,Pizzaria Santa Clara,Praia do Sino,Pizzaria,Geraldo Cavalcanti,Mariana Cunha,esporadico,2021-10,normal,
704,Mercado Rio Claro,Quatro Cruzes,Minimercado,Wagner Martins,Amanda Machado,mensal,2022-12,normal,
705,Lanches Estrela,Fonte Limeira,Lanchonete,Emerson Pinheiro,Vinícius Barbosa,ciclico,2021-08,normal,
706,Lanchonete Primavera,Sertão Novo,Lanchonete,Sandra Cardoso,André Santos,mensal,2022-10,normal,
707,Lanches Mirante,Campo Ferrugem,Lanchonete,Sandra Cardoso,André Santos,mensal,2021-08,normal,
708,Restaurante Capim Doce 2,Marimbondo,Restaurante,Kelly Santos,Eduardo Cardoso,mensal,2021-08,parada,2025-08
709,Hamburgueria Bom Retiro 2,Ipê Sereno,Hamburgueria,Aline Pacheco,Mariana Cunha,ciclico,2023-10,normal,
710,Cafeteria Ponte Velha,Bela Corrente,Cafeteria,Joana Medeiros,Vinícius Barbosa,esporadico,2022-01,normal,
711,Padaria e Confeitaria Maré Alta 2,Cravinho do Sul,Padaria,Marcos Bezerra,Amanda Machado,mensal,2025-12,normal,
712,Minimercado Estrela,Riozinho Claro,Minimercado,Igor Bezerra,Amanda Machado,mensal,2025-12,normal,
713,Hamburgueria Xodó,Barra do Piraquê,Hamburgueria,Juliana Pinheiro,Sérgio Gonçalves,ciclico,2021-08,atrito,
714,Mercado Trigal 2,Encosta Nova,Minimercado,Raquel Ferreira,Vinícius Barbosa,esporadico,2021-08,normal,
715,Cafeteria Veredas,Pedra Molhada,Cafeteria,Diego Martins,Sérgio Gonçalves,esporadico,2022-07,normal,
716,Mercado Dois Irmãos 2,Sertão Novo,Minimercado,Vinícius Siqueira,Eduardo Cardoso,mensal,2025-12,normal,
717,Supermercado Juriti,Figueira Branca,Supermercado,Kelly Carvalho,Sérgio Gonçalves,mensal,2022-10,normal,
718,Panificadora Bela Vista 2,Taquaruçu do Meio,Padaria,Juliana Pinheiro,Sérgio Gonçalves,mensal,2024-11,normal,
719,Padaria e Confeitaria Orquídea,Alto Sereno,Padaria,Wagner Braga,Sérgio Gonçalves,esporadico,2021-08,normal,
720,Mercadinho Jacarandá 2,Ipê Sereno,Minimercado,Daniel Mendes,André Santos,ciclico,2024-03,normal,
721,Buffet São Jorge,Vila Cascata,Buffet e Eventos,Flávio Lima,André Santos,esporadico,2021-08,normal,
722,Casa do Café Serrana,Cravinho do Sul,Cafeteria,Carlos Teixeira,Eduardo Cardoso,ciclico,2022-11,normal,
723,Distribuidora Serrana,Passo Ruivo,Atacadista,Helena Vieira,Amanda Machado,mensal,2021-08,normal,
724,Lanches Jacarandá 2,Quatro Cruzes,Lanchonete,Daniel Mendes,André Santos,esporadico,2021-08,atrito,
725,Mercadinho Ipanema Velha,Alto Sereno,Minimercado,Paulo Correia,Eduardo Cardoso,ciclico,2023-08,normal,
726,Mercado Pitanga 3,Porto Bandeira,Minimercado,Ricardo Teixeira,Sérgio Gonçalves,esporadico,2023-05,normal,
727,Supermercado Santa Clara,Figueira Branca,Supermercado,César Lopes,Mariana Cunha,mensal,2024-03,normal,
728,Padaria e Confeitaria Trigal,Ribeira Funda,Padaria,Leandro Cunha,Amanda Machado,esporadico,2021-08,normal,
729,Restaurante Ponte Velha 2,Figueira Branca,Restaurante,Helena Gonçalves,André Santos,mensal,2021-08,normal,
730,Casa de Refeições Veredas,Monte Cravo,Restaurante,Juliana Pinheiro,Sérgio Gonçalves,mensal,2021-08,sangramento,2025-06
731,Pizzaria Figueira 2,Sertão Novo,Pizzaria,Joana Medeiros,Vinícius Barbosa,mensal,2025-03,normal,
732,Restaurante Maracanã Velho 2,Taquaruçu do Meio,Restaurante,César Lopes,Mariana Cunha,ciclico,2024-07,normal,
733,Panificadora Rio Claro,Umbuzeiro,Padaria,Vinícius Siqueira,Eduardo Cardoso,mensal,2021-10,degrau,2025-07
734,Panificadora Ponte Velha,Lagoa Vermelha do Norte,Padaria,Gabriel Ferreira,André Santos,ciclico,2021-08,atrito,
735,Açaiteria Trigal,Encosta Nova,Açaiteria,Paulo Correia,Eduardo Cardoso,mensal,2025-10,normal,
736,Restaurante Pinheiro,Vista Alegre do Ipê,Restaurante,Adriana Ferreira,André Santos,mensal,2023-01,normal,
737,Panificadora Jatobá,Fonte Limeira,Padaria,Vanessa Teixeira,Sérgio Gonçalves,esporadico,2021-08,normal,
738,Super Estrela 2,Marimbondo,Supermercado,Sandra Cardoso,André Santos,esporadico,2021-08,normal,
739,Padaria e Confeitaria Maré Alta 3,Guaraúna,Padaria,Aline Duarte,Sérgio Gonçalves,mensal,2025-04,normal,
740,Ponto do Lanche Paraíso 2,Marimbondo,Lanchonete,André Batista,Sérgio Oliveira,mensal,2021-08,atrito,
741,Cantina Nova Era,Praia do Sino,Restaurante,Geraldo Cavalcanti,Mariana Cunha,mensal,2021-08,atrito,
742,Açaiteria Maré Alta,Piraquara do Oeste,Açaiteria,Marcos Almeida,Sérgio Oliveira,esporadico,2021-08,atrito,
743,Mercadinho Girassol,Cravinho do Sul,Minimercado,Joana Medeiros,Vinícius Barbosa,mensal,2021-08,sangramento,2025-09
744,Café Pequi 2,Sertão Novo,Cafeteria,Helena Gonçalves,André Santos,mensal,2022-06,atrito,
745,Padaria Nascente,Fonte Limeira,Padaria,Isabela Lopes,Mariana Cunha,mensal,2021-08,normal,
746,Sorveteria Rio Claro,Serra Cansada,Sorveteria,Cláudia Correia,Vinícius Barbosa,ciclico,2023-03,atrito,
747,Gelateria Capim Doce,Serra Cansada,Sorveteria,Murilo Alves,André Santos,mensal,2025-08,normal,
748,Restaurante Veredas 2,Taquaruçu do Meio,Restaurante,Helena Vieira,Amanda Machado,esporadico,2021-08,atrito,
749,Supermercado Horizonte 2,Monte Cravo,Supermercado,Helena Vieira,Amanda Machado,mensal,2021-08,atrito,
750,Mercado Pitanga 4,Riozinho Claro,Minimercado,Vanessa Teixeira,Sérgio Gonçalves,mensal,2021-10,normal,
751,Cantina Chapada 2,Bela Corrente,Restaurante,Cláudia Correia,Vinícius Barbosa,mensal,2021-08,atrito,
752,Sorveteria Sol Nascente,Pedra Molhada,Sorveteria,Joana Medeiros,Vinícius Barbosa,mensal,2023-04,normal,
753,Loja Pinheiro,Piraquara do Oeste,Loja de Conveniência,Vanessa Teixeira,Sérgio Gonçalves,mensal,2021-08,voltou,2025-11
754,Casa de Refeições Horizonte 3,Vale Formoso do Norte,Restaurante,Carlos Teixeira,Eduardo Cardoso,mensal,2024-07,normal,
755,Pizzaria Nascente 2,Alto Sereno,Pizzaria,Jorge Sousa,Vinícius Barbosa,mensal,2021-08,normal,
756,Ponto do Lanche Orquídea,Lagoa Vermelha do Norte,Lanchonete,Yara Coelho,Sérgio Oliveira,ciclico,2023-07,atrito,
757,Lanchonete Tucano,Santa Ilha,Lanchonete,João Cavalcanti,Eduardo Cardoso,mensal,2021-08,normal,
758,Gelateria Trigal,Santa Ilha,Sorveteria,Aline Pacheco,Mariana Cunha,mensal,2021-08,degrau,2025-07
759,Burger Mirante,Lagoa Vermelha do Norte,Hamburgueria,Tatiane Sales,Mariana Cunha,mensal,2021-08,normal,
760,Restaurante Varanda 2,Jaraguandu,Restaurante,Viviane Soares,Mariana Cunha,esporadico,2023-02,normal,
761,Pizzaria Veredas,Vila Cascata,Pizzaria,Joana Medeiros,Vinícius Barbosa,ciclico,2023-07,normal,
762,Hamburgueria Tijuca Velha,Fonte Limeira,Hamburgueria,Wagner Braga,Sérgio Gonçalves,mensal,2025-08,normal,
763,Açaiteria Tamarindo,Três Bicas,Açaiteria,Nelson Nunes,Eduardo Cardoso,mensal,2021-08,atrito,
764,Padaria e Confeitaria Aurora 2,Bela Corrente,Padaria,Sandra Cardoso,André Santos,ciclico,2026-04,normal,
765,Padaria e Confeitaria Jatobá,Guaraúna,Padaria,Adriana Xavier,Eduardo Cardoso,esporadico,2023-04,normal,
766,Padaria e Confeitaria Recanto,Ribeira Funda,Padaria,Emerson Pinheiro,Vinícius Barbosa,mensal,2026-02,normal,
767,Cantina Mirante,Guaraúna,Restaurante,Antônio Freitas,Vinícius Barbosa,ciclico,2021-08,normal,
768,Restaurante Girassol,Barra do Piraquê,Restaurante,Marcos Almeida,Sérgio Oliveira,mensal,2021-08,normal,
769,Burger Ponte Velha,Vila Aurora,Hamburgueria,Tatiane Sales,Mariana Cunha,mensal,2021-08,atrito,
770,Conveniência Vila Nova,Ipê Sereno,Loja de Conveniência,Joana Medeiros,Vinícius Barbosa,mensal,2022-04,normal,
771,Casa do Café Serrana 2,Serra Cansada,Cafeteria,Juliana Xavier,Mariana Cunha,mensal,2021-08,normal,
772,Casa de Refeições Maracanã Velho,Fonte Limeira,Restaurante,Joana Medeiros,Vinícius Barbosa,mensal,2021-08,atrito,
773,Panificadora Jatobá 2,Serra Cansada,Padaria,Geraldo Cavalcanti,Mariana Cunha,mensal,2021-08,atrito,
774,Casa de Refeições Pedra Alta,Itaquerê,Restaurante,Igor Bezerra,Amanda Machado,mensal,2021-08,atrito,
775,Lanches Moinho,Barra do Piraquê,Lanchonete,Juliana Pinheiro,Sérgio Gonçalves,esporadico,2021-08,normal,
776,Padaria Candeia,Cravinho do Sul,Padaria,Adriana Xavier,Eduardo Cardoso,esporadico,2021-11,atrito,
777,Casa de Refeições Cascata,Pedra Molhada,Restaurante,Joana Medeiros,Vinícius Barbosa,mensal,2021-08,normal,
778,Pizzaria Veredas 2,Vale Formoso do Norte,Pizzaria,Juliana Pinheiro,Sérgio Gonçalves,esporadico,2022-12,atrito,
779,Ponto do Lanche Mirante 3,Pedra Molhada,Lanchonete,Yara Santos,Eduardo Cardoso,esporadico,2021-08,normal,
780,Açaí Terra Boa,São Braz do Campo,Açaiteria,Patrícia Braga,André Santos,ciclico,2024-02,atrito,
781,Sorveteria Maracanã Velho,Serra Cansada,Sorveteria,Bruno Nogueira,Sérgio Oliveira,esporadico,2021-08,normal,
782,Padaria e Confeitaria Tamarindo,Palmeira Torta,Padaria,Silvana Santos,Mariana Cunha,ciclico,2024-03,normal,
783,Restaurante Bandeirante,Barra do Piraquê,Restaurante,Wagner Braga,Sérgio Gonçalves,ciclico,2024-12,normal,
784,Restaurante Sol Nascente 3,Passo Ruivo,Restaurante,Helena Vieira,Amanda Machado,mensal,2026-03,normal,
785,Lanches Doce Lar,Riozinho Claro,Lanchonete,Letícia Ferreira,Sérgio Oliveira,mensal,2025-10,normal,
786,Atacadão Orquídea,Vista Alegre do Ipê,Atacadista,Cláudia Correia,Vinícius Barbosa,ciclico,2021-08,atrito,
787,Padaria Terra Boa 3,Vila Cascata,Padaria,Juliana Pinheiro,Sérgio Gonçalves,esporadico,2023-08,normal,
788,Supermercado Vila Nova,Palmeira Torta,Supermercado,Simone Maia,André Santos,mensal,2026-04,normal,
789,Minimercado Ponte Velha,Jaraguandu,Minimercado,Cláudia Correia,Vinícius Barbosa,mensal,2021-08,parada,2025-12
790,Burger Santa Clara,Umbuzeiro,Hamburgueria,Daniel Mendes,André Santos,esporadico,2021-08,atrito,
791,Padaria Palmeira,Umbuzeiro,Padaria,Márcia Sales,Sérgio Oliveira,mensal,2021-08,sangramento,2025-04
792,Mercadinho Pinheiro,Figueira Branca,Minimercado,Kelly Carvalho,Sérgio Gonçalves,ciclico,2021-08,normal,
793,Super Encanto 2,Encosta Nova,Supermercado,Jorge Sousa,Vinícius Barbosa,esporadico,2021-08,normal,
794,Mercado Encanto 2,Taquaruçu do Meio,Minimercado,Isabela Guimarães,André Santos,mensal,2021-08,normal,
795,Pizza São Jorge,Lagoa Vermelha do Norte,Pizzaria,Sandra Cardoso,André Santos,mensal,2021-08,degrau,2025-07
796,Lanchonete Flor de Sal,Olho d'Água Grande,Lanchonete,Carlos Teixeira,Eduardo Cardoso,esporadico,2024-06,normal,
797,Padaria e Confeitaria Pinheiro 2,Xambrê,Padaria,Rafael Teixeira,Sérgio Oliveira,esporadico,2021-08,normal,
798,Casa de Refeições Nova Era,São Braz do Campo,Restaurante,Joana Medeiros,Vinícius Barbosa,ciclico,2021-08,normal,
799,Burger Cascata,Serra Cansada,Hamburgueria,Isabela Lopes,Mariana Cunha,ciclico,2023-01,normal,
800,Mercado Ipê Roxo 4,Palmeira Torta,Minimercado,Aline Andrade,Sérgio Gonçalves,mensal,2022-08,atrito,
801,Loja Girassol 2,Barra do Piraquê,Loja de Conveniência,Wagner Alves,Amanda Machado,esporadico,2023-02,normal,
802,Café Tijuca Velha,Figueira Branca,Cafeteria,Lucas Braga,André Santos,mensal,2021-08,sangramento,2025-06
803,Restaurante Maré Alta,Barra do Piraquê,Restaurante,Joana Medeiros,Vinícius Barbosa,mensal,2023-12,atrito,
804,Cantina Pequi,Quatro Cruzes,Restaurante,Silvana Andrade,Amanda Machado,mensal,2025-12,normal,
805,Restaurante Bandeirante 2,Alto Sereno,Restaurante,Aline Pacheco,Mariana Cunha,mensal,2021-08,atrito,
806,Minimercado São Jorge,Campo Ferrugem,Minimercado,Sabrina Andrade,Vinícius Barbosa,mensal,2022-10,atrito,
807,Gelateria Pedra Alta,Tabuleiro Alto,Sorveteria,Wesley Lima,Sérgio Oliveira,mensal,2021-12,normal,
808,Hamburgueria Tamarindo,Campo Ferrugem,Hamburgueria,Sandra Cardoso,André Santos,mensal,2021-11,normal,
809,Pizza São Jorge 2,Itaquerê,Pizzaria,Marcos Bezerra,Amanda Machado,mensal,2021-08,atrito,
810,Restaurante Porto Seguro Velho,Campo Ferrugem,Restaurante,Igor Rodrigues,Eduardo Cardoso,mensal,2022-01,normal,
811,Lanchonete Serrana,Santa Ilha,Lanchonete,Aline Duarte,Sérgio Gonçalves,mensal,2021-08,normal,
812,Mercado Orquídea,Pedra Molhada,Minimercado,Aline Araújo,André Santos,mensal,2021-08,normal,
813,Cantina Farol,Santa Ilha,Restaurante,Igor Bezerra,Amanda Machado,esporadico,2024-01,atrito,
814,Lanches Palmeira,Campo Ferrugem,Lanchonete,Wesley Siqueira,Amanda Machado,esporadico,2025-07,normal,
815,Panificadora Guarani,Itaquerê,Padaria,Wagner Martins,Amanda Machado,mensal,2021-10,normal,
816,Padaria e Confeitaria Cascata,Três Bicas,Padaria,Lucas Braga,André Santos,ciclico,2021-08,normal,
817,Lanches Central,Tabuleiro Alto,Lanchonete,Renata Cardoso,Sérgio Gonçalves,ciclico,2025-09,normal,
818,Casa do Café Vale Verde,Serra Cansada,Cafeteria,César Araújo,Vinícius Barbosa,mensal,2022-06,normal,
819,Cantina Porto Seguro Velho,Bela Corrente,Restaurante,André Batista,Sérgio Oliveira,mensal,2022-08,normal,
820,Minimercado Santa Clara,Ipê Sereno,Minimercado,Murilo Alves,André Santos,mensal,2021-08,normal,
821,Lanchonete Luar,Xambrê,Lanchonete,Murilo Alves,André Santos,ciclico,2021-08,normal,
822,Padaria Girassol,Jaraguandu,Padaria,Wagner Martins,Amanda Machado,mensal,2024-03,normal,
823,Burger Maré Alta,Santa Ilha,Hamburgueria,Marcos Almeida,Sérgio Oliveira,mensal,2021-08,normal,
824,Burger Esperança,Cravinho do Sul,Hamburgueria,Kelly Carvalho,Sérgio Gonçalves,esporadico,2021-08,normal,
825,Super Cravo,Porto Bandeira,Supermercado,César Lopes,Mariana Cunha,esporadico,2025-06,normal,
826,Pizza Esperança 2,Barra do Piraquê,Pizzaria,Sabrina Andrade,Vinícius Barbosa,ciclico,2021-08,normal,
827,Lanches Umbu 2,Passo Ruivo,Lanchonete,Cláudia Miranda,Mariana Cunha,mensal,2021-08,mix,2025-09
828,Loja Farol,São Braz do Campo,Loja de Conveniência,Wagner Braga,Sérgio Gonçalves,ciclico,2021-08,normal,
829,Atacadão Aurora,Umbuzeiro,Atacadista,Daniel Mendes,André Santos,mensal,2021-08,atrito,
830,Restaurante Ponte Velha 3,Taquaruçu do Meio,Restaurante,Márcia Sales,Sérgio Oliveira,ciclico,2021-08,normal,
831,Ponto do Lanche Central,Riozinho Claro,Lanchonete,Aline Almeida,Sérgio Gonçalves,mensal,2025-09,normal,
832,Restaurante Figueira,Santa Ilha,Restaurante,Wagner Braga,Sérgio Gonçalves,ciclico,2021-08,atrito,
833,Café Lagoa Azul,Barra do Piraquê,Cafeteria,César Lopes,Mariana Cunha,ciclico,2021-08,normal,
834,Pizzaria Bandeirante,Tabuleiro Alto,Pizzaria,Vanessa Teixeira,Sérgio Gonçalves,esporadico,2026-04,normal,
835,Casa de Refeições Orquídea 2,Jaraguandu,Restaurante,Wagner Alves,Amanda Machado,ciclico,2023-03,normal,
836,Hamburgueria Vale Verde,Vale Formoso do Norte,Hamburgueria,Jorge Sousa,Vinícius Barbosa,esporadico,2021-08,normal,
837,Cantina Flor de Sal 3,Tabuleiro Alto,Restaurante,Sandra Cardoso,André Santos,mensal,2025-08,atrito,
838,Casa de Refeições Serrana,Sertão Novo,Restaurante,Sabrina Siqueira,Sérgio Oliveira,mensal,2021-08,voltou,2025-10
839,Atacado Capim Doce,Tabuleiro Alto,Atacadista,Kelly Santos,Eduardo Cardoso,esporadico,2023-10,atrito,
840,Buffet Serrana,Três Bicas,Buffet e Eventos,Wagner Alves,Amanda Machado,ciclico,2021-08,atrito,
841,Panificadora Cascata,Ribeira Funda,Padaria,Gabriel Ferreira,André Santos,esporadico,2024-12,normal,
842,Sorveteria Vila Nova,Ribeira Funda,Sorveteria,Vanessa Teixeira,Sérgio Gonçalves,mensal,2021-08,normal,
843,Pizza Umbu 2,Sertão Novo,Pizzaria,André Cardoso,Vinícius Barbosa,mensal,2025-04,normal,
844,Pizza Rosa dos Ventos 3,Alto Sereno,Pizzaria,Leandro Cunha,Amanda Machado,mensal,2021-08,normal,
845,Distribuidora Dois Irmãos,Vista Alegre do Ipê,Atacadista,Vinícius Siqueira,Eduardo Cardoso,mensal,2021-08,sangramento,2025-10
846,Sorveteria Ouro Fino,Ribeira Funda,Sorveteria,Aline Andrade,Sérgio Gonçalves,ciclico,2021-08,atrito,
847,Pizzaria Mirante,Vale Formoso do Norte,Pizzaria,Débora Maia,Eduardo Cardoso,mensal,2021-08,normal,
848,Mercado Vila Nova 2,Serra Cansada,Minimercado,Flávio Nogueira,Sérgio Oliveira,esporadico,2021-08,atrito,
849,Conveniência Doce Lar,Praia do Sino,Loja de Conveniência,César Araújo,Vinícius Barbosa,esporadico,2025-06,atrito,
850,Ponto do Lanche Pitanga,Barra do Piraquê,Lanchonete,Kelly Carvalho,Sérgio Gonçalves,ciclico,2022-11,atrito,
851,Casa de Refeições Girassol,Porto Bandeira,Restaurante,Vanessa Teixeira,Sérgio Gonçalves,ciclico,2025-09,normal,
852,Lanches Dois Irmãos,Tabuleiro Alto,Lanchonete,Aline Araújo,André Santos,mensal,2021-08,normal,
853,Padaria Pitanga,Campo Ferrugem,Padaria,Aline Duarte,Sérgio Gonçalves,mensal,2021-08,normal,
854,Cafeteria Ipanema Velha,Cravinho do Sul,Cafeteria,Igor Bezerra,Amanda Machado,mensal,2024-08,normal,
855,Lanchonete Farol 2,Pedra Molhada,Lanchonete,Wesley Siqueira,Amanda Machado,esporadico,2024-11,atrito,
856,Cafeteria Palmeira 2,Vila Cascata,Cafeteria,Wagner Braga,Sérgio Gonçalves,mensal,2021-08,atrito,
857,Casa do Café Sossego,Vista Alegre do Ipê,Cafeteria,Joana Medeiros,Vinícius Barbosa,mensal,2021-08,atrito,
858,Burger Paraíso,Ribeira Funda,Hamburgueria,Gustavo Vasconcelos,Amanda Machado,mensal,2022-02,atrito,
859,Panificadora Chapada,Fonte Limeira,Padaria,Viviane Soares,Mariana Cunha,esporadico,2021-08,normal,
860,Lanchonete Umbu,Sertão Novo,Lanchonete,Rodrigo Dias,Vinícius Barbosa,esporadico,2025-08,normal,
861,Pizza Estrela 3,Várzea Comprida,Pizzaria,Helena Vieira,Amanda Machado,ciclico,2021-08,normal,
862,Padaria Jacarandá 2,Xambrê,Padaria,Flávio Lima,André Santos,mensal,2021-08,sangramento,2025-11
863,Padaria Maracanã Velho 2,Riozinho Claro,Padaria,Rafael Teixeira,Sérgio Oliveira,mensal,2021-08,parada,2025-08
864,Ponto do Lanche Rio Claro,Fonte Limeira,Lanchonete,Débora Nunes,Sérgio Gonçalves,mensal,2022-12,atrito,
865,Restaurante Recanto,Serra Cansada,Restaurante,Wagner Rodrigues,Mariana Cunha,esporadico,2021-08,atrito,
866,Loja Candeia,Tabuleiro Alto,Loja de Conveniência,Renata Cardoso,Sérgio Gonçalves,ciclico,2023-06,normal,
867,Pizza Pitanga,Ipê Sereno,Pizzaria,Mauro Pacheco,Sérgio Oliveira,esporadico,2021-08,normal,
868,Lanches Pitanga 2,Bela Corrente,Lanchonete,Carlos Teixeira,Eduardo Cardoso,mensal,2025-10,normal,
869,Eventos Serrana,Encosta Nova,Buffet e Eventos,Sabrina Andrade,Vinícius Barbosa,mensal,2024-12,normal,
870,Ponto do Lanche Nova Era 2,Guaraúna,Lanchonete,Roberta Pinheiro,Amanda Machado,mensal,2021-08,normal,
871,Panificadora Sol Nascente,Três Bicas,Padaria,Fernanda Sampaio,Sérgio Gonçalves,mensal,2021-08,mix,2025-11
872,Burger Raiz Forte,Praia do Sino,Hamburgueria,Roberta Pinheiro,Amanda Machado,mensal,2025-04,normal,
873,Supermercado Aurora,Barra do Piraquê,Supermercado,Vinícius Siqueira,Eduardo Cardoso,mensal,2026-03,normal,
874,Pizzaria Nova Era,Palmeira Torta,Pizzaria,Marcos Almeida,Sérgio Oliveira,mensal,2023-01,atrito,
875,Minimercado Nascente,Vila Cascata,Minimercado,Juliana Xavier,Mariana Cunha,ciclico,2021-08,normal,
876,Casa de Refeições Fonte Nova 2,Quatro Cruzes,Restaurante,Joana Medeiros,Vinícius Barbosa,ciclico,2021-08,normal,
877,Mercado Jatobá,Taquaruçu do Meio,Minimercado,Lucas Braga,André Santos,mensal,2021-08,degrau,2026-02
878,Padaria e Confeitaria Tucano,Três Bicas,Padaria,Joana Medeiros,Vinícius Barbosa,ciclico,2021-08,normal,
879,Mercadinho Maré Alta,Umbuzeiro,Minimercado,Vanessa Teixeira,Sérgio Gonçalves,ciclico,2021-08,normal,
880,Gelateria Xodó,Palmeira Torta,Sorveteria,Cláudia Miranda,Mariana Cunha,mensal,2021-08,normal,
881,Lanchonete Tucano 2,Lagoa Vermelha do Norte,Lanchonete,Flávio Nogueira,Sérgio Oliveira,ciclico,2023-06,normal,
882,Ponto do Lanche Rosa dos Ventos,Passo Ruivo,Lanchonete,Paulo Camargo,Eduardo Cardoso,mensal,2024-08,atrito,
883,Cantina Bela Vista 2,Alto Sereno,Restaurante,Aline Duarte,Sérgio Gonçalves,mensal,2021-08,normal,
884,Panificadora Vale Verde 2,Vale Formoso do Norte,Padaria,Juliana Pinheiro,Sérgio Gonçalves,mensal,2025-04,normal,
885,Super Orquídea,Olho d'Água Grande,Supermercado,Vinícius Siqueira,Eduardo Cardoso,mensal,2022-03,atrito,
886,Lanches Girassol 2,Itaquerê,Lanchonete,Juliana Pinheiro,Sérgio Gonçalves,mensal,2022-11,atrito,
887,Supermercado Jatobá,Fonte Limeira,Supermercado,Vinícius Carvalho,Amanda Machado,mensal,2021-08,voltou,2025-10
888,Minimercado Ipê Roxo,Quatro Cruzes,Minimercado,Daniel Mendes,André Santos,mensal,2021-08,normal,
889,Padaria Paraíso 2,Piraquara do Oeste,Padaria,César Araújo,Vinícius Barbosa,mensal,2021-08,normal,
890,Atacado Orquídea 2,Vista Alegre do Ipê,Atacadista,Igor Bezerra,Amanda Machado,mensal,2021-08,normal,
891,Hamburgueria Mirante,Marimbondo,Hamburgueria,Ricardo Teixeira,Sérgio Gonçalves,mensal,2025-09,normal,
892,Lanches Flor de Sal,Monte Cravo,Lanchonete,Débora Nunes,Sérgio Gonçalves,mensal,2021-08,normal,
893,Pizzaria Sossego 2,Piraquara do Oeste,Pizzaria,Gabriel Ferreira,André Santos,esporadico,2021-09,normal,
894,Casa do Café Mirante 2,Santa Ilha,Cafeteria,Aline Pacheco,Mariana Cunha,ciclico,2021-08,normal,
895,Lanchonete Quintal,Taquaruçu do Meio,Lanchonete,Cláudia Miranda,Mariana Cunha,ciclico,2025-11,normal,
896,Cantina Aurora,Marimbondo,Restaurante,Letícia Ferreira,Sérgio Oliveira,mensal,2025-02,atrito,
897,Restaurante Umbu 2,Taquaruçu do Meio,Restaurante,César Lopes,Mariana Cunha,ciclico,2021-08,normal,
898,Panificadora Oliveira 2,Barra do Piraquê,Padaria,Jaqueline Alves,Sérgio Oliveira,esporadico,2021-08,normal,
899,Casa de Refeições Veredas 2,Santa Ilha,Restaurante,Wagner Braga,Sérgio Gonçalves,mensal,2021-08,normal,
900,Padaria Candeia 2,Itaquerê,Padaria,Gustavo Vasconcelos,Amanda Machado,mensal,2022-05,atrito,
901,Conveniência Central,Alto Sereno,Loja de Conveniência,Renata Cardoso,Sérgio Gonçalves,mensal,2021-08,normal,
902,Casa do Café Doce Lar,São Braz do Campo,Cafeteria,Daniel Mendes,André Santos,ciclico,2021-08,normal,
903,Padaria Bandeirante,Olho d'Água Grande,Padaria,Simone Maia,André Santos,ciclico,2024-08,normal,
904,Açaiteria Vila Nova 2,Riozinho Claro,Açaiteria,Igor Batista,Amanda Machado,esporadico,2022-03,normal,
905,Minimercado Orquídea,Sertão Novo,Minimercado,Wagner Martins,Amanda Machado,mensal,2021-08,atrito,
906,Atacado Tucano,Vista Alegre do Ipê,Atacadista,Vanessa Teixeira,Sérgio Gonçalves,ciclico,2022-05,normal,
907,Casa de Refeições Mirante,Taquaruçu do Meio,Restaurante,Cláudia Correia,Vinícius Barbosa,mensal,2021-08,normal,
908,Panificadora Porto Seguro Velho,Sertão Novo,Padaria,Daniel Mendes,André Santos,mensal,2024-03,normal,
909,Panificadora Mirante,Riozinho Claro,Padaria,Helena Vieira,Amanda Machado,ciclico,2021-08,atrito,
910,Pizzaria Ponte Velha 2,Guaraúna,Pizzaria,Fernanda Sampaio,Sérgio Gonçalves,esporadico,2025-07,normal,
911,Minimercado Maracanã Velho,Praia do Sino,Minimercado,Leandro Cunha,Amanda Machado,esporadico,2024-11,atrito,
912,Minimercado Figueira,Várzea Comprida,Minimercado,Vanessa Teixeira,Sérgio Gonçalves,esporadico,2022-11,atrito,
913,Minimercado Pitanga 2,Barra do Piraquê,Minimercado,Jorge Sousa,Vinícius Barbosa,mensal,2026-04,normal,
914,Cantina Pedra Alta,Ribeira Funda,Restaurante,Sabrina Andrade,Vinícius Barbosa,mensal,2021-08,degrau,2026-02
915,Eventos Bom Retiro,Figueira Branca,Buffet e Eventos,Vanessa Teixeira,Sérgio Gonçalves,mensal,2021-08,normal,
916,Mercado Brisa,Ribeira Funda,Minimercado,Kelly Carvalho,Sérgio Gonçalves,mensal,2022-10,atrito,
917,Restaurante Pitanga,Porto Bandeira,Restaurante,Gustavo Fonseca,Mariana Cunha,mensal,2025-08,normal,
918,Lanches Olaria 2,Serra Cansada,Lanchonete,Juliana Xavier,Mariana Cunha,esporadico,2021-08,normal,
919,Panificadora Tamarindo,São Braz do Campo,Padaria,Ricardo Teixeira,Sérgio Gonçalves,mensal,2021-08,normal,
920,Lanchonete Cerrado,Várzea Comprida,Lanchonete,Igor Bezerra,Amanda Machado,ciclico,2021-08,atrito,
921,Pizza Fonte Nova 2,Taquaruçu do Meio,Pizzaria,Silvana Silva,Vinícius Barbosa,esporadico,2023-06,atrito,
922,Restaurante Capim Doce 3,Taquaruçu do Meio,Restaurante,Yara Santos,Eduardo Cardoso,mensal,2021-11,atrito,
923,Sorveteria Olaria,Figueira Branca,Sorveteria,Cláudia Correia,Vinícius Barbosa,esporadico,2022-12,normal,
924,Padaria Serrana,Sertão Novo,Padaria,Flávio Lima,André Santos,esporadico,2021-08,atrito,
925,Minimercado Primavera 2,Umbuzeiro,Minimercado,Juliana Pinheiro,Sérgio Gonçalves,esporadico,2021-08,atrito,
926,Loja Jatobá,Itaquerê,Loja de Conveniência,André Batista,Sérgio Oliveira,mensal,2021-08,atrito,
927,Super Doce Lar,Porto Bandeira,Supermercado,Rafael Teixeira,Sérgio Oliveira,mensal,2021-08,normal,
928,Panificadora Maré Alta 2,Guaraúna,Padaria,Jaqueline Alves,Sérgio Oliveira,esporadico,2024-02,normal,
929,Lanches Serrana 2,Pedra Molhada,Lanchonete,Gustavo Fonseca,Mariana Cunha,esporadico,2021-08,normal,
930,Café Flor de Sal,Itaquerê,Cafeteria,Patrícia Rezende,Mariana Cunha,mensal,2021-08,atrito,
931,Eventos Flor de Sal,Quatro Cruzes,Buffet e Eventos,Cláudia Correia,Vinícius Barbosa,esporadico,2021-08,atrito,
932,Pizza Serrana 3,Nova Aurora do Vale,Pizzaria,Adriana Ferreira,André Santos,esporadico,2024-01,normal,
933,Cafeteria Quintal,Riozinho Claro,Cafeteria,Murilo Alves,André Santos,ciclico,2026-04,normal,
934,Cantina Bela Vista 3,Piraquara do Oeste,Restaurante,Gabriel Ferreira,André Santos,ciclico,2025-11,normal,
935,Casa de Refeições Cravo,Vale Formoso do Norte,Restaurante,Vanessa Teixeira,Sérgio Gonçalves,mensal,2021-08,atrito,
936,Supermercado Serrana,Vila Aurora,Supermercado,Rafael Teixeira,Sérgio Oliveira,mensal,2021-09,atrito,
937,Atacado Sossego,Riozinho Claro,Atacadista,Gustavo Vasconcelos,Amanda Machado,esporadico,2021-08,normal,
938,Gelateria Ipê Roxo,Quatro Cruzes,Sorveteria,Aline Duarte,Sérgio Gonçalves,esporadico,2021-11,normal,
939,Hamburgueria Pequi,Cravinho do Sul,Hamburgueria,Aline Araújo,André Santos,mensal,2024-11,atrito,
940,Minimercado Nascente 2,Lagoa Vermelha do Norte,Minimercado,Silvana Andrade,Amanda Machado,mensal,2021-08,mix,2026-01
941,Super Tijuca Velha,Pedra Molhada,Supermercado,Adriana Ferreira,André Santos,mensal,2021-08,normal,
942,Ponto do Lanche Umbu,Riozinho Claro,Lanchonete,Sandra Cardoso,André Santos,mensal,2024-11,normal,
943,Casa de Refeições Porto Seguro Velho 2,Vale Formoso do Norte,Restaurante,Helena Vieira,Amanda Machado,ciclico,2021-08,normal,
944,Panificadora Vitória Régia 3,Ribeira Funda,Padaria,Aline Araújo,André Santos,esporadico,2021-08,normal,
945,Panificadora Maré Alta 3,Guaraúna,Padaria,Letícia Ferreira,Sérgio Oliveira,mensal,2025-11,normal,
946,Ponto do Lanche Recanto 2,Monte Cravo,Lanchonete,Simone Maia,André Santos,ciclico,2022-08,normal,
947,Gelateria Vale Verde,Quatro Cruzes,Sorveteria,Joana Medeiros,Vinícius Barbosa,ciclico,2025-11,normal,
948,Pizzaria Tucano 3,Quatro Cruzes,Pizzaria,Aline Almeida,Sérgio Gonçalves,mensal,2021-08,parada,2025-10
949,Lanches Maracanã Velho 2,Sertão Novo,Lanchonete,Wagner Rodrigues,Mariana Cunha,mensal,2021-08,normal,
950,Padaria e Confeitaria Candeia 2,Umbuzeiro,Padaria,Débora Nunes,Sérgio Gonçalves,mensal,2021-08,parada,2026-01
951,Casa de Refeições Sabor Real,Serra Cansada,Restaurante,Cláudia Miranda,Mariana Cunha,mensal,2021-08,atrito,
952,Panificadora Sabor Real,Alto Sereno,Padaria,Flávio Nogueira,Sérgio Oliveira,esporadico,2024-07,atrito,
953,Mercadinho São Jorge,Porto Bandeira,Minimercado,Renata Cardoso,Sérgio Gonçalves,esporadico,2021-08,atrito,
954,Pizza Flor de Sal,Lagoa Vermelha do Norte,Pizzaria,Helena Vieira,Amanda Machado,mensal,2022-02,voltou,2025-11
955,Casa do Café Orquídea,Figueira Branca,Cafeteria,Wagner Martins,Amanda Machado,esporadico,2021-11,normal,
956,Padaria e Confeitaria Terra Boa,Encosta Nova,Padaria,Emerson Pinheiro,Vinícius Barbosa,mensal,2021-11,normal,
957,Minimercado Maré Alta 2,Olho d'Água Grande,Minimercado,Paulo Camargo,Eduardo Cardoso,mensal,2021-11,parada,2026-05
958,Padaria Candeia 3,Olho d'Água Grande,Padaria,Gabriel Ferreira,André Santos,esporadico,2021-08,atrito,
959,Casa de Refeições Sol Nascente 2,Porto Bandeira,Restaurante,Natália Almeida,Vinícius Barbosa,mensal,2024-02,normal,
960,Sorveteria Sol Nascente 2,Xambrê,Sorveteria,Aline Duarte,Sérgio Gonçalves,esporadico,2021-08,normal,
961,Pizzaria Cravo,Alto Sereno,Pizzaria,Aline Duarte,Sérgio Gonçalves,ciclico,2025-06,normal,
962,Restaurante Chapada,Figueira Branca,Restaurante,Tatiane Sales,Mariana Cunha,ciclico,2026-03,normal,
963,Mercado Varanda 2,Ribeira Funda,Minimercado,Cláudia Correia,Vinícius Barbosa,ciclico,2021-08,atrito,
964,Buffet Girassol,Nova Aurora do Vale,Buffet e Eventos,Mauro Pacheco,Sérgio Oliveira,mensal,2026-03,normal,
965,Minimercado Central 2,Alto Sereno,Minimercado,Patrícia Braga,André Santos,mensal,2021-08,normal,
966,Minimercado Sossego,Ribeira Funda,Minimercado,Simone Maia,André Santos,mensal,2021-08,atrito,
967,Hamburgueria Maracanã Velho,Vista Alegre do Ipê,Hamburgueria,Paulo Camargo,Eduardo Cardoso,esporadico,2021-08,atrito,
968,Casa de Refeições Xodó,Tabuleiro Alto,Restaurante,Helena Vieira,Amanda Machado,esporadico,2021-08,normal,
969,Padaria Pinheiro,Vista Alegre do Ipê,Padaria,Paulo Correia,Eduardo Cardoso,esporadico,2025-03,normal,
970,Padaria e Confeitaria Lagoa Azul,Quatro Cruzes,Padaria,João Cavalcanti,Eduardo Cardoso,esporadico,2021-08,atrito,
971,Lanches Vila Nova,Lagoa Vermelha do Norte,Lanchonete,Kelly Carvalho,Sérgio Gonçalves,mensal,2021-08,normal,
972,Lanches Santa Clara 2,Quatro Cruzes,Lanchonete,Paulo Camargo,Eduardo Cardoso,mensal,2021-08,sangramento,2025-07
973,Ponto do Lanche Nascente,Porto Bandeira,Lanchonete,Geraldo Cavalcanti,Mariana Cunha,mensal,2021-08,normal,
974,Buffet Porto Seguro Velho,Porto Bandeira,Buffet e Eventos,Helena Gonçalves,André Santos,ciclico,2023-04,normal,
975,Mercado Santa Clara 2,Tabuleiro Alto,Minimercado,Simone Maia,André Santos,mensal,2023-02,normal,
976,Supermercado Cerrado,Piraquara do Oeste,Supermercado,Débora Maia,Eduardo Cardoso,mensal,2021-08,atrito,
977,Supermercado Paraíso,Ipê Sereno,Supermercado,Sandra Cardoso,André Santos,esporadico,2022-12,normal,
978,Burger Quintal,Vista Alegre do Ipê,Hamburgueria,Yara Santos,Eduardo Cardoso,mensal,2024-02,normal,
979,Pizzaria Recanto 3,Figueira Branca,Pizzaria,Igor Bezerra,Amanda Machado,mensal,2021-08,normal,
980,Loja Sol Nascente,Riozinho Claro,Loja de Conveniência,Yara Santos,Eduardo Cardoso,esporadico,2021-08,atrito,
981,Super Girassol 2,Tabuleiro Alto,Supermercado,Vanessa Teixeira,Sérgio Gonçalves,ciclico,2025-01,normal,
982,Panificadora Bandeirante,Vista Alegre do Ipê,Padaria,Nelson Nunes,Eduardo Cardoso,mensal,2023-07,atrito,
983,Panificadora Nova Era,Xambrê,Padaria,Igor Bezerra,Amanda Machado,ciclico,2021-08,atrito,
984,Mercadinho Santa Clara 3,Palmeira Torta,Minimercado,Letícia Ferreira,Sérgio Oliveira,mensal,2024-08,normal,
985,Super Doce Lar 2,Vila Cascata,Supermercado,Paulo Correia,Eduardo Cardoso,ciclico,2021-08,normal,
986,Casa de Refeições Veredas 3,Jaraguandu,Restaurante,Leandro Cunha,Amanda Machado,ciclico,2022-12,normal,
987,Distribuidora Xodó,Nova Aurora do Vale,Atacadista,Gabriel Ferreira,André Santos,mensal,2021-08,degrau,2025-12
988,Supermercado Porto Seguro Velho,Quatro Cruzes,Supermercado,Aline Pacheco,Mariana Cunha,mensal,2021-11,normal,
989,Cafeteria Flor de Sal,Figueira Branca,Cafeteria,Wesley Lima,Sérgio Oliveira,mensal,2021-08,normal,
990,Burger Tijuca Velha,Figueira Branca,Hamburgueria,Natália Almeida,Vinícius Barbosa,mensal,2021-10,mix,2025-12
991,Casa de Refeições Fonte Nova 3,Tabuleiro Alto,Restaurante,Letícia Ferreira,Sérgio Oliveira,mensal,2021-08,normal,
992,Minimercado Quintal 2,Encosta Nova,Minimercado,Cláudia Correia,Vinícius Barbosa,mensal,2021-08,sangramento,2025-05
993,Ponto do Lanche Vitória Régia 2,Várzea Comprida,Lanchonete,Aline Andrade,Sérgio Gonçalves,mensal,2022-11,normal,
994,Minimercado Nova Era,Tabuleiro Alto,Minimercado,Aline Duarte,Sérgio Gonçalves,mensal,2021-08,atrito,
995,Eventos Guarani,Palmeira Torta,Buffet e Eventos,Wesley Siqueira,Amanda Machado,ciclico,2025-10,normal,
996,Conveniência Fonte Nova,Nova Aurora do Vale,Loja de Conveniência,Silvana Santos,Mariana Cunha,mensal,2025-11,normal,
997,Lanchonete Moinho,Umbuzeiro,Lanchonete,Aline Pacheco,Mariana Cunha,ciclico,2024-01,atrito,
998,Pizzaria Ouro Fino,Itaquerê,Pizzaria,Elaine Lopes,Vinícius Barbosa,mensal,2021-08,normal,
999,Conveniência Orquídea 2,Passo Ruivo,Loja de Conveniência,Paulo Correia,Eduardo Cardoso,esporadico,2025-04,atrito,
1000,Padaria e Confeitaria Paraíso,Monte Cravo,Padaria,Simone Maia,André Santos,mensal,2022-11,normal,
1001,Casa do Café Maracanã Velho,Serra Cansada,Cafeteria,Aline Almeida,Sérgio Gonçalves,mensal,2021-08,normal,
1002,Supermercado Porto Seguro Velho 2,Porto Bandeira,Supermercado,Aline Andrade,Sérgio Gonçalves,mensal,2023-02,normal,
1003,Ponto do Lanche Primavera,Xambrê,Lanchonete,Joana Medeiros,Vinícius Barbosa,esporadico,2021-08,normal,
1004,Pizza Doce Lar,Piraquara do Oeste,Pizzaria,Sabrina Andrade,Vinícius Barbosa,esporadico,2024-04,normal,
1005,Lanches Nascente,Xambrê,Lanchonete,Gabriel Ferreira,André Santos,ciclico,2024-10,normal,
1006,Lanchonete Candeia,Olho d'Água Grande,Lanchonete,Juliana Pinheiro,Sérgio Gonçalves,esporadico,2021-08,atrito,
1007,Pizzaria Oliveira,Jaraguandu,Pizzaria,Gabriel Ferreira,André Santos,esporadico,2021-08,atrito,
1008,Panificadora Flor de Sal 2,Marimbondo,Padaria,Aline Almeida,Sérgio Gonçalves,mensal,2021-08,atrito,
1009,Café Farol,Várzea Comprida,Cafeteria,Débora Maia,Eduardo Cardoso,ciclico,2024-02,normal,
1010,Super Capim Doce 3,São Braz do Campo,Supermercado,Aline Duarte,Sérgio Gonçalves,ciclico,2022-06,atrito,
1011,Supermercado Cerrado 2,Quatro Cruzes,Supermercado,Nelson Nunes,Eduardo Cardoso,ciclico,2021-08,atrito,
1012,Gelateria Primavera 2,Santa Ilha,Sorveteria,Paulo Camargo,Eduardo Cardoso,esporadico,2022-03,atrito,
1013,Padaria e Confeitaria Bandeirante,Pedra Molhada,Padaria,Flávio Nogueira,Sérgio Oliveira,mensal,2021-08,atrito,
1014,Cantina Ipanema Velha,Várzea Comprida,Restaurante,Patrícia Braga,André Santos,mensal,2024-01,normal,
1015,Burger Varanda,Santa Ilha,Hamburgueria,Carlos Teixeira,Eduardo Cardoso,mensal,2024-01,atrito,
1016,Mercado Cerrado 2,Porto Bandeira,Minimercado,Igor Bezerra,Amanda Machado,esporadico,2021-09,normal,
1017,Lanchonete Varanda,Serra Cansada,Lanchonete,Natália Almeida,Vinícius Barbosa,mensal,2021-08,normal,
1018,Pizzaria Fonte Nova,Ribeira Funda,Pizzaria,Silvana Andrade,Amanda Machado,ciclico,2024-03,normal,
1019,Buffet Ipanema Velha 3,Vista Alegre do Ipê,Buffet e Eventos,Sandra Cardoso,André Santos,mensal,2021-08,normal,
1020,Super Chapada,Pedra Molhada,Supermercado,João Cavalcanti,Eduardo Cardoso,ciclico,2023-11,atrito,
1021,Cantina Pequi 2,Vista Alegre do Ipê,Restaurante,Wesley Lima,Sérgio Oliveira,mensal,2022-06,atrito,
1022,Panificadora Brisa,Alto Sereno,Padaria,Leandro Cunha,Amanda Machado,mensal,2021-08,normal,
1023,Pizza Pinheiro 4,Cravinho do Sul,Pizzaria,Gustavo Vasconcelos,Amanda Machado,esporadico,2021-08,normal,
1024,Panificadora São Jorge,Nova Aurora do Vale,Padaria,Kelly Santos,Eduardo Cardoso,esporadico,2022-03,normal,
1025,Mercado Vitória Régia,Quatro Cruzes,Minimercado,Flávio Nogueira,Sérgio Oliveira,ciclico,2024-12,normal,
1026,Cantina Doce Lar,Vila Aurora,Restaurante,Márcia Sales,Sérgio Oliveira,mensal,2021-08,atrito,
1027,Padaria Jacarandá 3,Tabuleiro Alto,Padaria,Gabriel Ferreira,André Santos,esporadico,2021-08,atrito,
1028,Lanches Bom Retiro 2,Xambrê,Lanchonete,Geraldo Cavalcanti,Mariana Cunha,mensal,2021-08,normal,
1029,Pizzaria Quintal 2,Sertão Novo,Pizzaria,Tatiane Sales,Mariana Cunha,esporadico,2022-12,normal,
1030,Super Jacarandá,Taquaruçu do Meio,Supermercado,Juliana Pinheiro,Sérgio Gonçalves,mensal,2021-08,atrito,
1031,Hamburgueria Dois Irmãos,Jaraguandu,Hamburgueria,Paulo Camargo,Eduardo Cardoso,ciclico,2025-11,normal,
1032,Pizzaria Olaria,Taquaruçu do Meio,Pizzaria,Simone Maia,André Santos,mensal,2021-08,normal,
1033,Panificadora Bom Retiro,Piraquara do Oeste,Padaria,Igor Bezerra,Amanda Machado,esporadico,2021-08,normal,
1034,Café Rio Claro,Passo Ruivo,Cafeteria,Vinícius Carvalho,Amanda Machado,mensal,2021-08,normal,
1035,Casa de Refeições Tijuca Velha 2,Tabuleiro Alto,Restaurante,Sabrina Andrade,Vinícius Barbosa,mensal,2021-08,atrito,
1036,Eventos Veredas 2,Santa Ilha,Buffet e Eventos,Débora Maia,Eduardo Cardoso,esporadico,2021-08,normal,
1037,Cantina Trigal,Fonte Limeira,Restaurante,Natália Almeida,Vinícius Barbosa,mensal,2021-08,degrau,2025-07
1038,Panificadora Moinho 2,Alto Sereno,Padaria,Marcos Bezerra,Amanda Machado,ciclico,2024-10,normal,
1039,Pizzaria Cerrado,Taquaruçu do Meio,Pizzaria,César Araújo,Vinícius Barbosa,esporadico,2021-08,atrito,
1040,Mercadinho Vila Nova,Fonte Limeira,Minimercado,Ricardo Teixeira,Sérgio Gonçalves,esporadico,2021-08,atrito,
1041,Restaurante Cascata 4,Barra do Piraquê,Restaurante,Cláudia Correia,Vinícius Barbosa,ciclico,2021-08,normal,
1042,Sorveteria Candeia,Barra do Piraquê,Sorveteria,Silvana Andrade,Amanda Machado,mensal,2021-08,normal,
1043,Sorveteria Maré Alta,Passo Ruivo,Sorveteria,Igor Bezerra,Amanda Machado,ciclico,2026-01,normal,
1044,Padaria Bom Retiro 2,Guaraúna,Padaria,Paulo Correia,Eduardo Cardoso,ciclico,2024-04,normal,
1045,Buffet Tijuca Velha,Riozinho Claro,Buffet e Eventos,Gabriel Ferreira,André Santos,mensal,2021-08,normal,
1046,Panificadora Serrana 2,Nova Aurora do Vale,Padaria,Vinícius Siqueira,Eduardo Cardoso,esporadico,2021-08,atrito,
1047,Ponto do Lanche Cascata,Campo Ferrugem,Lanchonete,Igor Bezerra,Amanda Machado,mensal,2023-07,normal,
1048,Distribuidora Bela Vista 2,Cravinho do Sul,Atacadista,Emerson Pinheiro,Vinícius Barbosa,mensal,2022-07,atrito,
1049,Minimercado Recanto 2,Três Bicas,Minimercado,Vinícius Carvalho,Amanda Machado,ciclico,2021-10,normal,
1050,Minimercado Sempre Viva 2,Figueira Branca,Minimercado,Tatiane Sales,Mariana Cunha,mensal,2021-08,normal,
1051,Mercadinho Terra Boa,Monte Cravo,Minimercado,Silvana Santos,Mariana Cunha,mensal,2025-07,atrito,
1052,Panificadora Palmeira,Serra Cansada,Padaria,Fernanda Sampaio,Sérgio Gonçalves,mensal,2024-04,normal,
1053,Mercado Raiz Forte,Quatro Cruzes,Minimercado,Wagner Rodrigues,Mariana Cunha,esporadico,2022-01,atrito,
1054,Super Estrela 3,Serra Cansada,Supermercado,César Lopes,Mariana Cunha,mensal,2021-08,normal,
1055,Pizzaria Sossego 3,Quatro Cruzes,Pizzaria,Vanessa Teixeira,Sérgio Gonçalves,esporadico,2025-11,normal,
1056,Pizzaria Sabor Real,Bela Corrente,Pizzaria,Vinícius Siqueira,Eduardo Cardoso,esporadico,2024-09,normal,
1057,Lanches Cravo 2,Quatro Cruzes,Lanchonete,Aline Duarte,Sérgio Gonçalves,mensal,2022-03,atrito,
1058,Casa do Café Rosa dos Ventos,Monte Cravo,Cafeteria,Jorge Sousa,Vinícius Barbosa,mensal,2025-06,atrito,
1059,Super Quintal,Ribeira Funda,Supermercado,Ricardo Teixeira,Sérgio Gonçalves,mensal,2022-04,normal,
1060,Panificadora Palmeira 2,Palmeira Torta,Padaria,Cláudia Miranda,Mariana Cunha,esporadico,2021-08,normal,
1061,Restaurante Lagoa Azul,Piraquara do Oeste,Restaurante,Adriana Xavier,Eduardo Cardoso,ciclico,2021-08,atrito,
1062,Casa de Refeições Terra Boa,Barra do Piraquê,Restaurante,Gabriel Ferreira,André Santos,ciclico,2021-09,normal,
1063,Casa de Refeições São Jorge,Piraquara do Oeste,Restaurante,Aline Almeida,Sérgio Gonçalves,esporadico,2024-02,normal,
1064,Minimercado Varanda 2,Alto Sereno,Minimercado,Silvana Silva,Vinícius Barbosa,esporadico,2021-08,atrito,
1065,Cantina Sol Nascente,Campo Ferrugem,Restaurante,Aline Pacheco,Mariana Cunha,mensal,2021-08,normal,
1066,Hamburgueria Mirante 2,Várzea Comprida,Hamburgueria,Paulo Camargo,Eduardo Cardoso,esporadico,2021-08,normal,
1067,Mercado Santa Clara 3,Umbuzeiro,Minimercado,Jorge Sousa,Vinícius Barbosa,mensal,2022-10,normal,
1068,Mercado Xodó,Taquaruçu do Meio,Minimercado,Sandra Cardoso,André Santos,mensal,2021-08,normal,
1069,Mercado Orquídea 2,Barra do Piraquê,Minimercado,Joana Medeiros,Vinícius Barbosa,mensal,2025-02,normal,
1070,Cafeteria Pedra Alta,Taquaruçu do Meio,Cafeteria,Vanessa Teixeira,Sérgio Gonçalves,mensal,2021-08,normal,
1071,Pizza Umbu 3,Encosta Nova,Pizzaria,Marcos Bezerra,Amanda Machado,mensal,2026-02,normal,
1072,Gelateria Quintal,Nova Aurora do Vale,Sorveteria,Gustavo Fonseca,Mariana Cunha,ciclico,2021-08,normal,
1073,Lanchonete Cerrado 2,São Braz do Campo,Lanchonete,Cláudia Miranda,Mariana Cunha,mensal,2021-08,parada,2025-12
1074,Super Doce Lar 3,Vila Cascata,Supermercado,Roberta Pinheiro,Amanda Machado,ciclico,2021-08,atrito,
1075,Loja Orquídea,Serra Cansada,Loja de Conveniência,André Batista,Sérgio Oliveira,mensal,2021-08,normal,
1076,Panificadora Juriti,Vista Alegre do Ipê,Padaria,Simone Maia,André Santos,mensal,2022-06,atrito,
1077,Ponto do Lanche Farol,Vale Formoso do Norte,Lanchonete,Aline Duarte,Sérgio Gonçalves,mensal,2021-08,atrito,
1078,Gelateria Fonte Nova 2,Porto Bandeira,Sorveteria,Adriana Ferreira,André Santos,esporadico,2021-08,normal,
1079,Pizza Figueira,Tabuleiro Alto,Pizzaria,Emerson Carvalho,Eduardo Cardoso,mensal,2021-08,normal,
1080,Cafeteria Serrana 2,Nova Aurora do Vale,Cafeteria,Geraldo Cavalcanti,Mariana Cunha,ciclico,2021-08,normal,
1081,Loja Maracanã Velho,Porto Bandeira,Loja de Conveniência,Isabela Lopes,Mariana Cunha,mensal,2023-06,atrito,
1082,Açaí Raiz Forte,Lagoa Vermelha do Norte,Açaiteria,Vanessa Teixeira,Sérgio Gonçalves,mensal,2025-04,atrito,
1083,Ponto do Lanche Veredas 2,Serra Cansada,Lanchonete,Cláudia Miranda,Mariana Cunha,mensal,2021-08,normal,
1084,Eventos Palmeira,Vila Cascata,Buffet e Eventos,Simone Maia,André Santos,mensal,2023-09,normal,
1085,Cantina Porto Seguro Velho 2,Vila Cascata,Restaurante,Patrícia Rezende,Mariana Cunha,mensal,2021-08,normal,
1086,Cantina Olaria,Campo Ferrugem,Restaurante,Joana Medeiros,Vinícius Barbosa,esporadico,2021-08,normal,
1087,Mercado Santa Clara 4,Jaraguandu,Minimercado,Rafael Teixeira,Sérgio Oliveira,mensal,2021-10,atrito,
1088,Sorveteria Veredas 2,Vila Cascata,Sorveteria,Igor Bezerra,Amanda Machado,mensal,2021-08,normal,
1089,Panificadora Figueira,Palmeira Torta,Padaria,Renata Cardoso,Sérgio Gonçalves,ciclico,2021-08,normal,
1090,Lanchonete Encanto,Porto Bandeira,Lanchonete,Gustavo Fonseca,Mariana Cunha,ciclico,2024-04,atrito,
1091,Hamburgueria Oliveira,Olho d'Água Grande,Hamburgueria,Isabela Guimarães,André Santos,mensal,2021-08,normal,
1092,Mercado Primavera 2,Cravinho do Sul,Minimercado,Silvana Santos,Mariana Cunha,mensal,2021-08,normal,
1093,Burger Esperança 2,Serra Cansada,Hamburgueria,Débora Faria,Mariana Cunha,mensal,2021-08,normal,
1094,Lanches Pequi 2,Umbuzeiro,Lanchonete,André Cardoso,Vinícius Barbosa,esporadico,2021-08,normal,
1095,Cantina Cascata,Figueira Branca,Restaurante,Igor Bezerra,Amanda Machado,esporadico,2024-05,atrito,
1096,Super Figueira,Riozinho Claro,Supermercado,Aline Almeida,Sérgio Gonçalves,mensal,2021-08,sangramento,2025-12
1097,Super Juriti,São Braz do Campo,Supermercado,Vanessa Teixeira,Sérgio Gonçalves,ciclico,2021-08,normal,
1098,Casa do Café Fonte Nova 2,Quatro Cruzes,Cafeteria,Wagner Martins,Amanda Machado,esporadico,2021-08,normal,
1099,Panificadora Tamarindo 2,Lagoa Vermelha do Norte,Padaria,Wagner Braga,Sérgio Gonçalves,ciclico,2021-08,normal,
1100,Lanchonete Esperança,Figueira Branca,Lanchonete,Leandro Cunha,Amanda Machado,mensal,2026-01,normal,
1101,Padaria e Confeitaria Paraíso 2,Alto Sereno,Padaria,Simone Maia,André Santos,mensal,2021-08,atrito,
1102,Padaria Tijuca Velha,Bela Corrente,Padaria,César Araújo,Vinícius Barbosa,mensal,2024-11,normal,
1103,Açaí Raiz Forte 2,Riozinho Claro,Açaiteria,Aline Almeida,Sérgio Gonçalves,esporadico,2023-06,normal,
1104,Panificadora Capim Doce,São Braz do Campo,Padaria,Paulo Correia,Eduardo Cardoso,mensal,2021-08,normal,
1105,Mercadinho Bela Vista,São Braz do Campo,Minimercado,Lucas Braga,André Santos,esporadico,2022-02,atrito,
1106,Loja Farol 2,Lagoa Vermelha do Norte,Loja de Conveniência,Igor Rodrigues,Eduardo Cardoso,mensal,2025-06,atrito,
1107,Minimercado Esperança,Taquaruçu do Meio,Minimercado,Joana Medeiros,Vinícius Barbosa,mensal,2021-08,normal,
1108,Cafeteria Girassol,Marimbondo,Cafeteria,Isabela Guimarães,André Santos,mensal,2022-01,normal,
1109,Açaí Sol Nascente,Ribeira Funda,Açaiteria,Juliana Pinheiro,Sérgio Gonçalves,mensal,2025-10,normal,
1110,Panificadora Nascente 2,Fonte Limeira,Padaria,Silvana Santos,Mariana Cunha,mensal,2023-03,normal,
1111,Casa de Refeições Central 2,Quatro Cruzes,Restaurante,Wesley Lima,Sérgio Oliveira,mensal,2021-08,normal,
1112,Supermercado Maré Alta,Xambrê,Supermercado,César Araújo,Vinícius Barbosa,mensal,2024-10,atrito,
1113,Pizzaria Figueira 3,Bela Corrente,Pizzaria,Gabriel Ferreira,André Santos,ciclico,2023-04,normal,
1114,Café Ponte Velha,Vila Aurora,Cafeteria,Vinícius Siqueira,Eduardo Cardoso,ciclico,2024-08,normal,
1115,Hamburgueria Nascente,Jaraguandu,Hamburgueria,Gabriel Ferreira,André Santos,ciclico,2021-12,normal,
1116,Mercadinho Juriti 2,Jaraguandu,Minimercado,Paulo Correia,Eduardo Cardoso,mensal,2021-08,normal,
1117,Padaria Nascente 2,Umbuzeiro,Padaria,Gabriel Ferreira,André Santos,mensal,2021-09,normal,
1118,Casa de Refeições Nascente,Bela Corrente,Restaurante,Márcia Sales,Sérgio Oliveira,mensal,2024-03,normal,
1119,Cantina Sempre Viva,Piraquara do Oeste,Restaurante,Diego Martins,Sérgio Gonçalves,ciclico,2023-10,normal,
1120,Loja Ipanema Velha,Jaraguandu,Loja de Conveniência,Helena Vieira,Amanda Machado,mensal,2025-03,normal,
1121,Minimercado Doce Lar,Guaraúna,Minimercado,Vanessa Teixeira,Sérgio Gonçalves,mensal,2025-03,normal,
1122,Restaurante Veredas 3,Fonte Limeira,Restaurante,Raquel Ferreira,Vinícius Barbosa,esporadico,2022-08,normal,
1123,Cantina Recanto,Jaraguandu,Restaurante,Sabrina Andrade,Vinícius Barbosa,mensal,2026-03,normal,
1124,Super Cerrado,Nova Aurora do Vale,Supermercado,Murilo Alves,André Santos,mensal,2022-02,atrito,
1125,Pizza Maré Alta,Serra Cansada,Pizzaria,Leandro Cunha,Amanda Machado,ciclico,2021-08,normal,
1126,Mercadinho Palmeira,Vale Formoso do Norte,Minimercado,Wesley Lima,Sérgio Oliveira,mensal,2021-12,normal,
1127,Pizzaria Raiz Forte,Porto Bandeira,Pizzaria,Vinícius Carvalho,Amanda Machado,mensal,2021-08,mix,2025-10
1128,Padaria Moinho 2,Olho d'Água Grande,Padaria,Paulo Correia,Eduardo Cardoso,ciclico,2021-08,normal,
1129,Super Maracanã Velho,Piraquara do Oeste,Supermercado,Débora Nunes,Sérgio Gonçalves,mensal,2021-08,mix,2025-09
1130,Cantina Cascata 2,Palmeira Torta,Restaurante,Marcos Bezerra,Amanda Machado,ciclico,2021-08,normal,
1131,Minimercado Bela Vista,Vale Formoso do Norte,Minimercado,Débora Faria,Mariana Cunha,esporadico,2021-08,normal,
1132,Loja Terra Boa 2,Porto Bandeira,Loja de Conveniência,Gustavo Fonseca,Mariana Cunha,mensal,2021-08,normal,
1133,Atacado Maracanã Velho,Encosta Nova,Atacadista,Wesley Lima,Sérgio Oliveira,ciclico,2024-10,atrito,
1134,Açaí Brisa,Jaraguandu,Açaiteria,André Batista,Sérgio Oliveira,esporadico,2022-01,normal,
1135,Gelateria Chapada,Campo Ferrugem,Sorveteria,César Lopes,Mariana Cunha,ciclico,2026-04,normal,
1136,Mercado Jacarandá,Vila Cascata,Minimercado,Aline Almeida,Sérgio Gonçalves,mensal,2021-12,parada,2025-11
1137,Minimercado Serrana,Bela Corrente,Minimercado,Patrícia Braga,André Santos,ciclico,2021-08,normal,
1138,Mercadinho Vale Verde 2,Barra do Piraquê,Minimercado,Débora Faria,Mariana Cunha,mensal,2021-08,atrito,
1139,Burger Nascente,Vale Formoso do Norte,Hamburgueria,Aline Araújo,André Santos,mensal,2025-01,normal,
1140,Panificadora Dois Irmãos,Tabuleiro Alto,Padaria,Vanessa Teixeira,Sérgio Gonçalves,mensal,2025-06,normal,
1141,Açaí Brisa 2,Sertão Novo,Açaiteria,Cláudia Correia,Vinícius Barbosa,mensal,2021-08,sangramento,2025-04
1142,Açaí Vila Nova,Bela Corrente,Açaiteria,Helena Vieira,Amanda Machado,ciclico,2021-08,atrito,
1143,Supermercado Ipanema Velha,Figueira Branca,Supermercado,César Lopes,Mariana Cunha,mensal,2024-10,normal,
1144,Lanchonete Tamarindo 2,Serra Cansada,Lanchonete,Leandro Cunha,Amanda Machado,ciclico,2021-08,normal,
1145,Padaria Tijuca Velha 2,Umbuzeiro,Padaria,César Araújo,Vinícius Barbosa,mensal,2021-08,normal,
1146,Casa de Refeições Quintal,Pedra Molhada,Restaurante,Lucas Braga,André Santos,esporadico,2022-02,atrito,
1147,Açaiteria Maré Alta 2,Taquaruçu do Meio,Açaiteria,Joana Medeiros,Vinícius Barbosa,esporadico,2024-07,atrito,
1148,Gelateria Oliveira 2,Várzea Comprida,Sorveteria,Flávio Nogueira,Sérgio Oliveira,mensal,2022-06,parada,2025-10
1149,Eventos Jatobá,Bela Corrente,Buffet e Eventos,Jaqueline Alves,Sérgio Oliveira,ciclico,2022-11,atrito,
1150,Super Girassol 3,Vila Cascata,Supermercado,Viviane Soares,Mariana Cunha,mensal,2025-02,normal,
1151,Distribuidora Guarani,Cravinho do Sul,Atacadista,Sandra Cardoso,André Santos,esporadico,2026-03,normal,
1152,Sorveteria Farol,Campo Ferrugem,Sorveteria,Geraldo Cavalcanti,Mariana Cunha,esporadico,2024-09,atrito,
1153,Mercadinho Jatobá 2,Ribeira Funda,Minimercado,Jorge Sousa,Vinícius Barbosa,esporadico,2021-08,normal,
1154,Lanchonete Encanto 2,São Braz do Campo,Lanchonete,Sandra Cardoso,André Santos,mensal,2021-08,mix,2025-12
1155,Mercado Rio Claro 2,Jaraguandu,Minimercado,Helena Gonçalves,André Santos,mensal,2023-04,normal,
1156,Padaria e Confeitaria Vila Nova,Sertão Novo,Padaria,Tatiane Sales,Mariana Cunha,ciclico,2022-03,normal,
1157,Pizzaria Primavera,Taquaruçu do Meio,Pizzaria,Murilo Alves,André Santos,esporadico,2025-10,normal,
1158,Supermercado Recanto 2,Porto Bandeira,Supermercado,Rafael Teixeira,Sérgio Oliveira,esporadico,2021-08,atrito,
1159,Açaiteria Quintal,Marimbondo,Açaiteria,Joana Medeiros,Vinícius Barbosa,mensal,2021-08,normal,
1160,Lanches Moinho 2,Itaquerê,Lanchonete,Cláudia Correia,Vinícius Barbosa,esporadico,2025-04,normal,
1161,Minimercado Umbu,Encosta Nova,Minimercado,Nelson Nunes,Eduardo Cardoso,mensal,2024-02,normal,
1162,Café Nova Era,Barra do Piraquê,Cafeteria,Cláudia Correia,Vinícius Barbosa,esporadico,2021-08,normal,
1163,Padaria e Confeitaria Horizonte 2,Itaquerê,Padaria,Patrícia Rezende,Mariana Cunha,mensal,2021-08,parada,2025-07
1164,Cantina Vale Verde,Vila Cascata,Restaurante,Renata Cardoso,Sérgio Gonçalves,mensal,2025-02,normal,
1165,Hamburgueria Fonte Nova,Riozinho Claro,Hamburgueria,Aline Duarte,Sérgio Gonçalves,esporadico,2021-08,normal,
1166,Hamburgueria Quintal 2,Ipê Sereno,Hamburgueria,Daniel Mendes,André Santos,mensal,2021-08,atrito,
1167,Mercado Varanda 3,Riozinho Claro,Minimercado,Raquel Ferreira,Vinícius Barbosa,mensal,2024-04,normal,
1168,Casa de Refeições Doce Lar,Palmeira Torta,Restaurante,Sandra Cardoso,André Santos,ciclico,2021-08,atrito,
1169,Sorveteria Vitória Régia,Xambrê,Sorveteria,Aline Duarte,Sérgio Gonçalves,ciclico,2024-06,normal,
1170,Casa do Café Pitanga,Guaraúna,Cafeteria,Aline Almeida,Sérgio Gonçalves,mensal,2022-02,normal,
1171,Café Porto Seguro Velho,Xambrê,Cafeteria,Helena Gonçalves,André Santos,mensal,2024-12,normal,
1172,Cantina Vila Nova,Nova Aurora do Vale,Restaurante,Cláudia Correia,Vinícius Barbosa,mensal,2022-01,atrito,
1173,Distribuidora Chapada,Ipê Sereno,Atacadista,Isabela Lopes,Mariana Cunha,ciclico,2021-08,atrito,
1174,Hamburgueria Ouro Fino,Cravinho do Sul,Hamburgueria,Igor Bezerra,Amanda Machado,ciclico,2025-04,normal,
1175,Conveniência Varanda,Tabuleiro Alto,Loja de Conveniência,Vanessa Teixeira,Sérgio Gonçalves,mensal,2023-11,atrito,
1176,Mercado Vila Nova 3,Figueira Branca,Minimercado,Adriana Ferreira,André Santos,ciclico,2021-08,atrito,
1177,Lanchonete Ponte Velha,Vale Formoso do Norte,Lanchonete,Sandra Cardoso,André Santos,mensal,2022-08,normal,
1178,Pizzaria Vila Nova,Tabuleiro Alto,Pizzaria,Gustavo Fonseca,Mariana Cunha,mensal,2021-08,atrito,
1179,Padaria Juriti,Barra do Piraquê,Padaria,Aline Almeida,Sérgio Gonçalves,mensal,2024-11,atrito,
1180,Super Bela Vista,Vista Alegre do Ipê,Supermercado,Sandra Cardoso,André Santos,ciclico,2021-08,normal,
1181,Lanchonete Pedra Alta,Cravinho do Sul,Lanchonete,Silvana Silva,Vinícius Barbosa,mensal,2021-08,atrito,
1182,Padaria Lagoa Azul,Nova Aurora do Vale,Padaria,Wesley Siqueira,Amanda Machado,esporadico,2021-08,normal,
1183,Super Farol,Olho d'Água Grande,Supermercado,Marcos Almeida,Sérgio Oliveira,mensal,2025-02,normal,
1184,Super Sossego,Xambrê,Supermercado,Igor Batista,Amanda Machado,ciclico,2021-08,normal,
1185,Casa de Refeições Veredas 4,Bela Corrente,Restaurante,Sandra Mendes,Sérgio Gonçalves,esporadico,2021-08,atrito,
1186,Casa de Refeições Rio Claro,Pedra Molhada,Restaurante,Paulo Correia,Eduardo Cardoso,mensal,2021-08,normal,
1187,Mercadinho Moinho 3,Porto Bandeira,Minimercado,Vanessa Teixeira,Sérgio Gonçalves,ciclico,2021-08,normal,
1188,Hamburgueria Brisa,Quatro Cruzes,Hamburgueria,Aline Duarte,Sérgio Gonçalves,mensal,2022-10,atrito,
1189,Café Sempre Viva,Vila Cascata,Cafeteria,Joana Medeiros,Vinícius Barbosa,esporadico,2021-08,normal,
1190,Burger Rosa dos Ventos,Fonte Limeira,Hamburgueria,Cláudia Correia,Vinícius Barbosa,mensal,2022-09,normal,
1191,Mercado Raiz Forte 2,Pedra Molhada,Minimercado,Emerson Carvalho,Eduardo Cardoso,mensal,2024-09,normal,
1192,Lanchonete Flor de Sal 2,Campo Ferrugem,Lanchonete,Ricardo Teixeira,Sérgio Gonçalves,mensal,2021-08,normal,
1193,Açaí Sabor Real,Serra Cansada,Açaiteria,Roberta Pinheiro,Amanda Machado,mensal,2023-03,normal,
1194,Padaria Raiz Forte,Bela Corrente,Padaria,Paulo Correia,Eduardo Cardoso,mensal,2022-08,atrito,
1195,Loja Luar,Praia do Sino,Loja de Conveniência,Wagner Braga,Sérgio Gonçalves,ciclico,2021-08,normal,
1196,Conveniência Central 2,Figueira Branca,Loja de Conveniência,Cláudia Correia,Vinícius Barbosa,esporadico,2024-06,atrito,
1197,Cantina Capim Doce 2,Xambrê,Restaurante,Wagner Alves,Amanda Machado,mensal,2021-08,normal,
1198,Padaria e Confeitaria Bela Vista,Cravinho do Sul,Padaria,Helena Vieira,Amanda Machado,mensal,2024-02,atrito,
1199,Mercadinho Horizonte 2,Pedra Molhada,Minimercado,Roberta Nogueira,André Santos,ciclico,2021-08,atrito,
1200,Restaurante Palmeira,Umbuzeiro,Restaurante,Helena Gonçalves,André Santos,mensal,2021-08,voltou,2026-01
1201,Lanches Vale Verde,São Braz do Campo,Lanchonete,Vanessa Teixeira,Sérgio Gonçalves,mensal,2021-12,normal,
1202,Mercado Candeia,Lagoa Vermelha do Norte,Minimercado,Marcos Bezerra,Amanda Machado,ciclico,2021-08,atrito,
1203,Café Pedra Alta,Jaraguandu,Cafeteria,Tatiane Sales,Mariana Cunha,esporadico,2022-11,normal,
1204,Ponto do Lanche Serrana,Sertão Novo,Lanchonete,Sabrina Siqueira,Sérgio Oliveira,ciclico,2021-08,normal,
1205,Supermercado Sol Nascente,Taquaruçu do Meio,Supermercado,Mariana Oliveira,Eduardo Cardoso,ciclico,2023-12,atrito,
1206,Panificadora Serrana 3,Lagoa Vermelha do Norte,Padaria,Fernanda Sampaio,Sérgio Gonçalves,esporadico,2021-08,normal,
1207,Conveniência Jatobá,Vila Aurora,Loja de Conveniência,Débora Faria,Mariana Cunha,ciclico,2021-08,atrito,
1208,Super Lagoa Azul,Quatro Cruzes,Supermercado,Renata Cardoso,Sérgio Gonçalves,esporadico,2021-08,normal,
1209,Padaria Palmeira 2,Xambrê,Padaria,Silvana Silva,Vinícius Barbosa,mensal,2022-09,atrito,
1210,Padaria Pinheiro 2,Guaraúna,Padaria,Ricardo Teixeira,Sérgio Gonçalves,mensal,2021-08,atrito,
1211,Restaurante Ouro Fino 2,Vila Aurora,Restaurante,Débora Nunes,Sérgio Gonçalves,esporadico,2022-04,atrito,
1212,Mercadinho Girassol 2,Campo Ferrugem,Minimercado,Simone Maia,André Santos,ciclico,2024-04,normal,
1213,Cafeteria Tijuca Velha,Três Bicas,Cafeteria,Aline Araújo,André Santos,esporadico,2025-02,normal,
1214,Gelateria Pedra Alta 2,Fonte Limeira,Sorveteria,Isabela Lopes,Mariana Cunha,mensal,2021-08,degrau,2025-08
1215,Panificadora Quintal 2,Vale Formoso do Norte,Padaria,Antônio Freitas,Vinícius Barbosa,ciclico,2022-12,normal,
1216,Açaí Juriti,Taquaruçu do Meio,Açaiteria,Vinícius Carvalho,Amanda Machado,mensal,2023-11,normal,
1217,Casa de Refeições Ipê Roxo 2,Porto Bandeira,Restaurante,Sandra Mendes,Sérgio Gonçalves,esporadico,2021-08,atrito,
1218,Padaria Vitória Régia,Santa Ilha,Padaria,Isabela Lopes,Mariana Cunha,mensal,2022-12,normal,
1219,Pizzaria Encanto,Bela Corrente,Pizzaria,Aline Duarte,Sérgio Gonçalves,mensal,2021-12,degrau,2025-11
1220,Lanchonete Central,Vila Aurora,Lanchonete,César Lopes,Mariana Cunha,ciclico,2021-08,atrito,
1221,Minimercado Vila Nova,Sertão Novo,Minimercado,Wagner Alves,Amanda Machado,mensal,2024-10,normal,
1222,Supermercado Oliveira,Tabuleiro Alto,Supermercado,Ricardo Teixeira,Sérgio Gonçalves,esporadico,2022-08,atrito,
1223,Mercado Estrela,Vila Cascata,Minimercado,Kelly Carvalho,Sérgio Gonçalves,ciclico,2025-02,normal,
1224,Lanches Tucano 2,Porto Bandeira,Lanchonete,Wagner Rodrigues,Mariana Cunha,ciclico,2021-10,normal,
1225,Cafeteria Santa Clara,Marimbondo,Cafeteria,César Lopes,Mariana Cunha,mensal,2024-11,normal,
1226,Panificadora Nascente 3,Taquaruçu do Meio,Padaria,Cláudia Correia,Vinícius Barbosa,mensal,2022-05,atrito,
1227,Cafeteria Girassol 2,Passo Ruivo,Cafeteria,Yara Coelho,Sérgio Oliveira,ciclico,2025-09,normal,
1228,Lanches Pitanga 3,São Braz do Campo,Lanchonete,Gabriel Ferreira,André Santos,mensal,2021-08,degrau,2025-11
1229,Açaí Bom Retiro,Vale Formoso do Norte,Açaiteria,Flávio Nogueira,Sérgio Oliveira,ciclico,2021-08,normal,
1230,Pizzaria Ipanema Velha,Bela Corrente,Pizzaria,Patrícia Rezende,Mariana Cunha,esporadico,2021-08,normal,
1231,Minimercado Cerrado,Jaraguandu,Minimercado,Silvana Santos,Mariana Cunha,ciclico,2025-10,normal,
1232,Mercado Varanda 4,São Braz do Campo,Minimercado,Wesley Lima,Sérgio Oliveira,esporadico,2023-12,normal,
1233,Pizza Primavera 2,Umbuzeiro,Pizzaria,Aline Pacheco,Mariana Cunha,ciclico,2022-11,normal,
1234,Açaiteria Candeia,Vila Cascata,Açaiteria,Helena Vieira,Amanda Machado,ciclico,2025-12,normal,
1235,Distribuidora Ouro Fino,Ipê Sereno,Atacadista,Wesley Lima,Sérgio Oliveira,mensal,2021-08,normal,
1236,Ponto do Lanche Olaria,Monte Cravo,Lanchonete,Igor Batista,Amanda Machado,mensal,2021-08,atrito,
1237,Conveniência Central 3,Barra do Piraquê,Loja de Conveniência,Joana Medeiros,Vinícius Barbosa,mensal,2021-08,mix,2025-07
1238,Buffet Xodó 2,Alto Sereno,Buffet e Eventos,Wesley Lima,Sérgio Oliveira,mensal,2023-09,atrito,
1239,Mercadinho Capim Doce,Marimbondo,Minimercado,Silvana Andrade,Amanda Machado,esporadico,2022-10,atrito,
1240,Gelateria Ponte Velha 2,Sertão Novo,Sorveteria,Geraldo Cavalcanti,Mariana Cunha,ciclico,2021-08,normal,
1241,Cantina Bela Vista 4,Ribeira Funda,Restaurante,Diego Martins,Sérgio Gonçalves,mensal,2021-08,normal,
1242,Pizzaria Trigal 2,Itaquerê,Pizzaria,Vanessa Teixeira,Sérgio Gonçalves,ciclico,2021-08,atrito,
1243,Supermercado Esperança,Encosta Nova,Supermercado,Simone Maia,André Santos,mensal,2021-08,normal,
1244,Panificadora Mirante 2,Ribeira Funda,Padaria,Juliana Xavier,Mariana Cunha,esporadico,2021-08,atrito,
1245,Padaria e Confeitaria Orquídea 2,Itaquerê,Padaria,Ricardo Teixeira,Sérgio Gonçalves,mensal,2022-12,normal,
1246,Pizzaria Jatobá,Lagoa Vermelha do Norte,Pizzaria,Helena Vieira,Amanda Machado,esporadico,2024-10,atrito,
1247,Padaria Serrana 2,Vila Cascata,Padaria,Gabriel Ferreira,André Santos,ciclico,2021-08,normal,
1248,Padaria e Confeitaria Sabor Real 2,Campo Ferrugem,Padaria,Roberta Pinheiro,Amanda Machado,ciclico,2023-09,normal,
1249,Minimercado Cravo 3,Xambrê,Minimercado,Joana Medeiros,Vinícius Barbosa,mensal,2021-08,normal,
1250,Mercadinho Maracanã Velho,Fonte Limeira,Minimercado,Wagner Braga,Sérgio Gonçalves,mensal,2021-08,degrau,2025-08
1251,Panificadora Guarani 2,Encosta Nova,Padaria,Jorge Sousa,Vinícius Barbosa,mensal,2021-08,normal,
1252,Panificadora Rosa dos Ventos,Umbuzeiro,Padaria,Gustavo Fonseca,Mariana Cunha,mensal,2021-08,mix,2025-11
1253,Supermercado Nascente,Umbuzeiro,Supermercado,Vanessa Teixeira,Sérgio Gonçalves,esporadico,2026-03,normal,
1254,Conveniência Juriti,Tabuleiro Alto,Loja de Conveniência,Emerson Carvalho,Eduardo Cardoso,esporadico,2021-08,atrito,
1255,Super Brisa,Vista Alegre do Ipê,Supermercado,Igor Rodrigues,Eduardo Cardoso,ciclico,2023-05,atrito,
1256,Restaurante Fonte Nova 2,Palmeira Torta,Restaurante,Ricardo Teixeira,Sérgio Gonçalves,mensal,2023-10,normal,
1257,Padaria Xodó,Piraquara do Oeste,Padaria,Jorge Sousa,Vinícius Barbosa,mensal,2021-08,normal,
1258,Distribuidora Candeia,Praia do Sino,Atacadista,Patrícia Braga,André Santos,esporadico,2024-10,normal,
1259,Supermercado Doce Lar,Taquaruçu do Meio,Supermercado,Silvana Santos,Mariana Cunha,ciclico,2025-05,normal,
1260,Hamburgueria Rio Claro,Taquaruçu do Meio,Hamburgueria,Murilo Alves,André Santos,mensal,2021-08,normal,
1261,Cantina Encanto,Praia do Sino,Restaurante,Viviane Soares,Mariana Cunha,ciclico,2022-10,atrito,
1262,Café Orquídea,Três Bicas,Cafeteria,Isabela Lopes,Mariana Cunha,esporadico,2023-11,normal,
1263,Cantina Serrana,Palmeira Torta,Restaurante,Sabrina Andrade,Vinícius Barbosa,mensal,2022-06,normal,
1264,Padaria e Confeitaria Central,Serra Cansada,Padaria,Vinícius Carvalho,Amanda Machado,mensal,2022-03,mix,2025-07
1265,Ponto do Lanche Ponte Velha,Umbuzeiro,Lanchonete,Viviane Soares,Mariana Cunha,mensal,2021-08,mix,2025-10
1266,Açaí Terra Boa 2,Cravinho do Sul,Açaiteria,Raquel Barbosa,Amanda Machado,ciclico,2021-08,normal,
1267,Lanchonete Olaria,Serra Cansada,Lanchonete,Murilo Alves,André Santos,esporadico,2021-08,atrito,
1268,Restaurante Figueira 2,Vista Alegre do Ipê,Restaurante,Helena Vieira,Amanda Machado,ciclico,2025-03,atrito,
1269,Mercadinho Figueira,Alto Sereno,Minimercado,Silvana Silva,Vinícius Barbosa,ciclico,2024-05,normal,
1270,Padaria Pitanga 2,Lagoa Vermelha do Norte,Padaria,Vinícius Siqueira,Eduardo Cardoso,mensal,2023-10,normal,
1271,Cantina Jatobá 2,Santa Ilha,Restaurante,Igor Bezerra,Amanda Machado,mensal,2021-08,atrito,
1272,Lanches Pinheiro,Vale Formoso do Norte,Lanchonete,César Araújo,Vinícius Barbosa,mensal,2021-08,normal,
1273,Pizzaria Doce Lar,Vale Formoso do Norte,Pizzaria,Diego Martins,Sérgio Gonçalves,esporadico,2025-10,normal,
1274,Panificadora Palmeira 3,Nova Aurora do Vale,Padaria,Cláudia Correia,Vinícius Barbosa,ciclico,2021-08,normal,
1275,Pizzaria Jacarandá,Várzea Comprida,Pizzaria,Aline Andrade,Sérgio Gonçalves,mensal,2021-08,normal,
1276,Casa de Refeições Ouro Fino,Campo Ferrugem,Restaurante,Cláudia Correia,Vinícius Barbosa,ciclico,2024-10,normal,
1277,Panificadora Jacarandá 2,Cravinho do Sul,Padaria,Cláudia Correia,Vinícius Barbosa,ciclico,2023-03,atrito,
1278,Minimercado Sossego 2,Guaraúna,Minimercado,César Lopes,Mariana Cunha,mensal,2021-08,atrito,
1279,Casa de Refeições Pinheiro,Cravinho do Sul,Restaurante,Tatiane Sales,Mariana Cunha,mensal,2021-08,normal,
1280,Lanchonete Pedra Alta 2,Xambrê,Lanchonete,Sandra Mendes,Sérgio Gonçalves,ciclico,2024-06,atrito,
1281,Açaí Juriti 2,Lagoa Vermelha do Norte,Açaiteria,Joana Medeiros,Vinícius Barbosa,mensal,2021-08,normal,
1282,Hamburgueria Sol Nascente,Palmeira Torta,Hamburgueria,Letícia Ferreira,Sérgio Oliveira,ciclico,2024-11,atrito,
1283,Restaurante Fonte Nova 3,Umbuzeiro,Restaurante,Aline Araújo,André Santos,mensal,2024-08,normal,
1284,Panificadora Doce Lar,Praia do Sino,Padaria,Wagner Braga,Sérgio Gonçalves,mensal,2021-08,normal,
1285,Padaria Estrela,Piraquara do Oeste,Padaria,Cláudia Miranda,Mariana Cunha,mensal,2024-12,atrito,
1286,Supermercado Vitória Régia,Passo Ruivo,Supermercado,Adriana Ferreira,André Santos,mensal,2021-08,parada,2026-03
1287,Burger Recanto,Barra do Piraquê,Hamburgueria,Wesley Lima,Sérgio Oliveira,mensal,2021-08,atrito,
1288,Restaurante Trigal 2,Palmeira Torta,Restaurante,Débora Faria,Mariana Cunha,mensal,2021-08,normal,
1289,Sorveteria Flor de Sal,Olho d'Água Grande,Sorveteria,Viviane Soares,Mariana Cunha,esporadico,2021-08,normal,
1290,Casa de Refeições Girassol 2,Vale Formoso do Norte,Restaurante,Letícia Ferreira,Sérgio Oliveira,mensal,2021-08,normal,
1291,Panificadora Jacarandá 3,Vale Formoso do Norte,Padaria,Wagner Martins,Amanda Machado,mensal,2023-12,normal,
1292,Restaurante Umbu 3,Vila Cascata,Restaurante,Elaine Lopes,Vinícius Barbosa,ciclico,2021-08,normal,
1293,Casa do Café Ipanema Velha,Umbuzeiro,Cafeteria,Aline Pacheco,Mariana Cunha,mensal,2024-03,normal,
1294,Restaurante Terra Boa 2,Umbuzeiro,Restaurante,Ricardo Teixeira,Sérgio Gonçalves,esporadico,2021-08,normal,
1295,Atacado São Jorge,Olho d'Água Grande,Atacadista,Aline Almeida,Sérgio Gonçalves,ciclico,2021-08,atrito,
1296,Loja Pedra Alta,Ribeira Funda,Loja de Conveniência,Wesley Lima,Sérgio Oliveira,esporadico,2021-08,atrito,
1297,Pizza Esperança 3,Pedra Molhada,Pizzaria,Marcos Bezerra,Amanda Machado,ciclico,2021-08,normal,
1298,Casa do Café Varanda,Figueira Branca,Cafeteria,Adriana Ferreira,André Santos,esporadico,2024-02,atrito,
1299,Loja Estrela,Quatro Cruzes,Loja de Conveniência,Aline Duarte,Sérgio Gonçalves,ciclico,2021-08,normal,
1300,Cantina Terra Boa,Palmeira Torta,Restaurante,Wesley Lima,Sérgio Oliveira,esporadico,2021-08,normal,
1301,Açaí Sol Nascente 2,Lagoa Vermelha do Norte,Açaiteria,André Batista,Sérgio Oliveira,mensal,2023-03,normal,
1302,Mercado Capim Doce 2,Bela Corrente,Minimercado,Juliana Pinheiro,Sérgio Gonçalves,esporadico,2021-08,atrito,
1303,Gelateria Bom Retiro 2,Alto Sereno,Sorveteria,Aline Araújo,André Santos,mensal,2021-11,atrito,
1304,Atacadão Ponte Velha,Nova Aurora do Vale,Atacadista,Cláudia Correia,Vinícius Barbosa,esporadico,2024-02,normal,
1305,Casa do Café Sabor Real,Jaraguandu,Cafeteria,Juliana Pinheiro,Sérgio Gonçalves,mensal,2022-07,normal,
1306,Super Candeia,Vila Cascata,Supermercado,Cláudia Correia,Vinícius Barbosa,ciclico,2021-08,normal,
1307,Padaria Doce Lar,Vila Aurora,Padaria,Wagner Braga,Sérgio Gonçalves,mensal,2021-08,atrito,
1308,Mercado Maracanã Velho 2,Lagoa Vermelha do Norte,Minimercado,Vanessa Teixeira,Sérgio Gonçalves,ciclico,2025-04,normal,
1309,Pizza Cerrado,Xambrê,Pizzaria,Wagner Braga,Sérgio Gonçalves,mensal,2025-04,normal,
1310,Restaurante Jacarandá 2,Várzea Comprida,Restaurante,Kelly Santos,Eduardo Cardoso,mensal,2021-08,normal,
1311,Pizzaria Nascente 3,Passo Ruivo,Pizzaria,Paulo Correia,Eduardo Cardoso,mensal,2021-08,atrito,
1312,Restaurante Bom Retiro 2,Pedra Molhada,Restaurante,Geraldo Cavalcanti,Mariana Cunha,mensal,2021-08,normal,
1313,Cantina Varanda 2,Ribeira Funda,Restaurante,Vinícius Siqueira,Eduardo Cardoso,mensal,2021-08,normal,
1314,Padaria e Confeitaria Quintal,Ipê Sereno,Padaria,Débora Maia,Eduardo Cardoso,ciclico,2021-08,normal,
1315,Mercado Sol Nascente,Praia do Sino,Minimercado,Gabriel Ferreira,André Santos,esporadico,2023-12,normal,
1316,Supermercado Jatobá 2,Xambrê,Supermercado,Vanessa Teixeira,Sérgio Gonçalves,mensal,2021-08,atrito,
1317,Café Quintal,Piraquara do Oeste,Cafeteria,Igor Rodrigues,Eduardo Cardoso,esporadico,2021-08,normal,
1318,Café Jacarandá 2,Campo Ferrugem,Cafeteria,Silvana Santos,Mariana Cunha,mensal,2022-04,atrito,
1319,Cafeteria Encanto,Pedra Molhada,Cafeteria,Aline Duarte,Sérgio Gonçalves,ciclico,2025-06,atrito,
1320,Supermercado Paraíso 2,Vale Formoso do Norte,Supermercado,Yara Coelho,Sérgio Oliveira,ciclico,2022-12,normal,
1321,Cantina Quintal,Encosta Nova,Restaurante,Silvana Santos,Mariana Cunha,esporadico,2021-08,normal,
1322,Lanchonete Fonte Nova,Várzea Comprida,Lanchonete,Wesley Siqueira,Amanda Machado,mensal,2026-03,normal,
1323,Burger Olaria,Palmeira Torta,Hamburgueria,César Lopes,Mariana Cunha,esporadico,2024-07,atrito,
1324,Padaria e Confeitaria Ponte Velha 2,Monte Cravo,Padaria,Vinícius Carvalho,Amanda Machado,mensal,2021-08,normal,
1325,Mercadinho Vitória Régia 4,Figueira Branca,Minimercado,Paulo Correia,Eduardo Cardoso,ciclico,2021-08,atrito,
1326,Padaria e Confeitaria Bela Vista 2,Praia do Sino,Padaria,Murilo Alves,André Santos,ciclico,2022-08,normal,
1327,Padaria Umbu,Nova Aurora do Vale,Padaria,Isabela Lopes,Mariana Cunha,mensal,2024-09,atrito,
1328,Mercadinho Paraíso,Palmeira Torta,Minimercado,Sabrina Andrade,Vinícius Barbosa,mensal,2022-11,normal,
1329,Restaurante Jacarandá 3,Piraquara do Oeste,Restaurante,Flávio Lima,André Santos,mensal,2021-08,normal,
1330,Super Nova Era 2,Tabuleiro Alto,Supermercado,Roberta Nogueira,André Santos,esporadico,2021-08,normal,
1331,Pizzaria Mirante 2,Cravinho do Sul,Pizzaria,Marcos Almeida,Sérgio Oliveira,mensal,2026-01,normal,
1332,Panificadora Umbu 3,Campo Ferrugem,Padaria,Joana Medeiros,Vinícius Barbosa,esporadico,2021-08,atrito,
1333,Mercadinho Cravo 2,Guaraúna,Minimercado,Raquel Ferreira,Vinícius Barbosa,mensal,2022-11,atrito,
1334,Panificadora Dois Irmãos 2,Barra do Piraquê,Padaria,Raquel Ferreira,Vinícius Barbosa,ciclico,2021-08,normal,
1335,Padaria e Confeitaria Sempre Viva,Figueira Branca,Padaria,Wagner Braga,Sérgio Gonçalves,mensal,2021-11,degrau,2026-02
1336,Super Porto Seguro Velho,Olho d'Água Grande,Supermercado,Vinícius Carvalho,Amanda Machado,ciclico,2024-01,normal,
1337,Supermercado Pedra Alta,Olho d'Água Grande,Supermercado,Cláudia Correia,Vinícius Barbosa,mensal,2025-03,normal,
1338,Gelateria Nascente,Lagoa Vermelha do Norte,Sorveteria,Cláudia Correia,Vinícius Barbosa,ciclico,2021-08,normal,
1339,Conveniência Raiz Forte,Porto Bandeira,Loja de Conveniência,Lucas Braga,André Santos,mensal,2021-08,atrito,
1340,Super Tucano 2,Vale Formoso do Norte,Supermercado,Joana Medeiros,Vinícius Barbosa,mensal,2025-05,atrito,
1341,Atacadão Horizonte,Porto Bandeira,Atacadista,Aline Andrade,Sérgio Gonçalves,mensal,2021-08,normal,
1342,Lanches Girassol 3,Campo Ferrugem,Lanchonete,Jorge Sousa,Vinícius Barbosa,mensal,2021-08,parada,2025-07
1343,Panificadora Fonte Nova 3,Passo Ruivo,Padaria,Simone Maia,André Santos,mensal,2021-08,normal,
1344,Cantina Maracanã Velho,Jaraguandu,Restaurante,Adriana Ferreira,André Santos,mensal,2021-08,sangramento,2025-07
1345,Burger Juriti,Figueira Branca,Hamburgueria,César Lopes,Mariana Cunha,mensal,2022-01,parada,2025-08
1346,Cantina Varanda 3,Vila Cascata,Restaurante,André Cardoso,Vinícius Barbosa,mensal,2021-08,normal,
1347,Mercadinho Sossego,Itaquerê,Minimercado,Cláudia Correia,Vinícius Barbosa,mensal,2021-08,normal,
1348,Super Xodó,Vila Aurora,Supermercado,Isabela Guimarães,André Santos,ciclico,2021-08,atrito,
1349,Distribuidora Pinheiro,Jaraguandu,Atacadista,Adriana Xavier,Eduardo Cardoso,esporadico,2024-12,normal,
1350,Minimercado Candeia 2,Vista Alegre do Ipê,Minimercado,Cláudia Correia,Vinícius Barbosa,mensal,2021-08,normal,
1351,Restaurante Encanto 2,Lagoa Vermelha do Norte,Restaurante,Igor Bezerra,Amanda Machado,ciclico,2023-12,normal,
1352,Açaí Juriti 3,Alto Sereno,Açaiteria,Kelly Santos,Eduardo Cardoso,mensal,2024-03,normal,
1353,Mercadinho Bela Vista 2,Tabuleiro Alto,Minimercado,Sandra Cardoso,André Santos,mensal,2021-08,normal,
1354,Gelateria Estrela,Quatro Cruzes,Sorveteria,Patrícia Rezende,Mariana Cunha,ciclico,2022-04,normal,
1355,Casa de Refeições Cascata 2,Passo Ruivo,Restaurante,Kelly Carvalho,Sérgio Gonçalves,mensal,2021-08,sangramento,2025-05
1356,Mercadinho Bom Retiro 2,Lagoa Vermelha do Norte,Minimercado,Aline Araújo,André Santos,esporadico,2024-08,normal,
1357,Ponto do Lanche Olaria 2,Tabuleiro Alto,Lanchonete,Sandra Cardoso,André Santos,mensal,2025-08,atrito,
1358,Padaria São Jorge,Porto Bandeira,Padaria,Wagner Braga,Sérgio Gonçalves,mensal,2021-08,atrito,
1359,Padaria e Confeitaria Farol,Cravinho do Sul,Padaria,Letícia Ferreira,Sérgio Oliveira,mensal,2021-09,normal,
1360,Supermercado Tucano 2,Vale Formoso do Norte,Supermercado,Sandra Cardoso,André Santos,mensal,2025-02,atrito,
1361,Burger Bom Retiro,Jaraguandu,Hamburgueria,César Lopes,Mariana Cunha,mensal,2021-08,mix,2025-07
1362,Supermercado Sabor Real 2,Passo Ruivo,Supermercado,Aline Pacheco,Mariana Cunha,esporadico,2022-04,normal,
1363,Açaiteria Nascente,Bela Corrente,Açaiteria,Flávio Lima,André Santos,ciclico,2025-09,normal,
1364,Gelateria Esperança 2,Encosta Nova,Sorveteria,Tatiane Sales,Mariana Cunha,ciclico,2025-10,normal,
1365,Burger Sabor Real,Taquaruçu do Meio,Hamburgueria,Aline Duarte,Sérgio Gonçalves,mensal,2021-08,normal,
1366,Pizza Trigal,Xambrê,Pizzaria,Aline Araújo,André Santos,esporadico,2021-08,normal,
1367,Restaurante Ipê Roxo 2,Vila Aurora,Restaurante,Vinícius Carvalho,Amanda Machado,ciclico,2023-02,normal,
1368,Padaria e Confeitaria Central 2,Itaquerê,Padaria,Antônio Freitas,Vinícius Barbosa,mensal,2021-08,normal,
1369,Cafeteria Flor de Sal 2,Fonte Limeira,Cafeteria,Simone Maia,André Santos,esporadico,2021-08,normal,
1370,Sorveteria Primavera,Guaraúna,Sorveteria,Vanessa Teixeira,Sérgio Gonçalves,esporadico,2021-08,normal,
1371,Pizzaria Bom Retiro,Lagoa Vermelha do Norte,Pizzaria,Cláudia Correia,Vinícius Barbosa,mensal,2023-06,normal,
1372,Eventos Guarani 2,Cravinho do Sul,Buffet e Eventos,Igor Bezerra,Amanda Machado,esporadico,2021-08,normal,
1373,Minimercado Primavera 3,Vila Aurora,Minimercado,Renata Cardoso,Sérgio Gonçalves,mensal,2025-01,normal,
1374,Panificadora Terra Boa 3,Barra do Piraquê,Padaria,Gabriel Ferreira,André Santos,esporadico,2025-08,atrito,
1375,Lanches Capim Doce,Ipê Sereno,Lanchonete,Elaine Lopes,Vinícius Barbosa,ciclico,2021-10,normal,
1376,Super Tijuca Velha 2,Fonte Limeira,Supermercado,Silvana Silva,Vinícius Barbosa,mensal,2025-03,normal,
1377,Panificadora Porto Seguro Velho 2,Cravinho do Sul,Padaria,Adriana Xavier,Eduardo Cardoso,mensal,2025-06,atrito,
1378,Conveniência Oliveira,Monte Cravo,Loja de Conveniência,André Batista,Sérgio Oliveira,mensal,2024-10,normal,
1379,Gelateria Rio Claro 3,Vale Formoso do Norte,Sorveteria,Cláudia Correia,Vinícius Barbosa,mensal,2021-08,voltou,2026-02
1380,Buffet Sossego,Monte Cravo,Buffet e Eventos,Aline Pacheco,Mariana Cunha,mensal,2025-02,normal,
1381,Padaria Primavera,Passo Ruivo,Padaria,João Cavalcanti,Eduardo Cardoso,mensal,2025-11,normal,
1382,Cantina Esperança,Figueira Branca,Restaurante,Vanessa Teixeira,Sérgio Gonçalves,esporadico,2024-05,normal,
1383,Padaria Veredas 2,Taquaruçu do Meio,Padaria,Flávio Nogueira,Sérgio Oliveira,ciclico,2023-06,atrito,
1384,Lanchonete Ipê Roxo,Ipê Sereno,Lanchonete,Jaqueline Alves,Sérgio Oliveira,esporadico,2021-08,normal,
1385,Casa do Café Jacarandá,Vale Formoso do Norte,Cafeteria,Paulo Correia,Eduardo Cardoso,esporadico,2021-08,atrito,
1386,Padaria Pinheiro 3,Cravinho do Sul,Padaria,Wesley Siqueira,Amanda Machado,mensal,2021-08,normal,
1387,Cafeteria Umbu,Vale Formoso do Norte,Cafeteria,Sandra Cardoso,André Santos,ciclico,2021-08,normal,
1388,Cantina Esperança 2,Porto Bandeira,Restaurante,Aline Pacheco,Mariana Cunha,esporadico,2025-08,normal,
1389,Minimercado Olaria 2,São Braz do Campo,Minimercado,Aline Araújo,André Santos,ciclico,2021-08,normal,
1390,Buffet Maré Alta,Figueira Branca,Buffet e Eventos,Helena Vieira,Amanda Machado,mensal,2021-08,atrito,
1391,Casa do Café Ipê Roxo,Taquaruçu do Meio,Cafeteria,Sabrina Siqueira,Sérgio Oliveira,esporadico,2025-02,atrito,
1392,Café Varanda,Vale Formoso do Norte,Cafeteria,Joana Medeiros,Vinícius Barbosa,ciclico,2021-08,normal,
1393,Super Cascata,Itaquerê,Supermercado,Joana Medeiros,Vinícius Barbosa,mensal,2021-08,normal,
1394,Padaria São Jorge 2,Guaraúna,Padaria,Yara Coelho,Sérgio Oliveira,ciclico,2021-08,normal,
1395,Mercadinho Guarani,Serra Cansada,Minimercado,Igor Bezerra,Amanda Machado,esporadico,2025-07,normal,
1396,Gelateria Juriti,Sertão Novo,Sorveteria,Fernanda Sampaio,Sérgio Gonçalves,mensal,2021-08,parada,2025-11
1397,Restaurante Pequi 2,Pedra Molhada,Restaurante,Débora Maia,Eduardo Cardoso,mensal,2022-03,normal,
1398,Café Pedra Alta 2,Encosta Nova,Cafeteria,Murilo Alves,André Santos,ciclico,2021-08,normal,
1399,Ponto do Lanche Girassol,Várzea Comprida,Lanchonete,Débora Nunes,Sérgio Gonçalves,esporadico,2024-10,atrito,
1400,Padaria Quintal,Olho d'Água Grande,Padaria,Igor Bezerra,Amanda Machado,esporadico,2021-08,atrito,
1401,Supermercado Farol,Vista Alegre do Ipê,Supermercado,Sabrina Siqueira,Sérgio Oliveira,mensal,2021-08,degrau,2025-10
1402,Padaria e Confeitaria Primavera,Monte Cravo,Padaria,Emerson Carvalho,Eduardo Cardoso,esporadico,2022-07,normal,
1403,Burger Vila Nova 2,Figueira Branca,Hamburgueria,Helena Gonçalves,André Santos,mensal,2021-08,mix,2025-11
1404,Cantina Olaria 2,Guaraúna,Restaurante,Igor Rodrigues,Eduardo Cardoso,mensal,2022-04,parada,2026-04
1405,Pizza Ponte Velha 2,Santa Ilha,Pizzaria,João Cavalcanti,Eduardo Cardoso,esporadico,2021-08,normal,
1406,Supermercado Bandeirante,Campo Ferrugem,Supermercado,Letícia Ferreira,Sérgio Oliveira,mensal,2023-12,normal,
1407,Mercadinho Chapada 4,Três Bicas,Minimercado,Wesley Lima,Sérgio Oliveira,mensal,2021-08,normal,
1408,Casa de Refeições Jatobá,Bela Corrente,Restaurante,Cláudia Correia,Vinícius Barbosa,mensal,2021-08,atrito,
1409,Sorveteria Raiz Forte,Quatro Cruzes,Sorveteria,Aline Andrade,Sérgio Gonçalves,esporadico,2021-08,atrito,
1410,Padaria e Confeitaria Quintal 2,Marimbondo,Padaria,Sandra Cardoso,André Santos,mensal,2023-07,atrito,
1411,Hamburgueria Pinheiro,Santa Ilha,Hamburgueria,Leandro Cunha,Amanda Machado,mensal,2024-06,normal,
1412,Super Olaria,Pedra Molhada,Supermercado,Aline Andrade,Sérgio Gonçalves,mensal,2022-01,atrito,
1413,Cafeteria Umbu 2,Sertão Novo,Cafeteria,Adriana Ferreira,André Santos,ciclico,2024-03,normal,
1414,Padaria e Confeitaria Oliveira,Piraquara do Oeste,Padaria,Cláudia Correia,Vinícius Barbosa,mensal,2021-08,normal,
1415,Super Candeia 2,Campo Ferrugem,Supermercado,Murilo Alves,André Santos,mensal,2024-04,atrito,
1416,Super Horizonte,Itaquerê,Supermercado,Sandra Mendes,Sérgio Gonçalves,mensal,2022-10,normal,
1417,Minimercado Nova Era 2,Cravinho do Sul,Minimercado,Helena Vieira,Amanda Machado,esporadico,2022-01,atrito,
1418,Pizza Dois Irmãos,Santa Ilha,Pizzaria,Vanessa Teixeira,Sérgio Gonçalves,mensal,2025-05,normal,
1419,Panificadora Juriti 2,Nova Aurora do Vale,Padaria,Nelson Nunes,Eduardo Cardoso,mensal,2021-08,normal,
1420,Supermercado Ipanema Velha 2,Xambrê,Supermercado,Ricardo Teixeira,Sérgio Gonçalves,mensal,2022-12,atrito,
1421,Pizzaria Fonte Nova 2,Ipê Sereno,Pizzaria,Paulo Camargo,Eduardo Cardoso,ciclico,2026-02,normal,
1422,Cafeteria Cerrado,Olho d'Água Grande,Cafeteria,Gustavo Fonseca,Mariana Cunha,mensal,2021-08,atrito,
1423,Ponto do Lanche Tucano,Sertão Novo,Lanchonete,Aline Andrade,Sérgio Gonçalves,esporadico,2024-07,atrito,
1424,Açaí Farol 2,Nova Aurora do Vale,Açaiteria,Murilo Alves,André Santos,mensal,2024-05,normal,
1425,Supermercado Rio Claro,Três Bicas,Supermercado,Gabriel Ferreira,André Santos,mensal,2021-08,sangramento,2025-05
1426,Panificadora Pinheiro,Xambrê,Padaria,Roberta Nogueira,André Santos,esporadico,2023-10,normal,
1427,Restaurante Dois Irmãos 2,Olho d'Água Grande,Restaurante,Wagner Martins,Amanda Machado,mensal,2021-08,parada,2025-07
1428,Mercado Serrana 2,Fonte Limeira,Minimercado,Cláudia Correia,Vinícius Barbosa,mensal,2023-04,normal,
1429,Mercadinho Pitanga,Jaraguandu,Minimercado,Nelson Nunes,Eduardo Cardoso,esporadico,2021-08,atrito,
1430,Padaria e Confeitaria São Jorge,Vale Formoso do Norte,Padaria,Roberta Pinheiro,Amanda Machado,mensal,2025-12,normal,
1431,Casa do Café Maré Alta,Fonte Limeira,Cafeteria,Gabriel Ferreira,André Santos,ciclico,2026-03,normal,
1432,Casa do Café Ponte Velha,Vila Cascata,Cafeteria,Helena Vieira,Amanda Machado,mensal,2021-08,degrau,2025-08
1433,Lanchonete Tucano 3,Cravinho do Sul,Lanchonete,Aline Pacheco,Mariana Cunha,mensal,2024-02,atrito,
1434,Hamburgueria Raiz Forte 3,São Braz do Campo,Hamburgueria,Paulo Correia,Eduardo Cardoso,ciclico,2025-12,normal,
1435,Casa de Refeições Oliveira 2,Itaquerê,Restaurante,Cláudia Correia,Vinícius Barbosa,ciclico,2024-12,normal,
1436,Lanchonete Bandeirante,Olho d'Água Grande,Lanchonete,Helena Vieira,Amanda Machado,esporadico,2021-08,atrito,
1437,Minimercado Cerrado 2,Porto Bandeira,Minimercado,Wagner Braga,Sérgio Gonçalves,esporadico,2023-02,normal,
1438,Mercadinho Maracanã Velho 2,Praia do Sino,Minimercado,Sandra Cardoso,André Santos,ciclico,2021-08,normal,
1439,Restaurante Aurora 3,Pedra Molhada,Restaurante,César Araújo,Vinícius Barbosa,esporadico,2021-08,atrito,
1440,Ponto do Lanche Vitória Régia 3,Guaraúna,Lanchonete,Sabrina Siqueira,Sérgio Oliveira,mensal,2023-05,atrito,
1441,Restaurante Brisa 2,Alto Sereno,Restaurante,Vanessa Teixeira,Sérgio Gonçalves,mensal,2021-08,parada,2026-05
1442,Ponto do Lanche Capim Doce 2,Lagoa Vermelha do Norte,Lanchonete,Márcia Sales,Sérgio Oliveira,esporadico,2022-08,atrito,
1443,Cafeteria Terra Boa,Barra do Piraquê,Cafeteria,Gabriel Ferreira,André Santos,mensal,2021-08,atrito,
1444,Mercado Vitória Régia 2,Barra do Piraquê,Minimercado,Helena Vieira,Amanda Machado,mensal,2026-02,normal,
1445,Cantina Pedra Alta 2,Vista Alegre do Ipê,Restaurante,Rodrigo Dias,Vinícius Barbosa,mensal,2021-08,normal,
1446,Cafeteria Jatobá,Várzea Comprida,Cafeteria,Joana Medeiros,Vinícius Barbosa,mensal,2021-08,atrito,
1447,Hamburgueria Pedra Alta,Encosta Nova,Hamburgueria,Aline Duarte,Sérgio Gonçalves,mensal,2021-12,normal,
1448,Ponto do Lanche Primavera 2,Palmeira Torta,Lanchonete,Murilo Alves,André Santos,mensal,2025-10,normal,
1449,Panificadora Juriti 3,Cravinho do Sul,Padaria,Murilo Alves,André Santos,mensal,2021-08,normal,
1450,Padaria Jatobá,Fonte Limeira,Padaria,Sandra Mendes,Sérgio Gonçalves,esporadico,2021-10,atrito,
1451,Hamburgueria Umbu,Itaquerê,Hamburgueria,Sabrina Andrade,Vinícius Barbosa,esporadico,2021-08,normal,
1452,Panificadora Lagoa Azul,Vista Alegre do Ipê,Padaria,César Lopes,Mariana Cunha,mensal,2021-08,normal,
1453,Panificadora Recanto 4,Jaraguandu,Padaria,Rafael Teixeira,Sérgio Oliveira,mensal,2021-12,parada,2025-10
1454,Padaria Flor de Sal 2,Pedra Molhada,Padaria,Joana Medeiros,Vinícius Barbosa,mensal,2021-08,voltou,2026-02
1455,Minimercado Primavera 4,Alto Sereno,Minimercado,Débora Faria,Mariana Cunha,ciclico,2021-08,normal,
1456,Super Brisa 2,Palmeira Torta,Supermercado,Helena Gonçalves,André Santos,mensal,2021-08,normal,
1457,Gelateria Maracanã Velho,Palmeira Torta,Sorveteria,Vanessa Teixeira,Sérgio Gonçalves,ciclico,2021-08,normal,
1458,Gelateria Nova Era,Encosta Nova,Sorveteria,Joana Medeiros,Vinícius Barbosa,esporadico,2022-06,normal,
1459,Lanchonete Nova Era 4,Sertão Novo,Lanchonete,Débora Faria,Mariana Cunha,mensal,2022-08,atrito,
1460,Lanchonete Recanto,Figueira Branca,Lanchonete,Aline Araújo,André Santos,mensal,2021-08,normal,
1461,Padaria e Confeitaria Cravo,Palmeira Torta,Padaria,Wagner Alves,Amanda Machado,esporadico,2021-08,normal,
1462,Panificadora Ipanema Velha,Sertão Novo,Padaria,César Araújo,Vinícius Barbosa,mensal,2022-07,normal,
1463,Lanchonete Cascata,Ipê Sereno,Lanchonete,Marcos Almeida,Sérgio Oliveira,esporadico,2022-11,normal,
1464,Gelateria Oliveira 3,Sertão Novo,Sorveteria,Vinícius Carvalho,Amanda Machado,mensal,2024-10,atrito,
1465,Eventos Trigal,São Braz do Campo,Buffet e Eventos,Wesley Siqueira,Amanda Machado,esporadico,2023-12,normal,
1466,Cafeteria Ouro Fino,Marimbondo,Cafeteria,Wagner Alves,Amanda Machado,esporadico,2022-07,normal,
1467,Casa de Refeições Raiz Forte,Itaquerê,Restaurante,Lucas Braga,André Santos,mensal,2021-08,sangramento,2025-06
1468,Ponto do Lanche São Jorge,Olho d'Água Grande,Lanchonete,Paulo Correia,Eduardo Cardoso,mensal,2025-11,normal,
1469,Padaria e Confeitaria Maré Alta 4,Jaraguandu,Padaria,Silvana Santos,Mariana Cunha,mensal,2021-08,sangramento,2025-07
1470,Minimercado Pequi,Vila Cascata,Minimercado,Natália Almeida,Vinícius Barbosa,esporadico,2023-06,normal,
1471,Restaurante Cerrado,Umbuzeiro,Restaurante,Raquel Barbosa,Amanda Machado,mensal,2022-10,normal,
1472,Panificadora Flor de Sal 3,Jaraguandu,Padaria,Paulo Correia,Eduardo Cardoso,mensal,2021-08,normal,
1473,Atacado Encanto 2,Ipê Sereno,Atacadista,Débora Faria,Mariana Cunha,ciclico,2021-08,normal,
1474,Ponto do Lanche Oliveira,Nova Aurora do Vale,Lanchonete,Joana Medeiros,Vinícius Barbosa,ciclico,2022-08,normal,
1475,Lanchonete Recanto 2,Tabuleiro Alto,Lanchonete,Joana Medeiros,Vinícius Barbosa,esporadico,2025-05,normal,
1476,Mercado Tamarindo,Três Bicas,Minimercado,Yara Santos,Eduardo Cardoso,ciclico,2023-07,normal,
1477,Hamburgueria Vale Verde 2,Tabuleiro Alto,Hamburgueria,Sabrina Siqueira,Sérgio Oliveira,mensal,2025-07,atrito,
1478,Mercado Olaria,Várzea Comprida,Minimercado,Letícia Ferreira,Sérgio Oliveira,mensal,2024-06,atrito,
1479,Mercado Capim Doce 3,Cravinho do Sul,Minimercado,Tatiane Sales,Mariana Cunha,ciclico,2025-03,atrito,
1480,Padaria e Confeitaria Fonte Nova,Barra do Piraquê,Padaria,Sandra Cardoso,André Santos,ciclico,2021-08,atrito,
1481,Ponto do Lanche Capim Doce 3,Várzea Comprida,Lanchonete,Lucas Braga,André Santos,ciclico,2021-08,normal,
1482,Açaí São Jorge,Bela Corrente,Açaiteria,Débora Faria,Mariana Cunha,ciclico,2021-11,normal,
1483,Cantina Farol 2,Encosta Nova,Restaurante,Cláudia Correia,Vinícius Barbosa,mensal,2021-11,atrito,
1484,Restaurante Orquídea 2,Três Bicas,Restaurante,Wagner Martins,Amanda Machado,mensal,2024-11,normal,
1485,Cantina Ipanema Velha 2,Encosta Nova,Restaurante,Cláudia Correia,Vinícius Barbosa,mensal,2021-08,sangramento,2025-06
1486,Pizza Serrana 4,Riozinho Claro,Pizzaria,Aline Pacheco,Mariana Cunha,mensal,2023-10,atrito,
1487,Restaurante Figueira 3,Nova Aurora do Vale,Restaurante,Jaqueline Alves,Sérgio Oliveira,mensal,2021-08,normal,
1488,Super Raiz Forte,Alto Sereno,Supermercado,Fernanda Sampaio,Sérgio Gonçalves,mensal,2024-07,atrito,
1489,Panificadora Sossego,Vila Cascata,Padaria,Murilo Alves,André Santos,esporadico,2021-08,normal,
1490,Burger Terra Boa,Passo Ruivo,Hamburgueria,Yara Coelho,Sérgio Oliveira,ciclico,2021-08,atrito,
1491,Cantina Cravo,Alto Sereno,Restaurante,Viviane Soares,Mariana Cunha,esporadico,2021-08,atrito,
1492,Cantina Nova Era 2,Vila Aurora,Restaurante,Adriana Ferreira,André Santos,ciclico,2026-04,normal,
1493,Supermercado Terra Boa 2,Guaraúna,Supermercado,Joana Medeiros,Vinícius Barbosa,mensal,2021-08,sangramento,2025-10
1494,Açaiteria Bandeirante,Campo Ferrugem,Açaiteria,Helena Vieira,Amanda Machado,mensal,2024-10,normal,
1495,Supermercado Juriti 2,Porto Bandeira,Supermercado,Emerson Pinheiro,Vinícius Barbosa,mensal,2021-08,sangramento,2025-09
1496,Lanches Brisa,Vila Cascata,Lanchonete,André Batista,Sérgio Oliveira,ciclico,2022-10,normal,
1497,Minimercado Vale Verde,Bela Corrente,Minimercado,Igor Bezerra,Amanda Machado,mensal,2025-07,atrito,
1498,Açaí Bandeirante,Jaraguandu,Açaiteria,Aline Pacheco,Mariana Cunha,mensal,2021-08,atrito,
1499,Panificadora Palmeira 4,Várzea Comprida,Padaria,Wagner Martins,Amanda Machado,esporadico,2021-09,atrito,
1500,Ponto do Lanche Vitória Régia 4,Passo Ruivo,Lanchonete,Aline Duarte,Sérgio Gonçalves,mensal,2021-08,mix,2026-02
1501,Pizzaria Maracanã Velho,Figueira Branca,Pizzaria,Wagner Alves,Amanda Machado,mensal,2021-08,atrito,
1502,Distribuidora Ipanema Velha,Encosta Nova,Atacadista,Paulo Camargo,Eduardo Cardoso,mensal,2025-10,normal,
1503,Restaurante Pequi 3,Vila Cascata,Restaurante,Débora Maia,Eduardo Cardoso,mensal,2021-08,normal,
1504,Restaurante Palmeira 2,Fonte Limeira,Restaurante,Letícia Ferreira,Sérgio Oliveira,esporadico,2021-08,normal,
1505,Panificadora Juriti 4,Sertão Novo,Padaria,Letícia Ferreira,Sérgio Oliveira,mensal,2021-08,normal,
1506,Distribuidora Ouro Fino 2,Nova Aurora do Vale,Atacadista,Natália Almeida,Vinícius Barbosa,esporadico,2021-08,atrito,
1507,Casa de Refeições Girassol 3,Serra Cansada,Restaurante,Sandra Mendes,Sérgio Gonçalves,ciclico,2024-07,atrito,
1508,Lanches São Jorge,Guaraúna,Lanchonete,Letícia Ferreira,Sérgio Oliveira,esporadico,2021-08,normal,
1509,Ponto do Lanche São Jorge 2,Encosta Nova,Lanchonete,Flávio Nogueira,Sérgio Oliveira,ciclico,2021-08,normal,
1510,Padaria e Confeitaria Luar,Monte Cravo,Padaria,Aline Pacheco,Mariana Cunha,mensal,2021-08,normal,
1511,Minimercado Cerrado 3,Vale Formoso do Norte,Minimercado,Flávio Lima,André Santos,mensal,2021-08,normal,
1512,Burger Pedra Alta,Riozinho Claro,Hamburgueria,Aline Pacheco,Mariana Cunha,ciclico,2022-05,normal,
1513,Atacadão Pequi,Barra do Piraquê,Atacadista,Aline Araújo,André Santos,mensal,2024-01,normal,
1514,Burger Jacarandá,Piraquara do Oeste,Hamburgueria,Igor Rodrigues,Eduardo Cardoso,mensal,2023-06,normal,
1515,Buffet Sempre Viva,Fonte Limeira,Buffet e Eventos,Cláudia Correia,Vinícius Barbosa,esporadico,2023-03,normal,
1516,Cafeteria Estrela,Nova Aurora do Vale,Cafeteria,André Batista,Sérgio Oliveira,ciclico,2021-11,atrito,
1517,Padaria e Confeitaria Serrana,Bela Corrente,Padaria,Leandro Cunha,Amanda Machado,mensal,2025-08,atrito,
1518,Padaria e Confeitaria Tucano 2,Ribeira Funda,Padaria,Vanessa Teixeira,Sérgio Gonçalves,mensal,2024-06,normal,
1519,Padaria Farol,Vila Aurora,Padaria,Mauro Pacheco,Sérgio Oliveira,mensal,2025-04,normal,
1520,Minimercado Aurora 2,Tabuleiro Alto,Minimercado,Vinícius Carvalho,Amanda Machado,ciclico,2024-07,normal,
1521,Pizza Nova Era,Taquaruçu do Meio,Pizzaria,Renata Cardoso,Sérgio Gonçalves,mensal,2023-06,normal,
1522,Pizzaria Ponte Velha 3,Palmeira Torta,Pizzaria,Flávio Nogueira,Sérgio Oliveira,ciclico,2021-08,normal,
1523,Pizzaria Estrela,Sertão Novo,Pizzaria,Igor Bezerra,Amanda Machado,esporadico,2022-11,normal,
1524,Cantina Varanda 4,Praia do Sino,Restaurante,César Lopes,Mariana Cunha,esporadico,2021-08,normal,
1525,Burger Rosa dos Ventos 2,Santa Ilha,Hamburgueria,Elaine Lopes,Vinícius Barbosa,esporadico,2021-08,normal,
1526,Padaria Aurora,Passo Ruivo,Padaria,Aline Andrade,Sérgio Gonçalves,mensal,2021-08,sangramento,2025-11
1527,Padaria Nascente 3,Piraquara do Oeste,Padaria,Raquel Barbosa,Amanda Machado,mensal,2024-07,normal,
1528,Eventos Juriti,São Braz do Campo,Buffet e Eventos,Helena Vieira,Amanda Machado,mensal,2021-08,degrau,2025-12
1529,Mercadinho Maré Alta 2,Guaraúna,Minimercado,Yara Santos,Eduardo Cardoso,mensal,2023-11,normal,
1530,Gelateria Sol Nascente,Barra do Piraquê,Sorveteria,Leandro Cunha,Amanda Machado,esporadico,2021-08,atrito,
1531,Padaria Vitória Régia 2,Marimbondo,Padaria,Flávio Lima,André Santos,mensal,2021-08,normal,
1532,Supermercado Tucano 3,Três Bicas,Supermercado,Antônio Freitas,Vinícius Barbosa,mensal,2023-08,normal,
1533,Lanches Paraíso,Ribeira Funda,Lanchonete,Joana Medeiros,Vinícius Barbosa,ciclico,2022-11,normal,
1534,Pizzaria Luar 2,Serra Cansada,Pizzaria,Flávio Lima,André Santos,mensal,2023-10,normal,
1535,Distribuidora Juriti 2,Passo Ruivo,Atacadista,Wesley Lima,Sérgio Oliveira,mensal,2021-08,mix,2025-07
1536,Lanchonete Terra Boa,Olho d'Água Grande,Lanchonete,Patrícia Rezende,Mariana Cunha,mensal,2021-08,normal,
1537,Café Nascente,Palmeira Torta,Cafeteria,Márcia Sales,Sérgio Oliveira,ciclico,2021-08,normal,
1538,Supermercado Central,São Braz do Campo,Supermercado,Gustavo Vasconcelos,Amanda Machado,ciclico,2022-06,normal,
1539,Minimercado Vale Verde 2,Bela Corrente,Minimercado,Ricardo Teixeira,Sérgio Gonçalves,mensal,2022-12,atrito,
1540,Padaria Sol Nascente,Ribeira Funda,Padaria,César Lopes,Mariana Cunha,ciclico,2021-08,atrito,
1541,Pizza Bela Vista 3,Cravinho do Sul,Pizzaria,Igor Rodrigues,Eduardo Cardoso,esporadico,2025-07,normal,
1542,Pizzaria Pequi,Ribeira Funda,Pizzaria,Igor Batista,Amanda Machado,mensal,2021-09,normal,
1543,Distribuidora Sossego,Três Bicas,Atacadista,Joana Medeiros,Vinícius Barbosa,mensal,2025-03,normal,
1544,Lanchonete Nascente,Cravinho do Sul,Lanchonete,Roberta Pinheiro,Amanda Machado,mensal,2026-03,normal,
1545,Café Orquídea 2,Ipê Sereno,Cafeteria,Wagner Alves,Amanda Machado,mensal,2021-08,parada,2025-11
1546,Pizza Sossego,Piraquara do Oeste,Pizzaria,Murilo Alves,André Santos,mensal,2021-08,normal,
1547,Buffet Nova Era,Vila Aurora,Buffet e Eventos,Helena Gonçalves,André Santos,esporadico,2021-08,normal,
1548,Cafeteria Sol Nascente 2,Nova Aurora do Vale,Cafeteria,Sandra Cardoso,André Santos,mensal,2021-08,normal,
1549,Supermercado Paraíso 3,Alto Sereno,Supermercado,Sandra Cardoso,André Santos,mensal,2021-08,parada,2026-05
1550,Casa de Refeições Vale Verde 2,Praia do Sino,Restaurante,Yara Santos,Eduardo Cardoso,mensal,2021-09,normal,
1551,Ponto do Lanche Veredas 3,Guaraúna,Lanchonete,Daniel Mendes,André Santos,mensal,2021-08,atrito,
1552,Supermercado Rosa dos Ventos 2,Ribeira Funda,Supermercado,Kelly Santos,Eduardo Cardoso,ciclico,2021-08,normal,
1553,Loja Capim Doce,Ribeira Funda,Loja de Conveniência,André Batista,Sérgio Oliveira,esporadico,2022-09,atrito,
1554,Panificadora Oliveira 3,Vista Alegre do Ipê,Padaria,Jaqueline Alves,Sérgio Oliveira,mensal,2021-08,normal,
1555,Ponto do Lanche Trigal,Figueira Branca,Lanchonete,Vanessa Teixeira,Sérgio Gonçalves,ciclico,2023-09,normal,
1556,Cantina Maracanã Velho 2,Figueira Branca,Restaurante,Cláudia Miranda,Mariana Cunha,mensal,2023-12,atrito,
1557,Padaria Horizonte 2,Ipê Sereno,Padaria,Roberta Pinheiro,Amanda Machado,ciclico,2024-05,normal,
1558,Mercado Chapada,Barra do Piraquê,Minimercado,Raquel Ferreira,Vinícius Barbosa,ciclico,2021-08,normal,
1559,Lanchonete Girassol,Encosta Nova,Lanchonete,Aline Pacheco,Mariana Cunha,ciclico,2022-07,normal,
1560,Pizza Ouro Fino,Campo Ferrugem,Pizzaria,Patrícia Braga,André Santos,ciclico,2021-08,atrito,
1561,Minimercado Sol Nascente,Olho d'Água Grande,Minimercado,Joana Medeiros,Vinícius Barbosa,esporadico,2022-06,atrito,
1562,Conveniência Sol Nascente,Ipê Sereno,Loja de Conveniência,Helena Vieira,Amanda Machado,mensal,2021-08,voltou,2025-12
1563,Distribuidora Chapada 2,Porto Bandeira,Atacadista,Helena Gonçalves,André Santos,ciclico,2025-07,normal,
1564,Atacadão Tamarindo,São Braz do Campo,Atacadista,Carlos Teixeira,Eduardo Cardoso,mensal,2024-06,normal,
1565,Pizzaria Raiz Forte 2,Figueira Branca,Pizzaria,Cláudia Correia,Vinícius Barbosa,mensal,2023-05,normal,
1566,Ponto do Lanche Pinheiro,Riozinho Claro,Lanchonete,Kelly Carvalho,Sérgio Gonçalves,esporadico,2021-08,atrito,
1567,Ponto do Lanche Rosa dos Ventos 2,Santa Ilha,Lanchonete,Emerson Pinheiro,Vinícius Barbosa,esporadico,2021-08,atrito,
1568,Mercadinho Bom Retiro 3,Ipê Sereno,Minimercado,Roberta Nogueira,André Santos,ciclico,2025-05,normal,
1569,Cafeteria Encanto 2,Serra Cansada,Cafeteria,Murilo Alves,André Santos,esporadico,2022-10,normal,
1570,Pizzaria Santa Clara 2,Vila Cascata,Pizzaria,Flávio Nogueira,Sérgio Oliveira,esporadico,2022-07,normal,
1571,Açaí Porto Seguro Velho,Piraquara do Oeste,Açaiteria,Joana Medeiros,Vinícius Barbosa,ciclico,2025-04,atrito,
1572,Ponto do Lanche Jatobá,Barra do Piraquê,Lanchonete,Joana Medeiros,Vinícius Barbosa,mensal,2026-02,normal,
1573,Lanchonete Tucano 4,Três Bicas,Lanchonete,Emerson Carvalho,Eduardo Cardoso,mensal,2021-08,normal,
1574,Pizza Sabor Real,Riozinho Claro,Pizzaria,Roberta Pinheiro,Amanda Machado,mensal,2021-08,sangramento,2025-10
1575,Mercado Maracanã Velho 3,Taquaruçu do Meio,Minimercado,Débora Faria,Mariana Cunha,ciclico,2022-09,normal,
1576,Buffet Flor de Sal,Vista Alegre do Ipê,Buffet e Eventos,Wagner Alves,Amanda Machado,ciclico,2024-10,normal,
1577,Mercadinho Moinho 4,Vila Aurora,Minimercado,Débora Nunes,Sérgio Gonçalves,mensal,2021-08,normal,
1578,Padaria Pitanga 3,Sertão Novo,Padaria,Simone Maia,André Santos,mensal,2024-09,normal,
1579,Cantina Trigal 2,Monte Cravo,Restaurante,Simone Maia,André Santos,esporadico,2022-07,normal,
1580,Hamburgueria Oliveira 2,Quatro Cruzes,Hamburgueria,Flávio Nogueira,Sérgio Oliveira,mensal,2021-08,atrito,
1581,Mercado Umbu 2,Pedra Molhada,Minimercado,Gustavo Fonseca,Mariana Cunha,ciclico,2025-11,normal,
1582,Minimercado Horizonte,Figueira Branca,Minimercado,Renata Cardoso,Sérgio Gonçalves,mensal,2021-08,normal,
1583,Burger Juriti 2,Piraquara do Oeste,Hamburgueria,Adriana Xavier,Eduardo Cardoso,esporadico,2021-08,atrito,
1584,Loja Maracanã Velho 2,Bela Corrente,Loja de Conveniência,Yara Santos,Eduardo Cardoso,mensal,2021-08,normal,
1585,Pizzaria Tucano 4,Encosta Nova,Pizzaria,André Batista,Sérgio Oliveira,ciclico,2024-12,normal,
1586,Buffet Bom Retiro,Pedra Molhada,Buffet e Eventos,Ricardo Teixeira,Sérgio Gonçalves,mensal,2021-08,normal,
1587,Supermercado Sempre Viva,Passo Ruivo,Supermercado,Paulo Correia,Eduardo Cardoso,mensal,2021-08,sangramento,2025-12
1588,Mercadinho Dois Irmãos 2,Praia do Sino,Minimercado,Gabriel Ferreira,André Santos,mensal,2023-10,normal,
1589,Ponto do Lanche Raiz Forte 4,Nova Aurora do Vale,Lanchonete,Aline Araújo,André Santos,ciclico,2021-12,atrito,
1590,Ponto do Lanche Ouro Fino 2,Porto Bandeira,Lanchonete,Lucas Braga,André Santos,esporadico,2021-08,normal,
1591,Hamburgueria Vale Verde 3,Passo Ruivo,Hamburgueria,Elaine Lopes,Vinícius Barbosa,mensal,2024-04,atrito,
1592,Lanchonete Nascente 2,Umbuzeiro,Lanchonete,Mariana Oliveira,Eduardo Cardoso,esporadico,2021-08,atrito,
1593,Supermercado Aurora 2,Taquaruçu do Meio,Supermercado,Roberta Pinheiro,Amanda Machado,mensal,2021-12,normal,
1594,Buffet Cerrado,Passo Ruivo,Buffet e Eventos,César Lopes,Mariana Cunha,mensal,2021-08,atrito,
1595,Supermercado Tamarindo,Guaraúna,Supermercado,Murilo Alves,André Santos,esporadico,2023-11,atrito,
1596,Burger Rosa dos Ventos 3,Ribeira Funda,Hamburgueria,Aline Pacheco,Mariana Cunha,esporadico,2021-08,atrito,
1597,Panificadora Nascente 4,Bela Corrente,Padaria,Sandra Mendes,Sérgio Gonçalves,ciclico,2026-03,normal,
1598,Panificadora Maracanã Velho 2,Olho d'Água Grande,Padaria,Vinícius Carvalho,Amanda Machado,ciclico,2021-10,normal,
1599,Açaí Aurora,Ipê Sereno,Açaiteria,Cláudia Correia,Vinícius Barbosa,esporadico,2022-08,normal,
1600,Café Fonte Nova,Olho d'Água Grande,Cafeteria,Emerson Pinheiro,Vinícius Barbosa,mensal,2021-11,parada,2025-09
1601,Cafeteria Vale Verde 2,Marimbondo,Cafeteria,Cláudia Miranda,Mariana Cunha,mensal,2022-08,normal,
1602,Lanches Oliveira,Pedra Molhada,Lanchonete,Sabrina Siqueira,Sérgio Oliveira,esporadico,2021-08,normal,
1603,Mercadinho Terra Boa 2,Praia do Sino,Minimercado,Marcos Almeida,Sérgio Oliveira,mensal,2021-08,degrau,2026-01
1604,Açaiteria Vila Nova 3,Serra Cansada,Açaiteria,Igor Bezerra,Amanda Machado,mensal,2021-12,degrau,2026-02
1605,Mercado Figueira 2,São Braz do Campo,Minimercado,Tatiane Sales,Mariana Cunha,esporadico,2021-08,atrito,
1606,Mercadinho Olaria,Bela Corrente,Minimercado,Gabriel Ferreira,André Santos,ciclico,2024-03,atrito,
1607,Ponto do Lanche Ipanema Velha,Praia do Sino,Lanchonete,Helena Gonçalves,André Santos,mensal,2021-08,mix,2025-09
1608,Atacado Flor de Sal 2,Passo Ruivo,Atacadista,Kelly Carvalho,Sérgio Gonçalves,mensal,2023-09,normal,
1609,Restaurante Pitanga 2,Vila Aurora,Restaurante,Joana Medeiros,Vinícius Barbosa,mensal,2021-08,normal,
1610,Padaria e Confeitaria Nova Era 3,Santa Ilha,Padaria,Cláudia Correia,Vinícius Barbosa,mensal,2021-08,parada,2025-11
1611,Lanchonete Maré Alta 3,Guaraúna,Lanchonete,César Lopes,Mariana Cunha,esporadico,2024-10,atrito,
1612,Cantina Doce Lar 2,Alto Sereno,Restaurante,João Cavalcanti,Eduardo Cardoso,ciclico,2021-08,normal,
1613,Minimercado Farol 2,Ribeira Funda,Minimercado,Marcos Bezerra,Amanda Machado,mensal,2021-08,sangramento,2025-10
1614,Padaria e Confeitaria Tucano 3,Ipê Sereno,Padaria,Geraldo Cavalcanti,Mariana Cunha,mensal,2023-06,normal,
1615,Mercadinho Jatobá 3,Xambrê,Minimercado,Mariana Oliveira,Eduardo Cardoso,mensal,2024-07,normal,
1616,Restaurante Raiz Forte,Riozinho Claro,Restaurante,Marcos Bezerra,Amanda Machado,mensal,2021-08,normal,
1617,Gelateria Fonte Nova 3,Nova Aurora do Vale,Sorveteria,Cláudia Correia,Vinícius Barbosa,esporadico,2025-06,normal,
1618,Panificadora Sabor Real 2,Taquaruçu do Meio,Padaria,André Batista,Sérgio Oliveira,esporadico,2023-10,normal,
1619,Sorveteria Tamarindo,Encosta Nova,Sorveteria,Aline Duarte,Sérgio Gonçalves,ciclico,2024-07,normal,
1620,Mercado Flor de Sal,Sertão Novo,Minimercado,Murilo Alves,André Santos,ciclico,2025-02,atrito,
1621,Super Sempre Viva,Ipê Sereno,Supermercado,Vanessa Teixeira,Sérgio Gonçalves,mensal,2021-08,atrito,
1622,Pizza Raiz Forte,Olho d'Água Grande,Pizzaria,Vinícius Siqueira,Eduardo Cardoso,mensal,2026-01,normal,
1623,Casa do Café Oliveira,Vale Formoso do Norte,Cafeteria,Débora Maia,Eduardo Cardoso,mensal,2021-08,normal,
1624,Mercadinho Bom Retiro 4,Nova Aurora do Vale,Minimercado,Adriana Xavier,Eduardo Cardoso,ciclico,2022-06,normal,
1625,Super Ipê Roxo 2,Jaraguandu,Supermercado,Cláudia Correia,Vinícius Barbosa,esporadico,2021-08,normal,
1626,Lanchonete Rosa dos Ventos,Umbuzeiro,Lanchonete,Cláudia Correia,Vinícius Barbosa,ciclico,2021-08,normal,
1627,Mercado Encanto 3,Vale Formoso do Norte,Minimercado,Wagner Alves,Amanda Machado,esporadico,2021-08,atrito,
1628,Lanchonete Rosa dos Ventos 2,Barra do Piraquê,Lanchonete,Emerson Carvalho,Eduardo Cardoso,ciclico,2022-09,normal,
1629,Pizza Guarani,Monte Cravo,Pizzaria,Emerson Carvalho,Eduardo Cardoso,ciclico,2024-03,atrito,
1630,Lanchonete Pedra Alta 3,Riozinho Claro,Lanchonete,Gabriel Ferreira,André Santos,mensal,2022-11,atrito,
1631,Mercadinho Recanto,Passo Ruivo,Minimercado,Carlos Teixeira,Eduardo Cardoso,mensal,2023-10,normal,
1632,Padaria Bom Retiro 3,Vila Cascata,Padaria,Flávio Lima,André Santos,ciclico,2024-07,normal,
1633,Panificadora Raiz Forte,Ribeira Funda,Padaria,Raquel Barbosa,Amanda Machado,mensal,2024-10,atrito,
1634,Lanches Central 2,Jaraguandu,Lanchonete,Roberta Pinheiro,Amanda Machado,ciclico,2024-07,normal,
1635,Pizzaria Quintal 3,Marimbondo,Pizzaria,Igor Batista,Amanda Machado,esporadico,2021-08,normal,
1636,Lanches Varanda,São Braz do Campo,Lanchonete,Gabriel Ferreira,André Santos,esporadico,2021-08,normal,
1637,Gelateria Orquídea 2,Lagoa Vermelha do Norte,Sorveteria,Aline Duarte,Sérgio Gonçalves,esporadico,2026-02,normal,
1638,Pizza Recanto 5,Itaquerê,Pizzaria,Isabela Guimarães,André Santos,mensal,2022-08,atrito,
1639,Panificadora Maracanã Velho 3,Piraquara do Oeste,Padaria,Antônio Freitas,Vinícius Barbosa,esporadico,2023-05,normal,
1640,Burger Mirante 2,Várzea Comprida,Hamburgueria,Débora Nunes,Sérgio Gonçalves,mensal,2021-08,atrito,
1641,Loja Cerrado,Três Bicas,Loja de Conveniência,Flávio Lima,André Santos,esporadico,2021-08,atrito,
1642,Pizza Palmeira,Passo Ruivo,Pizzaria,Roberta Pinheiro,Amanda Machado,mensal,2021-08,normal,
1643,Padaria Ipanema Velha 4,Barra do Piraquê,Padaria,Aline Duarte,Sérgio Gonçalves,mensal,2021-08,normal,
1644,Hamburgueria Oliveira 3,Porto Bandeira,Hamburgueria,Wagner Braga,Sérgio Gonçalves,mensal,2022-03,normal,
1645,Padaria Tamarindo,Quatro Cruzes,Padaria,Aline Araújo,André Santos,mensal,2021-08,normal,
1646,Padaria e Confeitaria Capim Doce,Guaraúna,Padaria,Cláudia Correia,Vinícius Barbosa,ciclico,2023-10,normal,
1647,Cantina Candeia 3,Lagoa Vermelha do Norte,Restaurante,Helena Gonçalves,André Santos,mensal,2021-08,normal,
1648,Açaí Cerrado,São Braz do Campo,Açaiteria,Vanessa Teixeira,Sérgio Gonçalves,ciclico,2026-01,normal,
1649,Mercado Vitória Régia 3,Taquaruçu do Meio,Minimercado,Aline Andrade,Sérgio Gonçalves,ciclico,2021-08,normal,
1650,Mercadinho Ipanema Velha 2,Encosta Nova,Minimercado,César Lopes,Mariana Cunha,mensal,2021-08,normal,
1651,Café Palmeira 2,Quatro Cruzes,Cafeteria,Aline Duarte,Sérgio Gonçalves,ciclico,2022-08,atrito,
1652,Super Tijuca Velha 3,Santa Ilha,Supermercado,André Cardoso,Vinícius Barbosa,mensal,2025-01,atrito,
1653,Açaiteria Cascata,Riozinho Claro,Açaiteria,Murilo Alves,André Santos,esporadico,2021-08,normal,
1654,Super Rosa dos Ventos,Itaquerê,Supermercado,César Araújo,Vinícius Barbosa,mensal,2021-08,normal,
1655,Mercadinho Rosa dos Ventos,Barra do Piraquê,Minimercado,Igor Batista,Amanda Machado,esporadico,2021-08,normal,
1656,Lanchonete Pinheiro,Vale Formoso do Norte,Lanchonete,Adriana Xavier,Eduardo Cardoso,mensal,2021-08,sangramento,2025-04
1657,Lanches Guarani,Tabuleiro Alto,Lanchonete,Mariana Oliveira,Eduardo Cardoso,mensal,2022-11,normal,
1658,Panificadora Maracanã Velho 4,Vila Aurora,Padaria,Joana Medeiros,Vinícius Barbosa,ciclico,2021-08,normal,
1659,Padaria e Confeitaria Quintal 3,Vale Formoso do Norte,Padaria,Raquel Barbosa,Amanda Machado,mensal,2025-11,normal,
1660,Pizzaria Figueira 4,Ipê Sereno,Pizzaria,Aline Duarte,Sérgio Gonçalves,mensal,2021-08,normal,
1661,Casa do Café Veredas,Olho d'Água Grande,Cafeteria,Aline Andrade,Sérgio Gonçalves,esporadico,2022-09,atrito,
1662,Lanches Jacarandá 3,Cravinho do Sul,Lanchonete,Sandra Cardoso,André Santos,mensal,2025-12,normal,
1663,Açaí Doce Lar,Vale Formoso do Norte,Açaiteria,Roberta Pinheiro,Amanda Machado,mensal,2021-08,mix,2026-01
1664,Mercadinho Raiz Forte 3,Cravinho do Sul,Minimercado,Cláudia Correia,Vinícius Barbosa,mensal,2021-08,sangramento,2025-09
1665,Padaria e Confeitaria Guarani,Vista Alegre do Ipê,Padaria,Helena Vieira,Amanda Machado,ciclico,2022-09,atrito,
1666,Super Recanto 2,Vila Cascata,Supermercado,Leandro Cunha,Amanda Machado,mensal,2022-07,normal,
1667,Gelateria Brisa,Olho d'Água Grande,Sorveteria,Adriana Xavier,Eduardo Cardoso,esporadico,2026-04,normal,
1668,Supermercado Central 2,Pedra Molhada,Supermercado,Rafael Teixeira,Sérgio Oliveira,esporadico,2021-08,atrito,
1669,Mercadinho Moinho 5,Ipê Sereno,Minimercado,Aline Pacheco,Mariana Cunha,mensal,2025-09,normal,
1670,Supermercado Varanda,Lagoa Vermelha do Norte,Supermercado,Cláudia Correia,Vinícius Barbosa,mensal,2021-08,atrito,
1671,Lanches Raiz Forte,Itaquerê,Lanchonete,Natália Almeida,Vinícius Barbosa,mensal,2021-08,normal,
1672,Minimercado Moinho,Monte Cravo,Minimercado,Aline Almeida,Sérgio Gonçalves,ciclico,2021-12,normal,
1673,Panificadora Luar 3,Vista Alegre do Ipê,Padaria,Débora Maia,Eduardo Cardoso,mensal,2021-08,atrito,
1674,Gelateria Fonte Nova 4,São Braz do Campo,Sorveteria,Cláudia Correia,Vinícius Barbosa,ciclico,2024-04,atrito,
1675,Casa de Refeições Central 3,São Braz do Campo,Restaurante,Adriana Ferreira,André Santos,mensal,2021-08,normal,
1676,Café Trigal,Porto Bandeira,Cafeteria,Aline Duarte,Sérgio Gonçalves,esporadico,2023-09,normal,
1677,Açaí Pequi,Palmeira Torta,Açaiteria,Adriana Xavier,Eduardo Cardoso,mensal,2021-08,normal,
1678,Padaria Trigal 2,Vila Cascata,Padaria,Mauro Pacheco,Sérgio Oliveira,mensal,2021-08,normal,
1679,Burger Xodó,Sertão Novo,Hamburgueria,Igor Bezerra,Amanda Machado,esporadico,2025-11,normal,
1680,Padaria Maracanã Velho 3,Figueira Branca,Padaria,Wesley Lima,Sérgio Oliveira,ciclico,2023-03,normal,
1681,Pizzaria Farol 2,Três Bicas,Pizzaria,Sandra Mendes,Sérgio Gonçalves,esporadico,2022-07,normal,
1682,Pizzaria Pequi 2,São Braz do Campo,Pizzaria,Ricardo Teixeira,Sérgio Gonçalves,mensal,2023-10,normal,
1683,Casa de Refeições Raiz Forte 2,Vale Formoso do Norte,Restaurante,Renata Cardoso,Sérgio Gonçalves,esporadico,2022-08,normal,
1684,Pizzaria Estrela 2,Palmeira Torta,Pizzaria,Elaine Lopes,Vinícius Barbosa,esporadico,2021-08,atrito,
1685,Padaria e Confeitaria Serrana 2,Tabuleiro Alto,Padaria,Igor Batista,Amanda Machado,ciclico,2024-02,normal,
1686,Pizza Figueira 2,Três Bicas,Pizzaria,Mariana Oliveira,Eduardo Cardoso,mensal,2021-08,normal,
1687,Restaurante Bandeirante 3,Itaquerê,Restaurante,Helena Vieira,Amanda Machado,ciclico,2021-08,normal,
1688,Panificadora Flor de Sal 4,Serra Cansada,Padaria,Raquel Ferreira,Vinícius Barbosa,ciclico,2021-08,normal,
1689,Panificadora Nova Era 2,Várzea Comprida,Padaria,Yara Coelho,Sérgio Oliveira,mensal,2022-01,parada,2026-04
1690,Restaurante Palmeira 3,Campo Ferrugem,Restaurante,Aline Duarte,Sérgio Gonçalves,esporadico,2025-05,normal,
1691,Padaria e Confeitaria Horizonte 3,Campo Ferrugem,Padaria,Natália Almeida,Vinícius Barbosa,esporadico,2025-11,normal,
1692,Padaria Aurora 2,Riozinho Claro,Padaria,Cláudia Correia,Vinícius Barbosa,mensal,2026-03,normal,
1693,Cantina Chapada 3,Praia do Sino,Restaurante,Bruno Nogueira,Sérgio Oliveira,ciclico,2021-08,atrito,
1694,Super Maracanã Velho 2,Vila Cascata,Supermercado,Jaqueline Alves,Sérgio Oliveira,mensal,2021-08,atrito,
1695,Mercado Fonte Nova,Cravinho do Sul,Minimercado,Yara Coelho,Sérgio Oliveira,mensal,2021-08,atrito,
1696,Casa de Refeições Olaria 3,Vila Aurora,Restaurante,Aline Pacheco,Mariana Cunha,ciclico,2021-08,normal,
1697,Super Pinheiro,São Braz do Campo,Supermercado,César Lopes,Mariana Cunha,mensal,2021-08,normal,
1698,Minimercado Bandeirante 2,Vista Alegre do Ipê,Minimercado,Flávio Lima,André Santos,esporadico,2021-08,atrito,
1699,Mercadinho Pequi,Vila Aurora,Minimercado,Wagner Alves,Amanda Machado,ciclico,2021-10,normal,
1700,Café Oliveira,Xambrê,Cafeteria,Silvana Santos,Mariana Cunha,esporadico,2025-12,normal,
1701,Cantina Chapada 4,Taquaruçu do Meio,Restaurante,Igor Rodrigues,Eduardo Cardoso,mensal,2025-05,normal,
1702,Cafeteria Capim Doce 2,Porto Bandeira,Cafeteria,Silvana Santos,Mariana Cunha,mensal,2021-12,degrau,2025-07
1703,Pizza Ponte Velha 3,Taquaruçu do Meio,Pizzaria,Adriana Xavier,Eduardo Cardoso,mensal,2021-08,normal,
1704,Super Girassol 4,Tabuleiro Alto,Supermercado,Viviane Soares,Mariana Cunha,mensal,2025-03,atrito,
1705,Cantina Olaria 3,Vale Formoso do Norte,Restaurante,Kelly Carvalho,Sérgio Gonçalves,esporadico,2021-08,normal,
1706,Atacadão Farol 2,Vale Formoso do Norte,Atacadista,Jorge Sousa,Vinícius Barbosa,mensal,2021-08,atrito,
1707,Cantina Esperança 3,Tabuleiro Alto,Restaurante,Rafael Teixeira,Sérgio Oliveira,mensal,2021-08,normal,
1708,Casa de Refeições Terra Boa 2,Três Bicas,Restaurante,Daniel Mendes,André Santos,esporadico,2023-12,normal,
1709,Mercadinho Rosa dos Ventos 2,Encosta Nova,Minimercado,Wesley Siqueira,Amanda Machado,mensal,2021-08,parada,2025-09
1710,Supermercado Esperança 2,Bela Corrente,Supermercado,Aline Duarte,Sérgio Gonçalves,ciclico,2025-11,normal,
1711,Gelateria Candeia,Campo Ferrugem,Sorveteria,Patrícia Braga,André Santos,esporadico,2023-06,atrito,
1712,Padaria e Confeitaria Fonte Nova 2,Encosta Nova,Padaria,Aline Pacheco,Mariana Cunha,mensal,2021-08,sangramento,2025-09
1713,Panificadora Pitanga 2,Bela Corrente,Padaria,Emerson Carvalho,Eduardo Cardoso,mensal,2022-06,degrau,2025-06
1714,Mercadinho Pedra Alta 2,Barra do Piraquê,Minimercado,Aline Almeida,Sérgio Gonçalves,mensal,2021-08,degrau,2025-10
1715,Conveniência Pitanga,Sertão Novo,Loja de Conveniência,Kelly Santos,Eduardo Cardoso,mensal,2021-08,atrito,
1716,Atacado Doce Lar,Quatro Cruzes,Atacadista,Ricardo Teixeira,Sérgio Gonçalves,esporadico,2026-04,normal,
1717,Padaria Trigal 3,Quatro Cruzes,Padaria,Vanessa Teixeira,Sérgio Gonçalves,mensal,2021-08,normal,
1718,Super Cravo 2,Vila Aurora,Supermercado,Jaqueline Alves,Sérgio Oliveira,esporadico,2021-08,normal,
1719,Padaria e Confeitaria Central 3,Taquaruçu do Meio,Padaria,Aline Araújo,André Santos,mensal,2023-10,atrito,
1720,Super Figueira 2,Piraquara do Oeste,Supermercado,Helena Vieira,Amanda Machado,ciclico,2024-01,normal,
1721,Café Xodó,Palmeira Torta,Cafeteria,Letícia Ferreira,Sérgio Oliveira,mensal,2021-08,normal,
1722,Lanches Jatobá,Ribeira Funda,Lanchonete,Leandro Cunha,Amanda Machado,mensal,2021-08,normal,
1723,Padaria São Jorge 3,Pedra Molhada,Padaria,Cláudia Correia,Vinícius Barbosa,mensal,2023-04,atrito,
1724,Restaurante Doce Lar,Vista Alegre do Ipê,Restaurante,Aline Pacheco,Mariana Cunha,esporadico,2024-02,normal,
1725,Minimercado Vale Verde 3,Passo Ruivo,Minimercado,Letícia Ferreira,Sérgio Oliveira,mensal,2021-08,normal,
1726,Hamburgueria Candeia,Encosta Nova,Hamburgueria,Patrícia Rezende,Mariana Cunha,mensal,2024-12,atrito,
1727,Padaria e Confeitaria Jatobá 2,São Braz do Campo,Padaria,Rodrigo Dias,Vinícius Barbosa,esporadico,2021-08,normal,
1728,Hamburgueria Aurora,Figueira Branca,Hamburgueria,Letícia Ferreira,Sérgio Oliveira,mensal,2021-08,normal,
1729,Café Girassol,Praia do Sino,Cafeteria,Emerson Carvalho,Eduardo Cardoso,mensal,2022-05,atrito,
1730,Supermercado Bom Retiro,Passo Ruivo,Supermercado,César Lopes,Mariana Cunha,esporadico,2021-08,normal,
1731,Panificadora Aurora,Várzea Comprida,Padaria,Aline Duarte,Sérgio Gonçalves,mensal,2021-08,atrito,
1732,Hamburgueria Cravo,Três Bicas,Hamburgueria,Aline Araújo,André Santos,mensal,2026-01,normal,
1733,Lanchonete Cerrado 3,Marimbondo,Lanchonete,Raquel Barbosa,Amanda Machado,esporadico,2021-08,normal,
1734,Mercado Xodó 2,Taquaruçu do Meio,Minimercado,Patrícia Braga,André Santos,mensal,2023-01,normal,
1735,Padaria e Confeitaria Bandeirante 2,Quatro Cruzes,Padaria,Letícia Ferreira,Sérgio Oliveira,ciclico,2021-08,normal,
1736,Padaria e Confeitaria Brisa 2,Sertão Novo,Padaria,Paulo Camargo,Eduardo Cardoso,esporadico,2023-01,normal,
1737,Minimercado Ipê Roxo 2,Marimbondo,Minimercado,Gabriel Ferreira,André Santos,mensal,2021-08,parada,2025-12
1738,Açaiteria Maré Alta 3,Quatro Cruzes,Açaiteria,Raquel Barbosa,Amanda Machado,esporadico,2021-08,normal,
1739,Minimercado Sol Nascente 2,Nova Aurora do Vale,Minimercado,Vinícius Carvalho,Amanda Machado,esporadico,2023-06,atrito,
1740,Lanchonete Horizonte,Várzea Comprida,Lanchonete,Natália Almeida,Vinícius Barbosa,mensal,2021-08,atrito,
1741,Mercadinho Tamarindo,Praia do Sino,Minimercado,Helena Vieira,Amanda Machado,mensal,2021-08,atrito,
1742,Mercadinho Encanto,Itaquerê,Minimercado,Wesley Lima,Sérgio Oliveira,esporadico,2022-07,normal,
1743,Padaria e Confeitaria Jacarandá 2,Riozinho Claro,Padaria,Jorge Sousa,Vinícius Barbosa,mensal,2026-01,normal,
1744,Padaria e Confeitaria Quintal 4,Várzea Comprida,Padaria,Wesley Lima,Sérgio Oliveira,esporadico,2024-01,atrito,
1745,Cantina Serrana 2,Piraquara do Oeste,Restaurante,Joana Medeiros,Vinícius Barbosa,esporadico,2025-07,normal,
1746,Cantina Porto Seguro Velho 3,Olho d'Água Grande,Restaurante,Marcos Almeida,Sérgio Oliveira,mensal,2024-07,normal,
1747,Cantina Raiz Forte,Encosta Nova,Restaurante,Kelly Santos,Eduardo Cardoso,ciclico,2024-08,normal,
1748,Hamburgueria Maré Alta 2,Campo Ferrugem,Hamburgueria,Gustavo Fonseca,Mariana Cunha,mensal,2021-08,atrito,
1749,Panificadora Trigal,Cravinho do Sul,Padaria,Wesley Lima,Sérgio Oliveira,esporadico,2023-11,atrito,
1750,Conveniência Doce Lar 2,Ribeira Funda,Loja de Conveniência,Igor Bezerra,Amanda Machado,ciclico,2021-08,normal,
1751,Açaiteria Primavera 2,Três Bicas,Açaiteria,Helena Vieira,Amanda Machado,mensal,2026-01,normal,
1752,Supermercado Pequi 2,São Braz do Campo,Supermercado,Vinícius Carvalho,Amanda Machado,ciclico,2021-12,normal,
1753,Açaí Paraíso,Vila Aurora,Açaiteria,Murilo Alves,André Santos,mensal,2021-08,normal,
1754,Mercado Maré Alta 3,Sertão Novo,Minimercado,Gustavo Fonseca,Mariana Cunha,ciclico,2023-06,normal,
1755,Lanches Ipanema Velha,Bela Corrente,Lanchonete,Leandro Cunha,Amanda Machado,mensal,2026-03,normal,
1756,Gelateria Cascata 2,Quatro Cruzes,Sorveteria,Carlos Teixeira,Eduardo Cardoso,mensal,2021-08,mix,2025-08
1757,Panificadora Doce Lar 2,Olho d'Água Grande,Padaria,Gabriel Ferreira,André Santos,ciclico,2022-09,normal,
1758,Lanchonete Mirante 2,Encosta Nova,Lanchonete,Sandra Cardoso,André Santos,mensal,2021-08,mix,2025-09
1759,Supermercado Mirante 2,Itaquerê,Supermercado,Igor Bezerra,Amanda Machado,ciclico,2021-08,atrito,
1760,Super Encanto 3,Monte Cravo,Supermercado,Wesley Siqueira,Amanda Machado,mensal,2023-07,normal,
1761,Supermercado Moinho 4,Bela Corrente,Supermercado,Letícia Ferreira,Sérgio Oliveira,mensal,2024-03,normal,
1762,Atacadão Horizonte 2,Nova Aurora do Vale,Atacadista,Sandra Mendes,Sérgio Gonçalves,ciclico,2023-11,normal,
1763,Mercado Tijuca Velha,Figueira Branca,Minimercado,Simone Maia,André Santos,mensal,2021-08,normal,
1764,Casa de Refeições Olaria 4,Monte Cravo,Restaurante,Sabrina Siqueira,Sérgio Oliveira,ciclico,2021-08,atrito,
1765,Mercadinho Cravo 3,Serra Cansada,Minimercado,Ricardo Teixeira,Sérgio Gonçalves,ciclico,2022-12,normal,
1766,Mercado Serrana 3,Pedra Molhada,Minimercado,Helena Vieira,Amanda Machado,mensal,2024-06,normal,
1767,Cantina Dois Irmãos 3,Monte Cravo,Restaurante,Paulo Correia,Eduardo Cardoso,mensal,2021-11,normal,
1768,Mercadinho Mirante 3,São Braz do Campo,Minimercado,Aline Duarte,Sérgio Gonçalves,ciclico,2024-01,normal,
1769,Supermercado Nascente 2,Quatro Cruzes,Supermercado,Aline Pacheco,Mariana Cunha,esporadico,2024-01,normal,
1770,Pizzaria Capim Doce,Lagoa Vermelha do Norte,Pizzaria,Adriana Xavier,Eduardo Cardoso,mensal,2022-01,atrito,
1771,Supermercado Maracanã Velho,Ribeira Funda,Supermercado,Diego Martins,Sérgio Gonçalves,esporadico,2021-08,normal,
1772,Mercadinho Ouro Fino 2,Jaraguandu,Minimercado,Sandra Mendes,Sérgio Gonçalves,esporadico,2021-08,normal,
1773,Cafeteria Estrela 2,Pedra Molhada,Cafeteria,Elaine Lopes,Vinícius Barbosa,esporadico,2021-08,atrito,
1774,Padaria e Confeitaria Vitória Régia 2,Várzea Comprida,Padaria,Aline Almeida,Sérgio Gonçalves,esporadico,2021-08,atrito,
1775,Ponto do Lanche Quintal,Sertão Novo,Lanchonete,Gustavo Fonseca,Mariana Cunha,esporadico,2021-08,atrito,
1776,Super Candeia 3,Guaraúna,Supermercado,Helena Vieira,Amanda Machado,mensal,2022-11,normal,
1777,Hamburgueria Oliveira 4,Campo Ferrugem,Hamburgueria,Sandra Cardoso,André Santos,mensal,2021-08,parada,2026-05
1778,Cafeteria Flor de Sal 3,Nova Aurora do Vale,Cafeteria,Vinícius Carvalho,Amanda Machado,mensal,2023-09,normal,
1779,Restaurante Veredas 4,Barra do Piraquê,Restaurante,Helena Gonçalves,André Santos,mensal,2022-10,normal,
1780,Padaria Varanda,Nova Aurora do Vale,Padaria,Cláudia Miranda,Mariana Cunha,mensal,2022-07,atrito,
1781,Mercado Pinheiro,Tabuleiro Alto,Minimercado,Ricardo Teixeira,Sérgio Gonçalves,ciclico,2023-12,normal,
1782,Lanchonete Nascente 3,Cravinho do Sul,Lanchonete,Murilo Alves,André Santos,ciclico,2025-09,normal,
1783,Mercado Veredas,Guaraúna,Minimercado,Juliana Pinheiro,Sérgio Gonçalves,mensal,2022-03,atrito,
1784,Padaria e Confeitaria Capim Doce 2,Fonte Limeira,Padaria,Renata Cardoso,Sérgio Gonçalves,mensal,2021-08,parada,2025-08
1785,Restaurante Maré Alta 2,Jaraguandu,Restaurante,Débora Nunes,Sérgio Gonçalves,mensal,2023-11,normal,
1786,Lanches Raiz Forte 2,Fonte Limeira,Lanchonete,Gabriel Ferreira,André Santos,ciclico,2021-08,atrito,
1787,Burger Oliveira,Marimbondo,Hamburgueria,Vinícius Siqueira,Eduardo Cardoso,esporadico,2023-11,atrito,
1788,Padaria Pequi,Vila Aurora,Padaria,Aline Araújo,André Santos,esporadico,2025-05,normal,
1789,Padaria Jacarandá 4,Vale Formoso do Norte,Padaria,Diego Martins,Sérgio Gonçalves,mensal,2024-09,atrito,
1790,Mercadinho Lagoa Azul 2,Nova Aurora do Vale,Minimercado,Viviane Soares,Mariana Cunha,esporadico,2022-07,normal,
1791,Padaria e Confeitaria Pinheiro 3,Sertão Novo,Padaria,Paulo Correia,Eduardo Cardoso,mensal,2021-08,atrito,
1792,Lanches Raiz Forte 3,Ipê Sereno,Lanchonete,Paulo Correia,Eduardo Cardoso,mensal,2021-08,degrau,2025-11
1793,Burger Sol Nascente,Pedra Molhada,Hamburgueria,Adriana Ferreira,André Santos,esporadico,2023-07,atrito,
1794,Minimercado Primavera 5,Passo Ruivo,Minimercado,Helena Vieira,Amanda Machado,esporadico,2023-01,normal,
1795,Lanchonete Nova Era 5,Nova Aurora do Vale,Lanchonete,Aline Duarte,Sérgio Gonçalves,esporadico,2025-05,normal,
1796,Pizzaria Jacarandá 2,Santa Ilha,Pizzaria,Helena Gonçalves,André Santos,mensal,2021-08,atrito,
1797,Cafeteria Central,Porto Bandeira,Cafeteria,Igor Rodrigues,Eduardo Cardoso,mensal,2021-08,degrau,2025-09
1798,Casa do Café Dois Irmãos,Monte Cravo,Cafeteria,Daniel Mendes,André Santos,esporadico,2024-07,normal,
1799,Ponto do Lanche Sol Nascente 2,Guaraúna,Lanchonete,Letícia Ferreira,Sérgio Oliveira,esporadico,2021-08,normal,
1800,Restaurante Chapada 2,Palmeira Torta,Restaurante,Sandra Cardoso,André Santos,esporadico,2021-08,normal,
1801,Super Nascente 2,Praia do Sino,Supermercado,Aline Duarte,Sérgio Gonçalves,ciclico,2021-08,normal,
1802,Açaí Palmeira,Palmeira Torta,Açaiteria,Renata Cardoso,Sérgio Gonçalves,mensal,2023-12,normal,
1803,Lanchonete Jacarandá,Vista Alegre do Ipê,Lanchonete,Gustavo Fonseca,Mariana Cunha,mensal,2021-08,sangramento,2025-06
1804,Panificadora Tucano,Riozinho Claro,Padaria,Sabrina Siqueira,Sérgio Oliveira,esporadico,2021-08,normal,
1805,Pizza Fonte Nova 3,Campo Ferrugem,Pizzaria,Gustavo Fonseca,Mariana Cunha,mensal,2021-08,normal,
1806,Restaurante Maracanã Velho 3,Várzea Comprida,Restaurante,Bruno Nogueira,Sérgio Oliveira,esporadico,2021-08,atrito,
1807,Mercadinho Capim Doce 2,São Braz do Campo,Minimercado,Daniel Mendes,André Santos,mensal,2021-08,normal,
1808,Conveniência Moinho,Ipê Sereno,Loja de Conveniência,Rafael Teixeira,Sérgio Oliveira,mensal,2025-11,normal,
1809,Panificadora Fonte Nova 4,Praia do Sino,Padaria,Aline Araújo,André Santos,ciclico,2021-08,normal,
1810,Açaiteria Bela Vista,Palmeira Torta,Açaiteria,Aline Pacheco,Mariana Cunha,mensal,2025-12,normal,
1811,Açaí Jatobá,São Braz do Campo,Açaiteria,Wesley Lima,Sérgio Oliveira,ciclico,2024-12,atrito,
1812,Ponto do Lanche Pequi,Santa Ilha,Lanchonete,Wagner Alves,Amanda Machado,esporadico,2021-08,normal,
1813,Mercado Cravo,Guaraúna,Minimercado,Simone Maia,André Santos,ciclico,2021-08,normal,
1814,Açaí Nascente,Vista Alegre do Ipê,Açaiteria,Bruno Nogueira,Sérgio Oliveira,ciclico,2021-08,normal,
1815,Panificadora Jacarandá 4,Ipê Sereno,Padaria,Patrícia Braga,André Santos,mensal,2021-08,normal,
1816,Conveniência Sempre Viva,Palmeira Torta,Loja de Conveniência,Jorge Sousa,Vinícius Barbosa,ciclico,2021-08,normal,
1817,Padaria e Confeitaria Esperança 3,Campo Ferrugem,Padaria,César Araújo,Vinícius Barbosa,ciclico,2025-09,normal,
1818,Casa de Refeições Sossego,Guaraúna,Restaurante,Adriana Xavier,Eduardo Cardoso,mensal,2021-08,normal,
1819,Lanches Flor de Sal 2,Várzea Comprida,Lanchonete,Aline Almeida,Sérgio Gonçalves,ciclico,2021-08,atrito,
1820,Mercado Oliveira 2,Porto Bandeira,Minimercado,Rafael Teixeira,Sérgio Oliveira,mensal,2025-05,atrito,
1821,Lanchonete Veredas,Vale Formoso do Norte,Lanchonete,Daniel Mendes,André Santos,esporadico,2026-04,normal,
1822,Padaria Estrela 2,Taquaruçu do Meio,Padaria,Flávio Nogueira,Sérgio Oliveira,mensal,2023-03,normal,
1823,Mercado Pinheiro 2,Bela Corrente,Minimercado,Cláudia Correia,Vinícius Barbosa,ciclico,2021-08,atrito,
1824,Supermercado Vila Nova 2,Monte Cravo,Supermercado,Adriana Xavier,Eduardo Cardoso,mensal,2021-08,parada,2026-03
1825,Mercado Trigal 3,Vila Aurora,Minimercado,César Araújo,Vinícius Barbosa,esporadico,2024-11,normal,
1826,Padaria e Confeitaria Pequi,Barra do Piraquê,Padaria,Helena Gonçalves,André Santos,ciclico,2026-01,normal,
1827,Minimercado Capim Doce,Alto Sereno,Minimercado,Igor Bezerra,Amanda Machado,mensal,2021-08,mix,2025-10
1828,Mercadinho Mirante 4,Três Bicas,Minimercado,Helena Gonçalves,André Santos,ciclico,2023-12,atrito,
1829,Panificadora Serrana 4,Pedra Molhada,Padaria,Ricardo Teixeira,Sérgio Gonçalves,mensal,2021-08,parada,2025-11
1830,Pizzaria Sossego 4,Fonte Limeira,Pizzaria,Patrícia Rezende,Mariana Cunha,mensal,2025-05,normal,
1831,Pizza Lagoa Azul 2,Passo Ruivo,Pizzaria,Antônio Freitas,Vinícius Barbosa,ciclico,2025-01,normal,
1832,Atacado Recanto,Encosta Nova,Atacadista,Joana Medeiros,Vinícius Barbosa,esporadico,2023-04,normal,
1833,Mercado Tucano,Serra Cansada,Minimercado,Aline Pacheco,Mariana Cunha,ciclico,2021-08,atrito,
1834,Supermercado Central 3,Marimbondo,Supermercado,Vinícius Carvalho,Amanda Machado,mensal,2022-11,normal,
1835,Mercado Serrana 4,Alto Sereno,Minimercado,Simone Maia,André Santos,mensal,2021-12,normal,
1836,Cantina Raiz Forte 2,Vila Aurora,Restaurante,Ricardo Teixeira,Sérgio Gonçalves,mensal,2025-12,normal,
1837,Casa de Refeições Candeia,Taquaruçu do Meio,Restaurante,Aline Duarte,Sérgio Gonçalves,mensal,2021-08,normal,
1838,Cantina Ipanema Velha 3,Vila Cascata,Restaurante,Gabriel Ferreira,André Santos,esporadico,2023-12,normal,
1839,Gelateria Moinho,Ribeira Funda,Sorveteria,Jorge Sousa,Vinícius Barbosa,mensal,2022-06,normal,
1840,Mercado Estrela 2,Fonte Limeira,Minimercado,Joana Medeiros,Vinícius Barbosa,mensal,2021-08,normal,
1841,Ponto do Lanche Horizonte,Alto Sereno,Lanchonete,Sandra Mendes,Sérgio Gonçalves,esporadico,2021-09,normal,
1842,Minimercado Pedra Alta 3,Vila Cascata,Minimercado,Juliana Pinheiro,Sérgio Gonçalves,mensal,2021-08,normal,
1843,Distribuidora Sempre Viva,Vila Aurora,Atacadista,Murilo Alves,André Santos,mensal,2022-03,mix,2026-01
1844,Minimercado Vila Nova 2,Monte Cravo,Minimercado,Wagner Braga,Sérgio Gonçalves,esporadico,2025-09,normal,
1845,Restaurante Ipê Roxo 3,Olho d'Água Grande,Restaurante,Sandra Cardoso,André Santos,esporadico,2021-08,atrito,
1846,Mercado Xodó 3,Pedra Molhada,Minimercado,Sandra Cardoso,André Santos,mensal,2021-08,voltou,2026-01
1847,Açaí Olaria 2,Nova Aurora do Vale,Açaiteria,Wesley Lima,Sérgio Oliveira,ciclico,2022-07,normal,
1848,Restaurante Candeia 2,Cravinho do Sul,Restaurante,Natália Almeida,Vinícius Barbosa,ciclico,2021-08,normal,
1849,Lanches Jatobá 2,Barra do Piraquê,Lanchonete,Gustavo Vasconcelos,Amanda Machado,mensal,2022-03,atrito,
1850,Mercado Palmeira,Sertão Novo,Minimercado,Viviane Soares,Mariana Cunha,mensal,2023-08,atrito,
1851,Pizza Cascata,Pedra Molhada,Pizzaria,Joana Medeiros,Vinícius Barbosa,ciclico,2021-08,normal,
1852,Mercado Cerrado 3,Alto Sereno,Minimercado,Helena Vieira,Amanda Machado,ciclico,2021-08,normal,
1853,Ponto do Lanche Esperança 3,Jaraguandu,Lanchonete,Murilo Alves,André Santos,esporadico,2023-11,normal,
1854,Panificadora Ouro Fino,Monte Cravo,Padaria,Raquel Ferreira,Vinícius Barbosa,esporadico,2021-08,normal,
1855,Padaria e Confeitaria Jatobá 3,Praia do Sino,Padaria,Ricardo Teixeira,Sérgio Gonçalves,ciclico,2021-08,normal,
1856,Sorveteria Olaria 2,Vila Aurora,Sorveteria,Jorge Sousa,Vinícius Barbosa,esporadico,2021-08,normal,
1857,Burger Fonte Nova,Barra do Piraquê,Hamburgueria,Adriana Xavier,Eduardo Cardoso,mensal,2024-04,atrito,
1858,Mercadinho Palmeira 2,Fonte Limeira,Minimercado,Rafael Teixeira,Sérgio Oliveira,mensal,2025-11,normal,
1859,Conveniência Santa Clara 3,São Braz do Campo,Loja de Conveniência,Aline Pacheco,Mariana Cunha,ciclico,2022-04,atrito,
1860,Super Horizonte 2,Xambrê,Supermercado,Wagner Braga,Sérgio Gonçalves,mensal,2021-08,atrito,
1861,Minimercado Serrana 2,Piraquara do Oeste,Minimercado,Fernanda Sampaio,Sérgio Gonçalves,esporadico,2025-05,atrito,
1862,Mercadinho Sossego 2,Jaraguandu,Minimercado,Ricardo Teixeira,Sérgio Gonçalves,ciclico,2021-10,normal,
1863,Loja Flor de Sal,Bela Corrente,Loja de Conveniência,Aline Pacheco,Mariana Cunha,ciclico,2021-11,normal,
1864,Sorveteria Farol 2,Riozinho Claro,Sorveteria,Yara Coelho,Sérgio Oliveira,mensal,2023-08,atrito,
1865,Super Varanda,Palmeira Torta,Supermercado,César Lopes,Mariana Cunha,ciclico,2021-08,normal,
1866,Hamburgueria Tucano,Quatro Cruzes,Hamburgueria,Rafael Teixeira,Sérgio Oliveira,esporadico,2021-08,atrito,
1867,Sorveteria Tijuca Velha 2,Fonte Limeira,Sorveteria,Sabrina Andrade,Vinícius Barbosa,esporadico,2022-06,normal,
1868,Padaria Nascente 4,Tabuleiro Alto,Padaria,Aline Araújo,André Santos,mensal,2022-06,normal,
1869,Padaria Terra Boa 4,Umbuzeiro,Padaria,Débora Faria,Mariana Cunha,mensal,2022-04,atrito,
1870,Padaria e Confeitaria Estrela 2,Riozinho Claro,Padaria,Silvana Santos,Mariana Cunha,mensal,2021-08,normal,
1871,Pizzaria Pinheiro 3,Barra do Piraquê,Pizzaria,Yara Coelho,Sérgio Oliveira,mensal,2024-09,atrito,
1872,Panificadora Pinheiro 2,Lagoa Vermelha do Norte,Padaria,Vinícius Carvalho,Amanda Machado,mensal,2025-08,normal,
1873,Buffet Santa Clara,Cravinho do Sul,Buffet e Eventos,Marcos Almeida,Sérgio Oliveira,esporadico,2026-03,normal,
1874,Pizza Chapada 2,Ipê Sereno,Pizzaria,Helena Vieira,Amanda Machado,ciclico,2021-08,normal,
1875,Mercado Farol,Vista Alegre do Ipê,Minimercado,Rafael Teixeira,Sérgio Oliveira,mensal,2024-09,atrito,
1876,Hamburgueria Ipê Roxo,Pedra Molhada,Hamburgueria,Flávio Lima,André Santos,mensal,2021-08,voltou,2025-10
1877,Super Central,Taquaruçu do Meio,Supermercado,Wagner Alves,Amanda Machado,mensal,2026-03,normal,
1878,Lanches Bom Retiro 3,Vista Alegre do Ipê,Lanchonete,Vinícius Siqueira,Eduardo Cardoso,ciclico,2021-08,atrito,
1879,Casa de Refeições Sabor Real 2,Alto Sereno,Restaurante,Vanessa Teixeira,Sérgio Gonçalves,ciclico,2021-08,normal,
1880,Cantina Juriti 2,Serra Cansada,Restaurante,Débora Maia,Eduardo Cardoso,mensal,2021-08,atrito,
1881,Lanches Nascente 2,Três Bicas,Lanchonete,César Araújo,Vinícius Barbosa,mensal,2021-08,voltou,2026-02
1882,Pizzaria Farol 3,Ipê Sereno,Pizzaria,Tatiane Sales,Mariana Cunha,mensal,2021-08,sangramento,2025-12
1883,Mercadinho Trigal 2,Palmeira Torta,Minimercado,Igor Batista,Amanda Machado,esporadico,2022-10,normal,
1884,Hamburgueria Central,Monte Cravo,Hamburgueria,Renata Cardoso,Sérgio Gonçalves,mensal,2021-08,parada,2025-09
1885,Supermercado Jacarandá 2,Encosta Nova,Supermercado,Wagner Rodrigues,Mariana Cunha,mensal,2025-02,normal,
1886,Café Pitanga 2,Umbuzeiro,Cafeteria,Tatiane Sales,Mariana Cunha,ciclico,2024-05,normal,
1887,Pizzaria Varanda,Encosta Nova,Pizzaria,Letícia Ferreira,Sérgio Oliveira,mensal,2024-12,atrito,
1888,Hamburgueria Bom Retiro 3,Umbuzeiro,Hamburgueria,Daniel Mendes,André Santos,mensal,2026-02,normal,
1889,Padaria Nova Era,Pedra Molhada,Padaria,Cláudia Correia,Vinícius Barbosa,ciclico,2021-08,atrito,
1890,Supermercado Flor de Sal 2,Três Bicas,Supermercado,Emerson Pinheiro,Vinícius Barbosa,esporadico,2021-08,atrito,
1891,Mercadinho Quintal,Figueira Branca,Minimercado,Simone Maia,André Santos,mensal,2023-08,normal,
1892,Cafeteria Paraíso,Itaquerê,Cafeteria,Débora Faria,Mariana Cunha,ciclico,2025-01,normal,
1893,Minimercado Cravo 4,Passo Ruivo,Minimercado,Ricardo Teixeira,Sérgio Gonçalves,esporadico,2021-08,normal,
1894,Mercado Nova Era 2,Santa Ilha,Minimercado,Raquel Ferreira,Vinícius Barbosa,mensal,2023-02,atrito,
1895,Buffet Tijuca Velha 2,Umbuzeiro,Buffet e Eventos,Rodrigo Dias,Vinícius Barbosa,esporadico,2022-12,atrito,
1896,Mercadinho Veredas,Ipê Sereno,Minimercado,Daniel Mendes,André Santos,ciclico,2024-06,normal,
1897,Panificadora Bandeirante 2,São Braz do Campo,Padaria,Sandra Cardoso,André Santos,mensal,2021-08,normal,
1898,Panificadora Ipê Roxo 2,Monte Cravo,Padaria,Renata Cardoso,Sérgio Gonçalves,mensal,2021-09,voltou,2026-03
1899,Restaurante Rio Claro,Piraquara do Oeste,Restaurante,Marcos Almeida,Sérgio Oliveira,mensal,2025-02,atrito,
1900,Panificadora Guarani 3,Barra do Piraquê,Padaria,Yara Santos,Eduardo Cardoso,mensal,2021-08,atrito,
1901,Minimercado Quintal 3,Lagoa Vermelha do Norte,Minimercado,Roberta Nogueira,André Santos,mensal,2024-09,atrito,
1902,Super Trigal,Guaraúna,Supermercado,Yara Coelho,Sérgio Oliveira,esporadico,2026-01,normal,
1903,Restaurante Tamarindo 2,Lagoa Vermelha do Norte,Restaurante,César Lopes,Mariana Cunha,mensal,2021-08,mix,2025-07
1904,Padaria e Confeitaria Tijuca Velha 2,Alto Sereno,Padaria,André Batista,Sérgio Oliveira,mensal,2021-08,atrito,
1905,Padaria Paraíso 3,Figueira Branca,Padaria,Roberta Pinheiro,Amanda Machado,mensal,2021-08,parada,2025-12
1906,Supermercado Jacarandá 3,Palmeira Torta,Supermercado,Adriana Xavier,Eduardo Cardoso,mensal,2021-08,normal,
1907,Mercadinho Jatobá 4,Ribeira Funda,Minimercado,João Cavalcanti,Eduardo Cardoso,mensal,2021-08,parada,2025-11
1908,Conveniência Flor de Sal,Taquaruçu do Meio,Loja de Conveniência,Paulo Camargo,Eduardo Cardoso,mensal,2021-08,atrito,
1909,Loja São Jorge,Jaraguandu,Loja de Conveniência,Wagner Rodrigues,Mariana Cunha,esporadico,2021-08,normal,
1910,Casa do Café Brisa,Xambrê,Cafeteria,Vanessa Teixeira,Sérgio Gonçalves,mensal,2022-02,normal,
1911,Padaria e Confeitaria Quintal 5,Riozinho Claro,Padaria,Aline Duarte,Sérgio Gonçalves,mensal,2021-08,sangramento,2025-04
1912,Super Quintal 2,Pedra Molhada,Supermercado,Wagner Rodrigues,Mariana Cunha,mensal,2021-08,atrito,
1913,Lanchonete Nascente 4,Porto Bandeira,Lanchonete,André Cardoso,Vinícius Barbosa,ciclico,2021-08,normal,
1914,Gelateria Veredas,Xambrê,Sorveteria,Leandro Cunha,Amanda Machado,esporadico,2021-08,atrito,
1915,Super Paraíso,Serra Cansada,Supermercado,Kelly Carvalho,Sérgio Gonçalves,esporadico,2024-09,atrito,
1916,Burger Ipê Roxo,Fonte Limeira,Hamburgueria,Aline Andrade,Sérgio Gonçalves,mensal,2021-08,normal,
1917,Hamburgueria Vila Nova 2,Marimbondo,Hamburgueria,Kelly Carvalho,Sérgio Gonçalves,ciclico,2021-08,normal,
1918,Atacadão Ponte Velha 2,Piraquara do Oeste,Atacadista,Yara Coelho,Sérgio Oliveira,mensal,2022-02,normal,
1919,Pizzaria Ouro Fino 2,Alto Sereno,Pizzaria,Helena Gonçalves,André Santos,mensal,2021-08,normal,
1920,Lanchonete Serrana 2,Vista Alegre do Ipê,Lanchonete,Joana Medeiros,Vinícius Barbosa,mensal,2021-08,mix,2025-11
1921,Lanchonete Tijuca Velha,São Braz do Campo,Lanchonete,Débora Faria,Mariana Cunha,mensal,2021-08,normal,
1922,Padaria Terra Boa 5,Guaraúna,Padaria,Débora Nunes,Sérgio Gonçalves,esporadico,2025-11,normal,
1923,Restaurante São Jorge,Nova Aurora do Vale,Restaurante,Murilo Alves,André Santos,mensal,2021-08,atrito,
1924,Ponto do Lanche Terra Boa,Marimbondo,Lanchonete,Cláudia Miranda,Mariana Cunha,ciclico,2021-08,normal,
1925,Ponto do Lanche Moinho,Ipê Sereno,Lanchonete,Rodrigo Dias,Vinícius Barbosa,esporadico,2021-08,normal,
1926,Açaiteria Cascata 2,Ribeira Funda,Açaiteria,Nelson Nunes,Eduardo Cardoso,ciclico,2021-08,normal,
1927,Ponto do Lanche Tucano 2,Fonte Limeira,Lanchonete,Aline Pacheco,Mariana Cunha,ciclico,2025-08,normal,
1928,Café Jatobá,Várzea Comprida,Cafeteria,Joana Medeiros,Vinícius Barbosa,ciclico,2024-10,atrito,
1929,Cafeteria Primavera,Encosta Nova,Cafeteria,Kelly Carvalho,Sérgio Gonçalves,mensal,2021-08,mix,2025-11
1930,Lanchonete Encanto 3,Jaraguandu,Lanchonete,João Cavalcanti,Eduardo Cardoso,mensal,2024-04,normal,
1931,Atacadão Trigal,Piraquara do Oeste,Atacadista,César Lopes,Mariana Cunha,esporadico,2021-08,normal,
1932,Buffet Porto Seguro Velho 2,Vila Cascata,Buffet e Eventos,Tatiane Sales,Mariana Cunha,ciclico,2021-08,normal,
1933,Lanches Bela Vista,Pedra Molhada,Lanchonete,Adriana Xavier,Eduardo Cardoso,ciclico,2021-08,normal,
1934,Pizza Ipanema Velha,Figueira Branca,Pizzaria,Aline Almeida,Sérgio Gonçalves,mensal,2021-08,normal,
1935,Cantina Sabor Real,Itaquerê,Restaurante,Igor Batista,Amanda Machado,mensal,2022-07,normal,
1936,Mercado Ponte Velha 2,Marimbondo,Minimercado,Rodrigo Dias,Vinícius Barbosa,mensal,2021-08,normal,
1937,Açaí Brisa 3,Serra Cansada,Açaiteria,Diego Martins,Sérgio Gonçalves,ciclico,2025-03,normal,
1938,Panificadora Rosa dos Ventos 2,Vista Alegre do Ipê,Padaria,César Araújo,Vinícius Barbosa,ciclico,2026-03,normal,
1939,Panificadora Brisa 2,Praia do Sino,Padaria,Helena Gonçalves,André Santos,mensal,2025-08,atrito,
1940,Panificadora Brisa 3,Palmeira Torta,Padaria,Gabriel Ferreira,André Santos,mensal,2021-08,normal,
1941,Lanchonete Cerrado 4,Tabuleiro Alto,Lanchonete,Marcos Bezerra,Amanda Machado,mensal,2025-10,normal,
1942,Panificadora Figueira 2,Marimbondo,Padaria,Emerson Carvalho,Eduardo Cardoso,mensal,2022-09,normal,
1943,Lanches Estrela 2,Palmeira Torta,Lanchonete,João Cavalcanti,Eduardo Cardoso,mensal,2025-06,normal,
1944,Casa do Café Luar,Passo Ruivo,Cafeteria,Aline Duarte,Sérgio Gonçalves,mensal,2021-08,mix,2025-10
1945,Casa de Refeições Palmeira 3,São Braz do Campo,Restaurante,Natália Almeida,Vinícius Barbosa,mensal,2021-08,normal,
1946,Super Bandeirante,Palmeira Torta,Supermercado,Igor Bezerra,Amanda Machado,mensal,2022-05,normal,
1947,Panificadora Ipê Roxo 3,Xambrê,Padaria,Juliana Pinheiro,Sérgio Gonçalves,esporadico,2021-08,normal,
1948,Padaria e Confeitaria Encanto,Passo Ruivo,Padaria,André Batista,Sérgio Oliveira,mensal,2023-08,normal,
1949,Panificadora Jacarandá 5,Ribeira Funda,Padaria,Vanessa Teixeira,Sérgio Gonçalves,mensal,2021-08,sangramento,2025-09
1950,Restaurante Rosa dos Ventos,Encosta Nova,Restaurante,Aline Araújo,André Santos,ciclico,2023-11,normal,
1951,Hamburgueria Sabor Real,Barra do Piraquê,Hamburgueria,Juliana Xavier,Mariana Cunha,ciclico,2021-08,normal,
1952,Lanchonete Pequi,Itaquerê,Lanchonete,Patrícia Braga,André Santos,esporadico,2021-08,normal,
1953,Padaria Cravo 2,Piraquara do Oeste,Padaria,Helena Vieira,Amanda Machado,mensal,2021-08,sangramento,2025-11
1954,Restaurante Luar,Marimbondo,Restaurante,Igor Rodrigues,Eduardo Cardoso,esporadico,2022-07,normal,
1955,Pizza Rosa dos Ventos 4,Ribeira Funda,Pizzaria,Aline Almeida,Sérgio Gonçalves,mensal,2022-05,normal,
1956,Panificadora Figueira 3,Passo Ruivo,Padaria,Daniel Mendes,André Santos,mensal,2021-08,atrito,
1957,Mercado Mirante,Quatro Cruzes,Minimercado,Wagner Braga,Sérgio Gonçalves,mensal,2021-08,normal,
1958,Lanches Vale Verde 2,Vista Alegre do Ipê,Lanchonete,Vinícius Carvalho,Amanda Machado,mensal,2022-02,normal,
1959,Cantina Cerrado 2,Tabuleiro Alto,Restaurante,Wagner Braga,Sérgio Gonçalves,mensal,2021-08,normal,
1960,Conveniência Recanto,Cravinho do Sul,Loja de Conveniência,Gustavo Vasconcelos,Amanda Machado,ciclico,2021-08,normal,
1961,Lanchonete Recanto 3,Várzea Comprida,Lanchonete,Marcos Almeida,Sérgio Oliveira,mensal,2021-08,normal,
1962,Açaí Porto Seguro Velho 2,Praia do Sino,Açaiteria,Joana Medeiros,Vinícius Barbosa,esporadico,2023-08,normal,
1963,Casa do Café Palmeira,São Braz do Campo,Cafeteria,Geraldo Cavalcanti,Mariana Cunha,esporadico,2021-08,atrito,
1964,Mercado Encanto 4,Vila Aurora,Minimercado,Igor Rodrigues,Eduardo Cardoso,esporadico,2022-09,normal,
1965,Panificadora Esperança,Guaraúna,Padaria,Joana Medeiros,Vinícius Barbosa,ciclico,2021-08,normal,
1966,Hamburgueria Terra Boa,Nova Aurora do Vale,Hamburgueria,Jaqueline Alves,Sérgio Oliveira,mensal,2021-09,atrito,
1967,Cantina Capim Doce 3,Cravinho do Sul,Restaurante,Antônio Freitas,Vinícius Barbosa,mensal,2021-08,mix,2025-09
1968,Açaí Capim Doce,Barra do Piraquê,Açaiteria,Simone Maia,André Santos,ciclico,2023-09,normal,
1969,Hamburgueria Ponte Velha,Palmeira Torta,Hamburgueria,Igor Bezerra,Amanda Machado,esporadico,2021-08,atrito,
1970,Mercado Aurora 2,Riozinho Claro,Minimercado,Silvana Silva,Vinícius Barbosa,mensal,2021-08,atrito,
1971,Buffet Olaria,Porto Bandeira,Buffet e Eventos,Cláudia Correia,Vinícius Barbosa,mensal,2024-02,normal,
1972,Buffet Chapada 2,Palmeira Torta,Buffet e Eventos,César Araújo,Vinícius Barbosa,ciclico,2021-08,normal,
1973,Casa do Café Pequi,Cravinho do Sul,Cafeteria,Joana Medeiros,Vinícius Barbosa,mensal,2021-08,normal,
1974,Padaria Ipanema Velha 5,Itaquerê,Padaria,Sandra Cardoso,André Santos,mensal,2021-08,voltou,2025-11
1975,Pizza Girassol,Barra do Piraquê,Pizzaria,Murilo Alves,André Santos,mensal,2021-08,normal,
1976,Supermercado Juriti 3,Xambrê,Supermercado,Isabela Guimarães,André Santos,esporadico,2021-08,normal,
1977,Super Palmeira,Bela Corrente,Supermercado,Kelly Carvalho,Sérgio Gonçalves,esporadico,2023-04,normal,
1978,Minimercado Maracanã Velho 2,Sertão Novo,Minimercado,Aline Andrade,Sérgio Gonçalves,mensal,2026-04,normal,
1979,Padaria Paraíso 4,Umbuzeiro,Padaria,Ricardo Teixeira,Sérgio Gonçalves,mensal,2021-10,atrito,
1980,Minimercado Ipanema Velha,Santa Ilha,Minimercado,Adriana Xavier,Eduardo Cardoso,mensal,2021-08,atrito,
1981,Açaí Brisa 4,Taquaruçu do Meio,Açaiteria,Cláudia Correia,Vinícius Barbosa,mensal,2021-08,parada,2026-02
1982,Casa de Refeições Guarani,Ribeira Funda,Restaurante,Joana Medeiros,Vinícius Barbosa,ciclico,2022-01,atrito,
1983,Supermercado Sol Nascente 2,Campo Ferrugem,Supermercado,André Batista,Sérgio Oliveira,mensal,2024-09,atrito,
1984,Panificadora Capim Doce 2,Fonte Limeira,Padaria,Wagner Martins,Amanda Machado,mensal,2024-08,normal,
1985,Mercadinho Girassol 3,Vale Formoso do Norte,Minimercado,Marcos Bezerra,Amanda Machado,mensal,2021-08,normal,
1986,Mercado São Jorge 2,São Braz do Campo,Minimercado,Simone Maia,André Santos,mensal,2021-08,normal,
1987,Restaurante Pitanga 3,Guaraúna,Restaurante,Aline Duarte,Sérgio Gonçalves,mensal,2021-08,normal,
1988,Cantina Cascata 3,Vale Formoso do Norte,Restaurante,Wagner Rodrigues,Mariana Cunha,esporadico,2025-02,normal,
1989,Padaria Jatobá 2,Guaraúna,Padaria,Murilo Alves,André Santos,mensal,2021-08,mix,2026-02
1990,Ponto do Lanche Ponte Velha 2,Monte Cravo,Lanchonete,Aline Pacheco,Mariana Cunha,esporadico,2022-08,atrito,
1991,Cantina Sol Nascente 2,Monte Cravo,Restaurante,Aline Duarte,Sérgio Gonçalves,mensal,2021-08,normal,
1992,Padaria Capim Doce 3,Palmeira Torta,Padaria,Aline Duarte,Sérgio Gonçalves,mensal,2022-04,atrito,
1993,Casa de Refeições Girassol 4,Vila Aurora,Restaurante,Cláudia Miranda,Mariana Cunha,mensal,2021-08,atrito,
1994,Padaria e Confeitaria Rio Claro,Itaquerê,Padaria,Kelly Carvalho,Sérgio Gonçalves,mensal,2022-03,voltou,2025-12
1995,Cantina Fonte Nova,Guaraúna,Restaurante,Bruno Nogueira,Sérgio Oliveira,mensal,2021-08,normal,
1996,Ponto do Lanche Estrela,Serra Cansada,Lanchonete,André Batista,Sérgio Oliveira,mensal,2023-09,atrito,
1997,Lanchonete Bandeirante 2,São Braz do Campo,Lanchonete,Igor Bezerra,Amanda Machado,ciclico,2021-08,normal,
1998,Padaria e Confeitaria Figueira 2,Guaraúna,Padaria,Raquel Ferreira,Vinícius Barbosa,ciclico,2021-08,normal,
1999,Burger Ipanema Velha,Palmeira Torta,Hamburgueria,Joana Medeiros,Vinícius Barbosa,mensal,2022-07,atrito,
2000,Minimercado Capim Doce 2,Santa Ilha,Minimercado,André Batista,Sérgio Oliveira,mensal,2023-11,atrito,
2001,Cafeteria Capim Doce 3,Fonte Limeira,Cafeteria,Patrícia Rezende,Mariana Cunha,mensal,2021-08,mix,2026-01
2002,Minimercado Pinheiro,Marimbondo,Minimercado,Flávio Lima,André Santos,esporadico,2022-07,normal,
2003,Casa de Refeições Esperança 2,Vale Formoso do Norte,Restaurante,Yara Coelho,Sérgio Oliveira,esporadico,2021-08,normal,
2004,Açaí Candeia 2,Guaraúna,Açaiteria,Carlos Teixeira,Eduardo Cardoso,ciclico,2021-08,normal,
2005,Pizzaria Pitanga 2,Porto Bandeira,Pizzaria,Aline Duarte,Sérgio Gonçalves,mensal,2025-06,normal,
2006,Padaria Bandeirante 2,Nova Aurora do Vale,Padaria,Joana Medeiros,Vinícius Barbosa,mensal,2024-03,atrito,
2007,Eventos Bela Vista,Piraquara do Oeste,Buffet e Eventos,Simone Maia,André Santos,mensal,2025-07,atrito,
2008,Pizza Brisa 2,Três Bicas,Pizzaria,Gustavo Fonseca,Mariana Cunha,mensal,2023-10,atrito,
2009,Minimercado Rio Claro 2,Riozinho Claro,Minimercado,Sandra Mendes,Sérgio Gonçalves,ciclico,2025-02,normal,
2010,Lanchonete Ipanema Velha,Bela Corrente,Lanchonete,Roberta Nogueira,André Santos,ciclico,2021-08,normal,
2011,Minimercado Umbu 2,Tabuleiro Alto,Minimercado,Sandra Cardoso,André Santos,ciclico,2023-11,normal,
2012,Minimercado Bandeirante 3,Vale Formoso do Norte,Minimercado,Letícia Ferreira,Sérgio Oliveira,ciclico,2021-08,atrito,
2013,Super Ipanema Velha,Vila Aurora,Supermercado,Vinícius Siqueira,Eduardo Cardoso,esporadico,2021-08,normal,
2014,Ponto do Lanche Cravo,Nova Aurora do Vale,Lanchonete,Marcos Bezerra,Amanda Machado,mensal,2021-08,sangramento,2025-04
2015,Panificadora Palmeira 5,Encosta Nova,Padaria,Cláudia Correia,Vinícius Barbosa,mensal,2022-02,normal,
2016,Mercado Ouro Fino,Passo Ruivo,Minimercado,César Lopes,Mariana Cunha,mensal,2023-10,normal,
2017,Café Pinheiro,Monte Cravo,Cafeteria,Adriana Ferreira,André Santos,esporadico,2024-02,normal,
2018,Gelateria Girassol 2,Bela Corrente,Sorveteria,Ricardo Teixeira,Sérgio Gonçalves,esporadico,2026-03,normal,
2019,Super Pinheiro 2,Lagoa Vermelha do Norte,Supermercado,Cláudia Correia,Vinícius Barbosa,mensal,2024-01,normal,
2020,Gelateria Ipê Roxo 2,Vila Cascata,Sorveteria,Igor Bezerra,Amanda Machado,ciclico,2023-08,normal,
2021,Pizzaria Figueira 5,Alto Sereno,Pizzaria,César Lopes,Mariana Cunha,mensal,2021-08,atrito,
2022,Lanches Oliveira 2,Encosta Nova,Lanchonete,Mariana Oliveira,Eduardo Cardoso,mensal,2022-09,normal,
2023,Casa do Café Ouro Fino,Monte Cravo,Cafeteria,Débora Nunes,Sérgio Gonçalves,ciclico,2026-02,normal,
2024,Padaria e Confeitaria Ipanema Velha,Encosta Nova,Padaria,Sandra Cardoso,André Santos,ciclico,2023-10,normal,
2025,Supermercado Mirante 3,Várzea Comprida,Supermercado,Marcos Almeida,Sérgio Oliveira,esporadico,2021-08,atrito,
2026,Mercadinho Maré Alta 3,Serra Cansada,Minimercado,Vanessa Teixeira,Sérgio Gonçalves,mensal,2022-08,mix,2025-09
2027,Padaria e Confeitaria Ponte Velha 3,Olho d'Água Grande,Padaria,Paulo Correia,Eduardo Cardoso,mensal,2021-08,atrito,
2028,Lanches Rio Claro,Nova Aurora do Vale,Lanchonete,Adriana Xavier,Eduardo Cardoso,mensal,2024-01,normal,
2029,Mercadinho Figueira 2,Encosta Nova,Minimercado,Vinícius Carvalho,Amanda Machado,mensal,2022-06,atrito,
2030,Pizzaria Dois Irmãos,Bela Corrente,Pizzaria,Wagner Braga,Sérgio Gonçalves,esporadico,2021-08,normal,
2031,Restaurante Palmeira 4,Riozinho Claro,Restaurante,Aline Araújo,André Santos,mensal,2021-08,sangramento,2025-05
2032,Mercado Pequi 2,Guaraúna,Minimercado,Sabrina Siqueira,Sérgio Oliveira,esporadico,2021-10,atrito,
2033,Lanchonete Estrela,Jaraguandu,Lanchonete,Rodrigo Dias,Vinícius Barbosa,mensal,2022-05,normal,
2034,Gelateria Juriti 2,Palmeira Torta,Sorveteria,Emerson Carvalho,Eduardo Cardoso,ciclico,2022-12,normal,
2035,Padaria e Confeitaria Pitanga,São Braz do Campo,Padaria,Márcia Sales,Sérgio Oliveira,ciclico,2026-04,normal,
2036,Casa de Refeições Recanto 2,Lagoa Vermelha do Norte,Restaurante,Cláudia Correia,Vinícius Barbosa,mensal,2022-07,normal,
2037,Padaria e Confeitaria Tucano 4,Vale Formoso do Norte,Padaria,Raquel Ferreira,Vinícius Barbosa,esporadico,2025-08,normal,
2038,Casa de Refeições Ouro Fino 2,Figueira Branca,Restaurante,César Araújo,Vinícius Barbosa,mensal,2022-08,mix,2025-10
2039,Burger Vitória Régia,Olho d'Água Grande,Hamburgueria,Vinícius Carvalho,Amanda Machado,ciclico,2025-04,normal,
2040,Cafeteria Chapada,Quatro Cruzes,Cafeteria,Ricardo Teixeira,Sérgio Gonçalves,ciclico,2021-08,atrito,
2041,Açaiteria Jacarandá,Palmeira Torta,Açaiteria,Márcia Sales,Sérgio Oliveira,mensal,2021-08,normal,
2042,Supermercado Ouro Fino,Várzea Comprida,Supermercado,Aline Duarte,Sérgio Gonçalves,mensal,2021-08,degrau,2026-01
2043,Mercadinho Maré Alta 4,Taquaruçu do Meio,Minimercado,Wagner Alves,Amanda Machado,mensal,2021-08,normal,
2044,Cafeteria Tijuca Velha 2,Serra Cansada,Cafeteria,Diego Martins,Sérgio Gonçalves,esporadico,2021-08,atrito,
2045,Restaurante Vila Nova 2,Passo Ruivo,Restaurante,Tatiane Sales,Mariana Cunha,mensal,2023-09,atrito,
2046,Cafeteria Central 2,Alto Sereno,Cafeteria,Flávio Nogueira,Sérgio Oliveira,esporadico,2024-09,normal,
2047,Mercadinho Fonte Nova 2,Olho d'Água Grande,Minimercado,Aline Pacheco,Mariana Cunha,mensal,2021-11,normal,
2048,Padaria e Confeitaria Doce Lar,São Braz do Campo,Padaria,Igor Bezerra,Amanda Machado,mensal,2024-05,normal,
2049,Loja Doce Lar,Vale Formoso do Norte,Loja de Conveniência,Emerson Pinheiro,Vinícius Barbosa,mensal,2023-01,normal,
2050,Gelateria Lagoa Azul 2,Praia do Sino,Sorveteria,André Batista,Sérgio Oliveira,mensal,2021-08,normal,
2051,Lanches Pinheiro 2,Vila Cascata,Lanchonete,Igor Bezerra,Amanda Machado,esporadico,2022-04,atrito,
2052,Super Xodó 2,Fonte Limeira,Supermercado,César Araújo,Vinícius Barbosa,mensal,2022-11,normal,
2053,Lanchonete Serrana 3,Praia do Sino,Lanchonete,Ricardo Teixeira,Sérgio Gonçalves,ciclico,2025-01,normal,
2054,Super Vale Verde 2,Taquaruçu do Meio,Supermercado,Wagner Braga,Sérgio Gonçalves,ciclico,2021-09,normal,
2055,Lanches Xodó 2,Alto Sereno,Lanchonete,Helena Vieira,Amanda Machado,mensal,2024-05,normal,
2056,Lanches Umbu 3,Taquaruçu do Meio,Lanchonete,Renata Cardoso,Sérgio Gonçalves,ciclico,2024-01,normal,
2057,Loja Maracanã Velho 3,Guaraúna,Loja de Conveniência,Simone Maia,André Santos,mensal,2021-08,atrito,
2058,Padaria e Confeitaria Guarani 2,Ribeira Funda,Padaria,Antônio Freitas,Vinícius Barbosa,mensal,2021-08,normal,
2059,Café Tucano 2,Santa Ilha,Cafeteria,Débora Faria,Mariana Cunha,ciclico,2025-12,normal,
2060,Ponto do Lanche Trigal 2,Várzea Comprida,Lanchonete,Vanessa Teixeira,Sérgio Gonçalves,mensal,2021-08,sangramento,2025-11
2061,Padaria Esperança 2,Campo Ferrugem,Padaria,Rodrigo Dias,Vinícius Barbosa,mensal,2026-04,normal,
2062,Padaria Paraíso 5,Porto Bandeira,Padaria,Cláudia Miranda,Mariana Cunha,mensal,2021-08,atrito,
2063,Minimercado Rio Claro 3,Santa Ilha,Minimercado,Natália Almeida,Vinícius Barbosa,mensal,2022-09,atrito,
2064,Conveniência Pedra Alta,Quatro Cruzes,Loja de Conveniência,César Lopes,Mariana Cunha,mensal,2021-08,normal,
2065,Mercadinho Pedra Alta 3,Santa Ilha,Minimercado,Wagner Alves,Amanda Machado,mensal,2021-08,normal,
2066,Açaí Pequi 2,Guaraúna,Açaiteria,Silvana Andrade,Amanda Machado,esporadico,2023-06,atrito,
2067,Padaria Moinho 3,Figueira Branca,Padaria,Jorge Sousa,Vinícius Barbosa,esporadico,2022-03,normal,
2068,Panificadora Primavera 3,Alto Sereno,Padaria,Silvana Silva,Vinícius Barbosa,mensal,2021-08,atrito,
2069,Mercadinho Estrela 3,Guaraúna,Minimercado,Paulo Correia,Eduardo Cardoso,mensal,2021-08,normal,
2070,Padaria e Confeitaria Vila Nova 2,Pedra Molhada,Padaria,Carlos Teixeira,Eduardo Cardoso,mensal,2021-08,normal,
2071,Padaria Veredas 3,Xambrê,Padaria,Flávio Nogueira,Sérgio Oliveira,esporadico,2021-08,normal,
2072,Mercado Sossego,Lagoa Vermelha do Norte,Minimercado,Sandra Cardoso,André Santos,mensal,2021-08,atrito,
2073,Panificadora Guarani 4,Ipê Sereno,Padaria,Elaine Lopes,Vinícius Barbosa,mensal,2021-08,atrito,
2074,Super Sabor Real,Porto Bandeira,Supermercado,Tatiane Sales,Mariana Cunha,ciclico,2023-05,normal,
2075,Açaí Umbu,Fonte Limeira,Açaiteria,Geraldo Cavalcanti,Mariana Cunha,ciclico,2022-10,atrito,
2076,Minimercado Brisa 2,Fonte Limeira,Minimercado,Murilo Alves,André Santos,mensal,2024-10,atrito,
2077,Burger Central,Passo Ruivo,Hamburgueria,Fernanda Sampaio,Sérgio Gonçalves,esporadico,2021-08,normal,
2078,Panificadora Sossego 2,Várzea Comprida,Padaria,Joana Medeiros,Vinícius Barbosa,ciclico,2022-12,normal,
2079,Casa de Refeições Candeia 2,Lagoa Vermelha do Norte,Restaurante,Vinícius Siqueira,Eduardo Cardoso,ciclico,2023-06,normal,
2080,Café Pedra Alta 3,Vale Formoso do Norte,Cafeteria,Juliana Pinheiro,Sérgio Gonçalves,mensal,2025-03,normal,
2081,Super Sabor Real 2,Lagoa Vermelha do Norte,Supermercado,Gabriel Ferreira,André Santos,mensal,2021-10,atrito,
2082,Mercadinho Varanda,Monte Cravo,Minimercado,Wagner Rodrigues,Mariana Cunha,mensal,2021-12,normal,
2083,Minimercado Primavera 6,Monte Cravo,Minimercado,Cláudia Correia,Vinícius Barbosa,esporadico,2021-08,normal,
2084,Mercado Pinheiro 3,Sertão Novo,Minimercado,Aline Pacheco,Mariana Cunha,mensal,2025-02,normal,
2085,Loja Fonte Nova 2,Serra Cansada,Loja de Conveniência,Juliana Xavier,Mariana Cunha,mensal,2021-08,normal,
2086,Sorveteria Sempre Viva,Serra Cansada,Sorveteria,Cláudia Miranda,Mariana Cunha,ciclico,2021-08,atrito,
2087,Restaurante Rio Claro 2,Barra do Piraquê,Restaurante,Lucas Braga,André Santos,esporadico,2025-02,normal,
2088,Mercado Varanda 5,Vila Cascata,Minimercado,Igor Batista,Amanda Machado,esporadico,2024-01,atrito,
2089,Café Candeia,Palmeira Torta,Cafeteria,Márcia Sales,Sérgio Oliveira,esporadico,2021-08,normal,
2090,Mercado Sabor Real 3,Alto Sereno,Minimercado,Aline Duarte,Sérgio Gonçalves,mensal,2021-08,sangramento,2025-08
2091,Mercado Vale Verde,Jaraguandu,Minimercado,Daniel Mendes,André Santos,mensal,2021-10,normal,
2092,Padaria e Confeitaria Trigal 2,Olho d'Água Grande,Padaria,André Batista,Sérgio Oliveira,mensal,2021-08,atrito,
2093,Super Ouro Fino 3,Vila Aurora,Supermercado,Wagner Braga,Sérgio Gonçalves,esporadico,2024-11,atrito,
2094,Panificadora Primavera 4,Cravinho do Sul,Padaria,Kelly Carvalho,Sérgio Gonçalves,ciclico,2021-08,atrito,
2095,Padaria Palmeira 3,Porto Bandeira,Padaria,Wagner Alves,Amanda Machado,ciclico,2021-08,normal,
2096,Hamburgueria Central 2,Ipê Sereno,Hamburgueria,Simone Maia,André Santos,esporadico,2021-08,normal,
2097,Padaria Esperança 3,Marimbondo,Padaria,Cláudia Correia,Vinícius Barbosa,ciclico,2021-08,normal,
2098,Mercado Pitanga 5,Passo Ruivo,Minimercado,Sandra Mendes,Sérgio Gonçalves,esporadico,2021-08,normal,
2099,Mercadinho Maré Alta 5,Itaquerê,Minimercado,Isabela Lopes,Mariana Cunha,mensal,2021-12,normal,
2100,Mercado Jacarandá 2,Ribeira Funda,Minimercado,Vanessa Teixeira,Sérgio Gonçalves,esporadico,2021-08,normal,
2101,Ponto do Lanche Bandeirante,Encosta Nova,Lanchonete,Gabriel Ferreira,André Santos,mensal,2021-08,mix,2025-10
2102,Mercado Oliveira 3,Encosta Nova,Minimercado,Mariana Oliveira,Eduardo Cardoso,ciclico,2021-08,normal,
2103,Casa de Refeições Pinheiro 2,Fonte Limeira,Restaurante,Kelly Carvalho,Sérgio Gonçalves,ciclico,2022-02,normal,
2104,Lanchonete Mirante 3,Quatro Cruzes,Lanchonete,Sandra Cardoso,André Santos,mensal,2021-08,parada,2025-10
2105,Cafeteria Bom Retiro,Taquaruçu do Meio,Cafeteria,Aline Duarte,Sérgio Gonçalves,esporadico,2021-08,atrito,
2106,Super Tijuca Velha 4,Piraquara do Oeste,Supermercado,Elaine Lopes,Vinícius Barbosa,ciclico,2022-06,atrito,
2107,Supermercado Cascata 2,Umbuzeiro,Supermercado,Marcos Almeida,Sérgio Oliveira,mensal,2023-12,normal,
2108,Casa do Café Candeia,Porto Bandeira,Cafeteria,Jaqueline Alves,Sérgio Oliveira,mensal,2021-08,normal,
2109,Supermercado Jatobá 3,Serra Cansada,Supermercado,Wagner Braga,Sérgio Gonçalves,ciclico,2021-08,normal,
2110,Lanchonete Maré Alta 4,Olho d'Água Grande,Lanchonete,Igor Bezerra,Amanda Machado,esporadico,2021-08,atrito,
2111,Cantina Trigal 3,Marimbondo,Restaurante,Simone Maia,André Santos,ciclico,2021-08,normal,
2112,Mercadinho Bandeirante 4,Várzea Comprida,Minimercado,Letícia Ferreira,Sérgio Oliveira,ciclico,2022-10,normal,
2113,Loja Santa Clara,Pedra Molhada,Loja de Conveniência,João Cavalcanti,Eduardo Cardoso,mensal,2023-02,atrito,
2114,Açaí Porto Seguro Velho 3,Três Bicas,Açaiteria,Cláudia Correia,Vinícius Barbosa,mensal,2026-02,normal,
2115,Cantina Vila Nova 2,Taquaruçu do Meio,Restaurante,Rafael Teixeira,Sérgio Oliveira,esporadico,2024-05,normal,
2116,Mercadinho Raiz Forte 4,Marimbondo,Minimercado,Viviane Soares,Mariana Cunha,esporadico,2025-01,normal,
2117,Restaurante Candeia 3,Marimbondo,Restaurante,Emerson Carvalho,Eduardo Cardoso,ciclico,2024-10,normal,
2118,Hamburgueria Tucano 2,Cravinho do Sul,Hamburgueria,Jorge Sousa,Vinícius Barbosa,esporadico,2022-03,atrito,
2119,Pizzaria Recanto 4,Ribeira Funda,Pizzaria,André Cardoso,Vinícius Barbosa,ciclico,2026-01,normal,
2120,Cafeteria Serrana 3,Santa Ilha,Cafeteria,Kelly Santos,Eduardo Cardoso,mensal,2021-08,normal,
2121,Pizza Doce Lar 2,Ipê Sereno,Pizzaria,Simone Maia,André Santos,mensal,2024-10,normal,
2122,Lanches Farol 2,Piraquara do Oeste,Lanchonete,Vanessa Teixeira,Sérgio Gonçalves,mensal,2025-01,normal,
2123,Gelateria Porto Seguro Velho,Sertão Novo,Sorveteria,Wagner Martins,Amanda Machado,mensal,2024-11,atrito,
2124,Pizza Bandeirante 3,Tabuleiro Alto,Pizzaria,Diego Martins,Sérgio Gonçalves,mensal,2021-08,parada,2026-01
2125,Conveniência Ipanema Velha,Guaraúna,Loja de Conveniência,Letícia Ferreira,Sérgio Oliveira,mensal,2021-08,sangramento,2025-08
2126,Ponto do Lanche Flor de Sal,Pedra Molhada,Lanchonete,Igor Batista,Amanda Machado,esporadico,2021-08,normal,
2127,Lanchonete Cerrado 5,Palmeira Torta,Lanchonete,Rodrigo Dias,Vinícius Barbosa,mensal,2022-08,normal,
2128,Ponto do Lanche Central 2,Santa Ilha,Lanchonete,Aline Almeida,Sérgio Gonçalves,ciclico,2021-08,normal,
2129,Açaiteria Trigal 2,Alto Sereno,Açaiteria,Adriana Xavier,Eduardo Cardoso,esporadico,2021-08,normal,
2130,Super Varanda 2,Olho d'Água Grande,Supermercado,Leandro Cunha,Amanda Machado,mensal,2021-08,atrito,
2131,Padaria Nova Era 2,Ribeira Funda,Padaria,Cláudia Correia,Vinícius Barbosa,esporadico,2023-04,atrito,
2132,Restaurante Tamarindo 3,Várzea Comprida,Restaurante,Márcia Sales,Sérgio Oliveira,ciclico,2021-08,normal,
2133,Mercadinho Dois Irmãos 3,Taquaruçu do Meio,Minimercado,Raquel Ferreira,Vinícius Barbosa,ciclico,2025-04,normal,
2134,Gelateria Horizonte,Porto Bandeira,Sorveteria,Aline Almeida,Sérgio Gonçalves,mensal,2025-10,normal,
2135,Padaria Brisa 2,Piraquara do Oeste,Padaria,Adriana Xavier,Eduardo Cardoso,mensal,2025-09,normal,
2136,Mercado Vitória Régia 4,Piraquara do Oeste,Minimercado,Cláudia Correia,Vinícius Barbosa,ciclico,2021-08,atrito,
2137,Supermercado Ponte Velha,São Braz do Campo,Supermercado,Joana Medeiros,Vinícius Barbosa,mensal,2021-08,normal,
2138,Cantina Nova Era 3,Praia do Sino,Restaurante,Aline Araújo,André Santos,ciclico,2021-08,normal,
2139,Panificadora São Jorge 2,Piraquara do Oeste,Padaria,Fernanda Sampaio,Sérgio Gonçalves,ciclico,2022-08,normal,
2140,Panificadora Tijuca Velha,Nova Aurora do Vale,Padaria,Emerson Carvalho,Eduardo Cardoso,mensal,2021-08,degrau,2026-02
2141,Pizza Farol 3,Vila Aurora,Pizzaria,Aline Pacheco,Mariana Cunha,ciclico,2023-06,atrito,
2142,Lanches Serrana 3,Xambrê,Lanchonete,Joana Medeiros,Vinícius Barbosa,esporadico,2023-08,normal,
2143,Ponto do Lanche Estrela 2,Pedra Molhada,Lanchonete,Letícia Ferreira,Sérgio Oliveira,mensal,2021-08,normal,
2144,Buffet Xodó 3,Vila Cascata,Buffet e Eventos,Juliana Xavier,Mariana Cunha,esporadico,2026-01,normal,
2145,Lanchonete Primavera 2,Fonte Limeira,Lanchonete,Débora Nunes,Sérgio Gonçalves,mensal,2021-08,normal,
2146,Padaria e Confeitaria Estrela 3,Vista Alegre do Ipê,Padaria,Ricardo Teixeira,Sérgio Gonçalves,mensal,2022-12,normal,
2147,Padaria Jacarandá 5,Várzea Comprida,Padaria,Wagner Braga,Sérgio Gonçalves,mensal,2025-04,normal,
2148,Restaurante Figueira 4,Riozinho Claro,Restaurante,Adriana Xavier,Eduardo Cardoso,mensal,2021-08,atrito,
2149,Mercadinho Maracanã Velho 3,Fonte Limeira,Minimercado,Wesley Siqueira,Amanda Machado,mensal,2025-09,normal,
2150,Café Lagoa Azul 2,Várzea Comprida,Cafeteria,Sandra Cardoso,André Santos,mensal,2021-08,atrito,
2151,Pizza Terra Boa,Guaraúna,Pizzaria,Tatiane Sales,Mariana Cunha,ciclico,2024-06,normal,
2152,Panificadora Olaria 3,Várzea Comprida,Padaria,Raquel Ferreira,Vinícius Barbosa,mensal,2021-08,normal,
2153,Minimercado Horizonte 2,Barra do Piraquê,Minimercado,Flávio Lima,André Santos,esporadico,2021-08,normal,
2154,Mercadinho Raiz Forte 5,Santa Ilha,Minimercado,César Araújo,Vinícius Barbosa,mensal,2021-08,normal,
2155,Pizzaria Horizonte,Xambrê,Pizzaria,César Araújo,Vinícius Barbosa,esporadico,2021-08,atrito,
2156,Pizzaria Maré Alta,Olho d'Água Grande,Pizzaria,Jaqueline Alves,Sérgio Oliveira,ciclico,2021-08,atrito,
2157,Pizza Orquídea,Várzea Comprida,Pizzaria,Helena Gonçalves,André Santos,mensal,2025-06,normal,
2158,Mercadinho Varanda 2,Alto Sereno,Minimercado,Aline Pacheco,Mariana Cunha,mensal,2022-08,atrito,
2159,Supermercado Candeia,Vale Formoso do Norte,Supermercado,Helena Gonçalves,André Santos,mensal,2023-07,normal,
2160,Padaria Girassol 2,Riozinho Claro,Padaria,Tatiane Sales,Mariana Cunha,mensal,2021-08,normal,
2161,Supermercado Porto Seguro Velho 3,Vila Cascata,Supermercado,Raquel Ferreira,Vinícius Barbosa,ciclico,2021-08,atrito,
2162,Padaria Cascata 3,Alto Sereno,Padaria,André Cardoso,Vinícius Barbosa,ciclico,2022-10,normal,
2163,Restaurante Doce Lar 2,Fonte Limeira,Restaurante,Isabela Lopes,Mariana Cunha,ciclico,2023-11,atrito,
2164,Minimercado Olaria 3,Vale Formoso do Norte,Minimercado,Sandra Mendes,Sérgio Gonçalves,esporadico,2021-08,normal,
2165,Panificadora Encanto,Vila Cascata,Padaria,André Batista,Sérgio Oliveira,mensal,2021-08,normal,
2166,Lanches Horizonte,Piraquara do Oeste,Lanchonete,Débora Faria,Mariana Cunha,ciclico,2021-10,normal,
2167,Açaí Veredas,Palmeira Torta,Açaiteria,Letícia Ferreira,Sérgio Oliveira,mensal,2021-08,atrito,
2168,Super Vitória Régia 2,Lagoa Vermelha do Norte,Supermercado,Cláudia Correia,Vinícius Barbosa,esporadico,2021-08,normal,
2169,Mercadinho Pequi 2,Ipê Sereno,Minimercado,Aline Pacheco,Mariana Cunha,esporadico,2026-03,normal,
2170,Casa de Refeições Guarani 2,Bela Corrente,Restaurante,Yara Coelho,Sérgio Oliveira,mensal,2022-11,atrito,
2171,Mercadinho Figueira 3,Marimbondo,Minimercado,Flávio Nogueira,Sérgio Oliveira,mensal,2021-08,normal,
2172,Minimercado Horizonte 3,Jaraguandu,Minimercado,Wagner Braga,Sérgio Gonçalves,mensal,2023-08,normal,
2173,Supermercado Ipê Roxo,Campo Ferrugem,Supermercado,Cláudia Correia,Vinícius Barbosa,mensal,2026-02,normal,
2174,Cantina Maracanã Velho 3,Tabuleiro Alto,Restaurante,Letícia Ferreira,Sérgio Oliveira,ciclico,2022-03,normal,
2175,Restaurante Trigal 3,Alto Sereno,Restaurante,Vinícius Carvalho,Amanda Machado,mensal,2025-11,normal,
2176,Conveniência Moinho 2,Barra do Piraquê,Loja de Conveniência,Juliana Pinheiro,Sérgio Gonçalves,esporadico,2021-08,normal,
2177,Conveniência Estrela,Três Bicas,Loja de Conveniência,Gabriel Ferreira,André Santos,mensal,2023-09,atrito,
2178,Restaurante Pequi 4,São Braz do Campo,Restaurante,Simone Maia,André Santos,mensal,2021-08,atrito,
2179,Minimercado Xodó,Tabuleiro Alto,Minimercado,Rafael Teixeira,Sérgio Oliveira,mensal,2021-08,normal,
2180,Conveniência Estrela 2,Olho d'Água Grande,Loja de Conveniência,Vanessa Teixeira,Sérgio Gonçalves,esporadico,2022-12,normal,
2181,Buffet São Jorge 2,Jaraguandu,Buffet e Eventos,Aline Araújo,André Santos,esporadico,2023-02,normal,
2182,Atacado Santa Clara,Serra Cansada,Atacadista,Marcos Almeida,Sérgio Oliveira,esporadico,2021-08,atrito,
2183,Supermercado Pitanga,Várzea Comprida,Supermercado,Marcos Bezerra,Amanda Machado,mensal,2021-08,atrito,
2184,Mercadinho Maré Alta 6,Alto Sereno,Minimercado,Roberta Nogueira,André Santos,mensal,2021-08,atrito,
2185,Mercadinho Orquídea,Sertão Novo,Minimercado,César Araújo,Vinícius Barbosa,mensal,2021-08,normal,
2186,Açaí Brisa 5,Guaraúna,Açaiteria,Vanessa Teixeira,Sérgio Gonçalves,esporadico,2023-04,normal,
2187,Mercadinho Moinho 6,Tabuleiro Alto,Minimercado,Aline Araújo,André Santos,mensal,2022-04,normal,
2188,Restaurante Orquídea 3,Jaraguandu,Restaurante,Sabrina Siqueira,Sérgio Oliveira,ciclico,2024-02,normal,
2189,Mercado Jatobá 2,Vila Aurora,Minimercado,Silvana Santos,Mariana Cunha,mensal,2021-08,normal,
2190,Padaria Tucano,Encosta Nova,Padaria,Roberta Pinheiro,Amanda Machado,mensal,2022-03,normal,
2191,Padaria Pinheiro 4,São Braz do Campo,Padaria,Igor Bezerra,Amanda Machado,mensal,2023-06,atrito,
2192,Padaria Encanto,Marimbondo,Padaria,Vinícius Carvalho,Amanda Machado,mensal,2024-11,normal,
2193,Padaria Ipanema Velha 6,Porto Bandeira,Padaria,Aline Duarte,Sérgio Gonçalves,mensal,2021-11,atrito,
2194,Cantina Rio Claro 3,Lagoa Vermelha do Norte,Restaurante,Adriana Xavier,Eduardo Cardoso,mensal,2024-01,atrito,
2195,Panificadora Ouro Fino 2,Piraquara do Oeste,Padaria,Gabriel Ferreira,André Santos,esporadico,2022-06,normal,
2196,Pizzaria Terra Boa,Umbuzeiro,Pizzaria,Jaqueline Alves,Sérgio Oliveira,mensal,2025-10,normal,
2197,Loja Palmeira,Riozinho Claro,Loja de Conveniência,Patrícia Rezende,Mariana Cunha,mensal,2025-12,normal,
2198,Burger Aurora,Campo Ferrugem,Hamburgueria,Elaine Lopes,Vinícius Barbosa,mensal,2025-09,normal,
2199,Casa de Refeições Brisa,Piraquara do Oeste,Restaurante,Joana Medeiros,Vinícius Barbosa,mensal,2021-08,normal,
2200,Sorveteria Bandeirante,Piraquara do Oeste,Sorveteria,Tatiane Sales,Mariana Cunha,ciclico,2021-08,atrito,
2201,Lanches Bom Retiro 4,Serra Cansada,Lanchonete,Aline Duarte,Sérgio Gonçalves,esporadico,2021-08,atrito,
2202,Mercado Serrana 5,Vila Aurora,Minimercado,Nelson Nunes,Eduardo Cardoso,esporadico,2023-03,normal,
2203,Cantina Bom Retiro,Vila Cascata,Restaurante,Silvana Andrade,Amanda Machado,esporadico,2021-08,normal,
2204,Panificadora Serrana 5,Sertão Novo,Padaria,Yara Santos,Eduardo Cardoso,mensal,2025-10,normal,
2205,Lanches Juriti,Ipê Sereno,Lanchonete,Letícia Ferreira,Sérgio Oliveira,mensal,2021-09,voltou,2026-02
2206,Super Ipanema Velha 2,Tabuleiro Alto,Supermercado,Aline Pacheco,Mariana Cunha,ciclico,2022-12,atrito,
2207,Mercado Fonte Nova 2,Vale Formoso do Norte,Minimercado,Débora Nunes,Sérgio Gonçalves,ciclico,2025-08,normal,
2208,Panificadora Nova Era 3,Vila Cascata,Padaria,Vinícius Carvalho,Amanda Machado,mensal,2025-08,normal,
2209,Conveniência Aurora,Porto Bandeira,Loja de Conveniência,Paulo Correia,Eduardo Cardoso,mensal,2021-08,normal,
2210,Loja Encanto,Marimbondo,Loja de Conveniência,Raquel Ferreira,Vinícius Barbosa,mensal,2021-08,normal,
2211,Restaurante Tijuca Velha 2,Guaraúna,Restaurante,Aline Andrade,Sérgio Gonçalves,ciclico,2021-08,atrito,
2212,Loja Maracanã Velho 4,Olho d'Água Grande,Loja de Conveniência,Vanessa Teixeira,Sérgio Gonçalves,mensal,2021-08,atrito,
2213,Pizza Figueira 3,Ribeira Funda,Pizzaria,Mariana Oliveira,Eduardo Cardoso,mensal,2021-08,normal,
2214,Buffet Cascata,Três Bicas,Buffet e Eventos,Gustavo Fonseca,Mariana Cunha,ciclico,2021-08,normal,
2215,Loja Palmeira 2,Três Bicas,Loja de Conveniência,Cláudia Correia,Vinícius Barbosa,ciclico,2026-04,normal,
2216,Supermercado Bandeirante 2,Encosta Nova,Supermercado,Aline Pacheco,Mariana Cunha,esporadico,2022-02,normal,
2217,Pizzaria Moinho,Pedra Molhada,Pizzaria,Raquel Barbosa,Amanda Machado,ciclico,2021-08,normal,
2218,Hamburgueria Nascente 2,Fonte Limeira,Hamburgueria,Igor Rodrigues,Eduardo Cardoso,ciclico,2021-08,atrito,
2219,Pizza Trigal 2,Cravinho do Sul,Pizzaria,Diego Martins,Sérgio Gonçalves,esporadico,2021-08,normal,
2220,Padaria Vitória Régia 3,Três Bicas,Padaria,Marcos Bezerra,Amanda Machado,esporadico,2021-08,normal,
2221,Mercadinho Nova Era,Piraquara do Oeste,Minimercado,Lucas Braga,André Santos,mensal,2021-08,atrito,
2222,Mercadinho Bela Vista 3,Umbuzeiro,Minimercado,Aline Pacheco,Mariana Cunha,esporadico,2022-01,atrito,
2223,Minimercado Sabor Real,Guaraúna,Minimercado,César Araújo,Vinícius Barbosa,esporadico,2023-10,atrito,
2224,Mercado Brisa 2,Campo Ferrugem,Minimercado,Murilo Alves,André Santos,mensal,2024-10,atrito,
2225,Casa do Café Jacarandá 2,Palmeira Torta,Cafeteria,Ricardo Teixeira,Sérgio Gonçalves,ciclico,2021-08,atrito,
2226,Padaria e Confeitaria Ipê Roxo 3,Quatro Cruzes,Padaria,Wagner Martins,Amanda Machado,mensal,2023-10,atrito,
2227,Ponto do Lanche Chapada 2,Tabuleiro Alto,Lanchonete,Joana Medeiros,Vinícius Barbosa,esporadico,2022-06,normal,
2228,Mercado Rio Claro 3,Sertão Novo,Minimercado,César Araújo,Vinícius Barbosa,ciclico,2023-05,normal,
2229,Casa de Refeições Cascata 3,Vila Cascata,Restaurante,Murilo Alves,André Santos,mensal,2021-08,voltou,2025-12
2230,Minimercado Orquídea 2,Pedra Molhada,Minimercado,Helena Vieira,Amanda Machado,mensal,2021-08,normal,
2231,Supermercado Esperança 3,Cravinho do Sul,Supermercado,Nelson Nunes,Eduardo Cardoso,esporadico,2021-08,atrito,
2232,Hamburgueria Esperança,Quatro Cruzes,Hamburgueria,Wagner Alves,Amanda Machado,mensal,2023-02,normal,
2233,Panificadora Vila Nova 2,Bela Corrente,Padaria,Natália Almeida,Vinícius Barbosa,ciclico,2021-08,normal,
2234,Gelateria Paraíso,Alto Sereno,Sorveteria,Débora Maia,Eduardo Cardoso,mensal,2021-08,atrito,
2235,Lanches Aurora 2,Vista Alegre do Ipê,Lanchonete,Rodrigo Dias,Vinícius Barbosa,ciclico,2023-03,atrito,
2236,Pizza Moinho,Campo Ferrugem,Pizzaria,Rafael Teixeira,Sérgio Oliveira,esporadico,2023-03,normal,
2237,Mercadinho Fonte Nova 3,Vale Formoso do Norte,Minimercado,Patrícia Rezende,Mariana Cunha,ciclico,2021-08,normal,
2238,Mercadinho Santa Clara 4,Quatro Cruzes,Minimercado,Vinícius Carvalho,Amanda Machado,mensal,2021-08,normal,
2239,Panificadora Porto Seguro Velho 3,Piraquara do Oeste,Padaria,André Batista,Sérgio Oliveira,mensal,2025-10,normal,
2240,Casa de Refeições Cascata 4,Cravinho do Sul,Restaurante,Sandra Mendes,Sérgio Gonçalves,ciclico,2024-07,atrito,
2241,Padaria e Confeitaria Porto Seguro Velho,Ipê Sereno,Padaria,Murilo Alves,André Santos,mensal,2021-08,atrito,
2242,Ponto do Lanche Aurora,Marimbondo,Lanchonete,Marcos Almeida,Sérgio Oliveira,mensal,2025-06,normal,
2243,Pizza Nova Era 2,Pedra Molhada,Pizzaria,Isabela Lopes,Mariana Cunha,mensal,2024-05,atrito,
2244,Gelateria Candeia 2,Ipê Sereno,Sorveteria,Vanessa Teixeira,Sérgio Gonçalves,ciclico,2022-06,normal,
2245,Minimercado Luar,Tabuleiro Alto,Minimercado,Raquel Ferreira,Vinícius Barbosa,esporadico,2025-04,normal,
2246,Panificadora São Jorge 3,Vale Formoso do Norte,Padaria,Paulo Camargo,Eduardo Cardoso,mensal,2025-01,atrito,
2247,Burger Ouro Fino 2,Riozinho Claro,Hamburgueria,Juliana Pinheiro,Sérgio Gonçalves,ciclico,2023-05,normal,
2248,Hamburgueria Sossego 2,Taquaruçu do Meio,Hamburgueria,Jaqueline Alves,Sérgio Oliveira,mensal,2021-08,normal,
2249,Açaí Nascente 2,Quatro Cruzes,Açaiteria,Murilo Alves,André Santos,mensal,2021-08,sangramento,2025-08
2250,Cantina Mirante 2,Fonte Limeira,Restaurante,Roberta Nogueira,André Santos,mensal,2021-08,normal,
2251,Lanchonete Cravo 3,Xambrê,Lanchonete,Helena Vieira,Amanda Machado,mensal,2024-06,atrito,
2252,Pizzaria Horizonte 2,Vista Alegre do Ipê,Pizzaria,Cláudia Correia,Vinícius Barbosa,mensal,2021-10,normal,
2253,Supermercado Estrela,Bela Corrente,Supermercado,Joana Medeiros,Vinícius Barbosa,esporadico,2021-08,normal,
2254,Panificadora Candeia 4,Figueira Branca,Padaria,Ricardo Teixeira,Sérgio Gonçalves,esporadico,2021-08,normal,
2255,Padaria Sempre Viva,Campo Ferrugem,Padaria,Silvana Andrade,Amanda Machado,esporadico,2025-11,normal,
2256,Mercadinho Paraíso 2,Itaquerê,Minimercado,Joana Medeiros,Vinícius Barbosa,mensal,2025-02,atrito,
2257,Pizza Sempre Viva,Tabuleiro Alto,Pizzaria,Aline Araújo,André Santos,ciclico,2021-08,normal,
2258,Cantina Farol 3,Cravinho do Sul,Restaurante,Jaqueline Alves,Sérgio Oliveira,mensal,2024-11,normal,
2259,Padaria Esperança 4,Três Bicas,Padaria,Adriana Ferreira,André Santos,esporadico,2021-08,atrito,
2260,Mercadinho Fonte Nova 4,Alto Sereno,Minimercado,Vanessa Teixeira,Sérgio Gonçalves,mensal,2021-08,degrau,2025-07
2261,Casa de Refeições Pinheiro 3,Riozinho Claro,Restaurante,Helena Vieira,Amanda Machado,ciclico,2021-08,normal,
2262,Casa de Refeições Pinheiro 4,Lagoa Vermelha do Norte,Restaurante,Simone Maia,André Santos,mensal,2023-08,atrito,
2263,Super Pedra Alta,Vila Aurora,Supermercado,Vanessa Teixeira,Sérgio Gonçalves,mensal,2021-08,normal,
2264,Padaria Mirante,Riozinho Claro,Padaria,Raquel Ferreira,Vinícius Barbosa,ciclico,2021-08,normal,
2265,Burger Ipanema Velha 2,Santa Ilha,Hamburgueria,Antônio Freitas,Vinícius Barbosa,ciclico,2021-10,atrito,
2266,Padaria Bandeirante 3,Pedra Molhada,Padaria,Igor Batista,Amanda Machado,ciclico,2021-08,normal,
2267,Açaiteria Central,Bela Corrente,Açaiteria,Helena Gonçalves,André Santos,esporadico,2021-08,normal,
2268,Padaria e Confeitaria Ponte Velha 4,Monte Cravo,Padaria,Igor Bezerra,Amanda Machado,esporadico,2021-08,normal,
2269,Mercado Ponte Velha 3,Passo Ruivo,Minimercado,Márcia Sales,Sérgio Oliveira,mensal,2025-03,atrito,
2270,Supermercado Primavera,Cravinho do Sul,Supermercado,Márcia Sales,Sérgio Oliveira,mensal,2025-02,atrito,
2271,Açaiteria Capim Doce,Piraquara do Oeste,Açaiteria,Aline Almeida,Sérgio Gonçalves,esporadico,2021-08,atrito,
2272,Cantina Ponte Velha,Taquaruçu do Meio,Restaurante,Ricardo Teixeira,Sérgio Gonçalves,mensal,2023-10,atrito,
2273,Restaurante São Jorge 2,Vila Aurora,Restaurante,Aline Pacheco,Mariana Cunha,mensal,2024-07,normal,
2274,Café Sossego,Campo Ferrugem,Cafeteria,Kelly Carvalho,Sérgio Gonçalves,mensal,2021-08,mix,2025-10
2275,Pizzaria Aurora,Ipê Sereno,Pizzaria,Raquel Ferreira,Vinícius Barbosa,ciclico,2022-12,atrito,
2276,Minimercado Estrela 2,Alto Sereno,Minimercado,Wagner Alves,Amanda Machado,mensal,2021-08,atrito,
2277,Mercadinho Brisa,Nova Aurora do Vale,Minimercado,Wagner Braga,Sérgio Gonçalves,ciclico,2025-07,normal,
2278,Casa de Refeições Tamarindo,Quatro Cruzes,Restaurante,Cláudia Correia,Vinícius Barbosa,ciclico,2021-08,atrito,
2279,Lanchonete Maré Alta 5,Monte Cravo,Lanchonete,Isabela Guimarães,André Santos,mensal,2026-01,normal,
2280,Cantina Capim Doce 4,Vila Aurora,Restaurante,Diego Martins,Sérgio Gonçalves,ciclico,2022-10,normal,
2281,Ponto do Lanche Umbu 2,São Braz do Campo,Lanchonete,Jorge Sousa,Vinícius Barbosa,mensal,2022-01,atrito,
2282,Mercado Lagoa Azul,Bela Corrente,Minimercado,Patrícia Rezende,Mariana Cunha,mensal,2021-08,atrito,
2283,Mercado Vitória Régia 5,Serra Cansada,Minimercado,Cláudia Correia,Vinícius Barbosa,mensal,2024-01,atrito,
2284,Restaurante Olaria,Tabuleiro Alto,Restaurante,Roberta Nogueira,André Santos,mensal,2021-09,normal,
2285,Padaria Sabor Real 5,Marimbondo,Padaria,André Cardoso,Vinícius Barbosa,esporadico,2025-12,normal,
2286,Supermercado Raiz Forte 2,Guaraúna,Supermercado,Wagner Braga,Sérgio Gonçalves,ciclico,2026-01,normal,
2287,Padaria e Confeitaria Sol Nascente 2,Itaquerê,Padaria,Cláudia Miranda,Mariana Cunha,mensal,2025-11,normal,
2288,Mercado Santa Clara 5,Ipê Sereno,Minimercado,Geraldo Cavalcanti,Mariana Cunha,ciclico,2021-08,normal,
2289,Mercadinho Rio Claro,Vale Formoso do Norte,Minimercado,Natália Almeida,Vinícius Barbosa,mensal,2024-07,normal,
2290,Padaria Nascente 5,Praia do Sino,Padaria,Tatiane Sales,Mariana Cunha,esporadico,2021-08,normal,
2291,Super Chapada 2,Vale Formoso do Norte,Supermercado,Tatiane Sales,Mariana Cunha,ciclico,2024-03,normal,
2292,Açaí Veredas 2,Taquaruçu do Meio,Açaiteria,Flávio Nogueira,Sérgio Oliveira,ciclico,2023-09,atrito,
2293,Padaria Ponte Velha 2,Ipê Sereno,Padaria,Geraldo Cavalcanti,Mariana Cunha,mensal,2021-08,normal,
2294,Lanches Vitória Régia,São Braz do Campo,Lanchonete,Kelly Santos,Eduardo Cardoso,mensal,2021-08,normal,
2295,Pizza Cascata 2,Fonte Limeira,Pizzaria,Joana Medeiros,Vinícius Barbosa,esporadico,2021-08,atrito,
2296,Cantina Lagoa Azul 2,Palmeira Torta,Restaurante,Isabela Guimarães,André Santos,mensal,2025-07,normal,
2297,Mercadinho Ipanema Velha 3,Monte Cravo,Minimercado,Isabela Guimarães,André Santos,ciclico,2021-08,normal,
2298,Casa de Refeições Brisa 2,Cravinho do Sul,Restaurante,Gabriel Ferreira,André Santos,mensal,2021-08,normal,
2299,Cafeteria Raiz Forte,Figueira Branca,Cafeteria,Wagner Braga,Sérgio Gonçalves,esporadico,2023-01,normal,
2300,Panificadora Esperança 2,São Braz do Campo,Padaria,Sandra Cardoso,André Santos,mensal,2022-06,normal,
2301,Padaria Dois Irmãos,Fonte Limeira,Padaria,Mariana Oliveira,Eduardo Cardoso,esporadico,2021-08,normal,
2302,Supermercado Vale Verde,Ribeira Funda,Supermercado,Flávio Nogueira,Sérgio Oliveira,mensal,2021-08,sangramento,2025-08
2303,Minimercado Lagoa Azul,Olho d'Água Grande,Minimercado,Juliana Xavier,Mariana Cunha,esporadico,2021-08,normal,
2304,Mercado Girassol,Porto Bandeira,Minimercado,Wesley Lima,Sérgio Oliveira,mensal,2021-12,atrito,
2305,Padaria e Confeitaria Doce Lar 2,Encosta Nova,Padaria,Ricardo Teixeira,Sérgio Gonçalves,mensal,2021-11,normal,
2306,Panificadora Guarani 5,Xambrê,Padaria,Silvana Silva,Vinícius Barbosa,mensal,2021-08,voltou,2026-03
2307,Padaria Juriti 2,Tabuleiro Alto,Padaria,Isabela Lopes,Mariana Cunha,mensal,2021-08,normal,
2308,Mercadinho Bom Retiro 5,Taquaruçu do Meio,Minimercado,Wagner Braga,Sérgio Gonçalves,mensal,2021-08,normal,
2309,Ponto do Lanche Brisa,São Braz do Campo,Lanchonete,Lucas Braga,André Santos,mensal,2022-04,normal,
2310,Padaria Dois Irmãos 2,Palmeira Torta,Padaria,Flávio Nogueira,Sérgio Oliveira,mensal,2021-08,atrito,
2311,Conveniência Orquídea 3,Xambrê,Loja de Conveniência,Gabriel Ferreira,André Santos,esporadico,2024-05,atrito,
2312,Mercadinho Recanto 2,Barra do Piraquê,Minimercado,Wagner Braga,Sérgio Gonçalves,ciclico,2021-08,normal,
2313,Conveniência Recanto 2,Xambrê,Loja de Conveniência,Roberta Nogueira,André Santos,esporadico,2021-08,normal,
2314,Cantina Tamarindo 2,Cravinho do Sul,Restaurante,Débora Maia,Eduardo Cardoso,mensal,2022-03,normal,
2315,Minimercado Farol 3,Sertão Novo,Minimercado,Letícia Ferreira,Sérgio Oliveira,mensal,2021-08,parada,2026-02
2316,Mercado Bandeirante 2,Ribeira Funda,Minimercado,Natália Almeida,Vinícius Barbosa,esporadico,2026-01,normal,
2317,Cantina Cascata 4,Riozinho Claro,Restaurante,Nelson Nunes,Eduardo Cardoso,ciclico,2023-06,atrito,
2318,Lanchonete Moinho 2,Olho d'Água Grande,Lanchonete,Vinícius Siqueira,Eduardo Cardoso,mensal,2025-07,normal,
2319,Casa de Refeições Pequi,Praia do Sino,Restaurante,Viviane Soares,Mariana Cunha,ciclico,2024-05,normal,
2320,Lanches Palmeira 2,Guaraúna,Lanchonete,Helena Vieira,Amanda Machado,mensal,2022-08,normal,
2321,Lanches Terra Boa 2,Três Bicas,Lanchonete,Carlos Teixeira,Eduardo Cardoso,ciclico,2025-09,normal,
2322,Açaí Orquídea,Pedra Molhada,Açaiteria,Wagner Braga,Sérgio Gonçalves,ciclico,2021-08,normal,
2323,Lanchonete Sol Nascente,Quatro Cruzes,Lanchonete,Igor Batista,Amanda Machado,mensal,2024-01,normal,
2324,Panificadora Veredas 2,Tabuleiro Alto,Padaria,Aline Duarte,Sérgio Gonçalves,esporadico,2021-08,atrito,
2325,Burger Olaria 2,Umbuzeiro,Hamburgueria,Joana Medeiros,Vinícius Barbosa,mensal,2021-08,atrito,
2326,Casa do Café Recanto,Vale Formoso do Norte,Cafeteria,Wagner Braga,Sérgio Gonçalves,mensal,2021-12,atrito,
2327,Ponto do Lanche Maré Alta 2,Sertão Novo,Lanchonete,Wagner Braga,Sérgio Gonçalves,mensal,2021-08,atrito,
2328,Panificadora Mirante 3,Encosta Nova,Padaria,Flávio Lima,André Santos,ciclico,2026-03,normal,
2329,Casa de Refeições Sabor Real 3,Xambrê,Restaurante,Raquel Barbosa,Amanda Machado,ciclico,2022-08,normal,
2330,Cantina Flor de Sal 4,Bela Corrente,Restaurante,Sandra Cardoso,André Santos,mensal,2025-03,normal,
2331,Cafeteria Mirante,Lagoa Vermelha do Norte,Cafeteria,Silvana Andrade,Amanda Machado,mensal,2021-08,normal,
2332,Pizzaria Cerrado 2,Lagoa Vermelha do Norte,Pizzaria,Tatiane Sales,Mariana Cunha,mensal,2021-08,normal,
2333,Panificadora Rosa dos Ventos 3,Vale Formoso do Norte,Padaria,Paulo Correia,Eduardo Cardoso,mensal,2023-02,normal,
2334,Casa do Café Farol,Várzea Comprida,Cafeteria,Emerson Carvalho,Eduardo Cardoso,mensal,2021-08,normal,
2335,Cantina Serrana 3,Itaquerê,Restaurante,Vinícius Carvalho,Amanda Machado,mensal,2021-08,normal,
2336,Casa de Refeições Jatobá 2,Ribeira Funda,Restaurante,Patrícia Rezende,Mariana Cunha,mensal,2021-08,normal,
2337,Casa de Refeições Pitanga,Santa Ilha,Restaurante,Wagner Rodrigues,Mariana Cunha,esporadico,2022-05,atrito,
2338,Padaria Encanto 2,Três Bicas,Padaria,Mauro Pacheco,Sérgio Oliveira,mensal,2021-08,normal,
2339,Casa de Refeições Tijuca Velha 3,Ribeira Funda,Restaurante,André Batista,Sérgio Oliveira,ciclico,2026-01,normal,
2340,Padaria Tamarindo 2,Jaraguandu,Padaria,Aline Andrade,Sérgio Gonçalves,mensal,2021-08,atrito,
2341,Açaiteria Xodó 2,Piraquara do Oeste,Açaiteria,Wagner Martins,Amanda Machado,mensal,2021-08,atrito,
2342,Padaria e Confeitaria Vila Nova 3,Guaraúna,Padaria,Vinícius Carvalho,Amanda Machado,mensal,2024-06,normal,
2343,Pizzaria Pinheiro 4,Olho d'Água Grande,Pizzaria,Vanessa Teixeira,Sérgio Gonçalves,mensal,2021-08,atrito,
2344,Casa do Café Cascata,Encosta Nova,Cafeteria,Débora Nunes,Sérgio Gonçalves,ciclico,2023-01,atrito,
2345,Açaí Nova Era 2,Umbuzeiro,Açaiteria,Elaine Lopes,Vinícius Barbosa,mensal,2021-08,atrito,
2346,Casa de Refeições Figueira,Vista Alegre do Ipê,Restaurante,Kelly Santos,Eduardo Cardoso,esporadico,2021-08,normal,
2347,Ponto do Lanche Paraíso 3,Praia do Sino,Lanchonete,Helena Gonçalves,André Santos,mensal,2021-08,normal,
2348,Lanchonete Flor de Sal 3,Guaraúna,Lanchonete,Helena Vieira,Amanda Machado,mensal,2025-06,atrito,
2349,Padaria e Confeitaria Horizonte 4,Marimbondo,Padaria,Roberta Nogueira,André Santos,mensal,2024-01,normal,
2350,Minimercado Horizonte 4,Monte Cravo,Minimercado,Gabriel Ferreira,André Santos,mensal,2022-02,normal,
2351,Ponto do Lanche Olaria 3,Lagoa Vermelha do Norte,Lanchonete,Wesley Siqueira,Amanda Machado,ciclico,2025-07,normal,
2352,Burger Jacarandá 2,Porto Bandeira,Hamburgueria,Vanessa Teixeira,Sérgio Gonçalves,mensal,2021-08,normal,
2353,Ponto do Lanche Girassol 2,Vila Cascata,Lanchonete,Jorge Sousa,Vinícius Barbosa,mensal,2021-08,normal,
2354,Padaria Tijuca Velha 3,Jaraguandu,Padaria,Sandra Cardoso,André Santos,esporadico,2023-11,normal,
2355,Minimercado Flor de Sal,Porto Bandeira,Minimercado,Bruno Nogueira,Sérgio Oliveira,ciclico,2021-08,atrito,
2356,Supermercado Jacarandá 4,Barra do Piraquê,Supermercado,Kelly Carvalho,Sérgio Gonçalves,mensal,2022-12,atrito,
2357,Hamburgueria Vila Nova 3,Cravinho do Sul,Hamburgueria,Yara Santos,Eduardo Cardoso,mensal,2021-08,normal,
2358,Açaí Candeia 3,Jaraguandu,Açaiteria,Juliana Pinheiro,Sérgio Gonçalves,mensal,2025-11,normal,
2359,Atacadão Terra Boa,Três Bicas,Atacadista,Bruno Nogueira,Sérgio Oliveira,esporadico,2021-08,normal,
2360,Minimercado Ponte Velha 2,Alto Sereno,Minimercado,Paulo Correia,Eduardo Cardoso,mensal,2024-11,atrito,
2361,Casa de Refeições Jatobá 3,Passo Ruivo,Restaurante,Sandra Cardoso,André Santos,esporadico,2023-11,normal,
2362,Restaurante Olaria 2,Santa Ilha,Restaurante,Joana Medeiros,Vinícius Barbosa,mensal,2021-08,mix,2025-11
2363,Gelateria Central,Umbuzeiro,Sorveteria,Raquel Barbosa,Amanda Machado,mensal,2021-08,normal,
2364,Super Paraíso 2,Vila Aurora,Supermercado,André Cardoso,Vinícius Barbosa,mensal,2021-08,normal,
2365,Panificadora Sabor Real 3,Fonte Limeira,Padaria,Igor Bezerra,Amanda Machado,ciclico,2022-11,normal,
2366,Super Paraíso 3,Porto Bandeira,Supermercado,Rafael Teixeira,Sérgio Oliveira,ciclico,2021-08,normal,
2367,Supermercado Santa Clara 2,Umbuzeiro,Supermercado,Vanessa Teixeira,Sérgio Gonçalves,ciclico,2021-08,atrito,
2368,Mercadinho Oliveira 2,Quatro Cruzes,Minimercado,Emerson Pinheiro,Vinícius Barbosa,esporadico,2021-08,atrito,
2369,Padaria e Confeitaria Capim Doce 3,Ipê Sereno,Padaria,Igor Bezerra,Amanda Machado,ciclico,2021-08,atrito,
2370,Loja Horizonte,Pedra Molhada,Loja de Conveniência,Nelson Nunes,Eduardo Cardoso,mensal,2021-08,normal,
2371,Mercadinho Tucano,Vila Aurora,Minimercado,Simone Maia,André Santos,esporadico,2024-06,normal,
2372,Burger Sempre Viva,Porto Bandeira,Hamburgueria,Sandra Cardoso,André Santos,esporadico,2024-01,normal,
2373,Ponto do Lanche Sempre Viva,Encosta Nova,Lanchonete,Mariana Oliveira,Eduardo Cardoso,mensal,2021-08,normal,
2374,Casa de Refeições Tucano 3,Vila Aurora,Restaurante,Aline Duarte,Sérgio Gonçalves,ciclico,2022-09,normal,
2375,Super Central 2,Figueira Branca,Supermercado,Nelson Nunes,Eduardo Cardoso,esporadico,2023-10,normal,
2376,Mercado Cascata,Bela Corrente,Minimercado,Helena Gonçalves,André Santos,esporadico,2021-08,atrito,
2377,Cantina Tucano,Vila Cascata,Restaurante,Sabrina Andrade,Vinícius Barbosa,esporadico,2023-12,normal,
2378,Gelateria São Jorge 2,Tabuleiro Alto,Sorveteria,Daniel Mendes,André Santos,mensal,2022-11,atrito,
2379,Café Horizonte,Santa Ilha,Cafeteria,Igor Bezerra,Amanda Machado,mensal,2021-08,sangramento,2025-12
2380,Sorveteria Oliveira,Quatro Cruzes,Sorveteria,João Cavalcanti,Eduardo Cardoso,ciclico,2023-12,atrito,
2381,Mercado Paraíso,Alto Sereno,Minimercado,Joana Medeiros,Vinícius Barbosa,mensal,2024-09,normal,
2382,Panificadora Porto Seguro Velho 4,Riozinho Claro,Padaria,Silvana Silva,Vinícius Barbosa,ciclico,2021-08,normal,
2383,Restaurante Candeia 4,Ribeira Funda,Restaurante,César Lopes,Mariana Cunha,esporadico,2026-01,normal,
2384,Lanches Horizonte 2,Marimbondo,Lanchonete,Paulo Camargo,Eduardo Cardoso,esporadico,2021-08,atrito,
2385,Café Capim Doce,Vista Alegre do Ipê,Cafeteria,Igor Rodrigues,Eduardo Cardoso,ciclico,2023-07,normal,
2386,Minimercado Jatobá,Xambrê,Minimercado,Cláudia Correia,Vinícius Barbosa,ciclico,2021-08,normal,
2387,Lanchonete Sempre Viva,Quatro Cruzes,Lanchonete,Fernanda Sampaio,Sérgio Gonçalves,ciclico,2025-08,normal,
2388,Lanches Bom Retiro 5,Campo Ferrugem,Lanchonete,Isabela Lopes,Mariana Cunha,esporadico,2023-11,normal,
2389,Panificadora Brisa 4,Xambrê,Padaria,Tatiane Sales,Mariana Cunha,ciclico,2025-05,atrito,
2390,Burger Terra Boa 2,Figueira Branca,Hamburgueria,Daniel Mendes,André Santos,mensal,2025-02,normal,
2391,Mercado Vila Nova 4,Vista Alegre do Ipê,Minimercado,Aline Almeida,Sérgio Gonçalves,mensal,2022-08,parada,2025-08
2392,Açaí Cravo,Barra do Piraquê,Açaiteria,Diego Martins,Sérgio Gonçalves,esporadico,2025-01,normal,
2393,Padaria e Confeitaria Olaria 3,Guaraúna,Padaria,César Araújo,Vinícius Barbosa,ciclico,2024-07,normal,
2394,Pizza Maracanã Velho,Tabuleiro Alto,Pizzaria,Vanessa Teixeira,Sérgio Gonçalves,mensal,2021-08,normal,
2395,Gelateria Varanda,Santa Ilha,Sorveteria,Joana Medeiros,Vinícius Barbosa,esporadico,2021-08,normal,
2396,Padaria Orquídea 2,Porto Bandeira,Padaria,Igor Bezerra,Amanda Machado,esporadico,2021-08,normal,
2397,Padaria e Confeitaria Ouro Fino,Pedra Molhada,Padaria,Aline Andrade,Sérgio Gonçalves,esporadico,2021-08,atrito,
2398,Mercado Palmeira 2,Vila Cascata,Minimercado,Igor Rodrigues,Eduardo Cardoso,mensal,2022-09,normal,
2399,Lanches Olaria 3,Palmeira Torta,Lanchonete,Yara Coelho,Sérgio Oliveira,esporadico,2025-02,normal,
2400,Açaiteria Pequi,São Braz do Campo,Açaiteria,Elaine Lopes,Vinícius Barbosa,mensal,2025-09,normal,
2401,Sorveteria Ipê Roxo,Três Bicas,Sorveteria,Wesley Lima,Sérgio Oliveira,mensal,2024-04,atrito,
2402,Ponto do Lanche Sol Nascente 3,Várzea Comprida,Lanchonete,Aline Duarte,Sérgio Gonçalves,mensal,2021-08,normal,
2403,Panificadora Rosa dos Ventos 4,Ipê Sereno,Padaria,Vanessa Teixeira,Sérgio Gonçalves,ciclico,2022-04,normal,
2404,Minimercado Nova Era 3,Itaquerê,Minimercado,Murilo Alves,André Santos,mensal,2021-08,normal,
2405,Padaria e Confeitaria Bela Vista 3,Piraquara do Oeste,Padaria,Wagner Rodrigues,Mariana Cunha,esporadico,2021-08,normal,
2406,Supermercado Serrana 2,Jaraguandu,Supermercado,André Cardoso,Vinícius Barbosa,mensal,2021-08,normal,
2407,Loja Quintal,Barra do Piraquê,Loja de Conveniência,César Araújo,Vinícius Barbosa,mensal,2023-07,normal,
2408,Sorveteria Ipanema Velha 2,Sertão Novo,Sorveteria,César Lopes,Mariana Cunha,mensal,2024-11,normal,
2409,Lanches Olaria 4,Santa Ilha,Lanchonete,Gabriel Ferreira,André Santos,ciclico,2021-08,normal,
2410,Sorveteria Umbu,Nova Aurora do Vale,Sorveteria,Sabrina Andrade,Vinícius Barbosa,esporadico,2021-08,atrito,
2411,Lanchonete Ipanema Velha 2,Ipê Sereno,Lanchonete,Fernanda Sampaio,Sérgio Gonçalves,mensal,2021-08,atrito,
2412,Gelateria Quintal 2,Guaraúna,Sorveteria,Gustavo Vasconcelos,Amanda Machado,ciclico,2021-08,normal,
2413,Ponto do Lanche Pitanga 2,Itaquerê,Lanchonete,Helena Vieira,Amanda Machado,esporadico,2021-08,normal,
2414,Pizzaria Estrela 3,Taquaruçu do Meio,Pizzaria,Rafael Teixeira,Sérgio Oliveira,mensal,2022-08,atrito,
2415,Super Figueira 3,Guaraúna,Supermercado,Jaqueline Alves,Sérgio Oliveira,esporadico,2023-10,normal,
2416,Supermercado Girassol,Vista Alegre do Ipê,Supermercado,Jaqueline Alves,Sérgio Oliveira,esporadico,2021-08,atrito,
2417,Cafeteria Rio Claro,Piraquara do Oeste,Cafeteria,Helena Gonçalves,André Santos,mensal,2022-11,normal,
2418,Panificadora Cascata 2,Alto Sereno,Padaria,Rafael Teixeira,Sérgio Oliveira,ciclico,2022-04,atrito,
2419,Mercado Fonte Nova 3,Vila Cascata,Minimercado,Wesley Lima,Sérgio Oliveira,esporadico,2021-08,atrito,
2420,Lanches Jatobá 3,Palmeira Torta,Lanchonete,Tatiane Sales,Mariana Cunha,esporadico,2021-08,atrito,
2421,Padaria e Confeitaria Trigal 3,Quatro Cruzes,Padaria,Sabrina Andrade,Vinícius Barbosa,ciclico,2021-08,normal,
2422,Padaria e Confeitaria Bom Retiro,Bela Corrente,Padaria,Antônio Freitas,Vinícius Barbosa,ciclico,2024-12,normal,
2423,Açaiteria Vitória Régia,Olho d'Água Grande,Açaiteria,Patrícia Braga,André Santos,esporadico,2021-08,normal,
2424,Hamburgueria Mirante 3,Ipê Sereno,Hamburgueria,Paulo Camargo,Eduardo Cardoso,esporadico,2021-08,atrito,
2425,Sorveteria Guarani 2,Serra Cansada,Sorveteria,Igor Batista,Amanda Machado,ciclico,2021-08,normal,
2426,Eventos São Jorge,Campo Ferrugem,Buffet e Eventos,Jorge Sousa,Vinícius Barbosa,mensal,2021-08,sangramento,2025-11
2427,Restaurante Jacarandá 4,Bela Corrente,Restaurante,Flávio Nogueira,Sérgio Oliveira,mensal,2022-04,normal,
2428,Cantina Ouro Fino 2,Encosta Nova,Restaurante,Adriana Xavier,Eduardo Cardoso,esporadico,2021-08,normal,
2429,Padaria e Confeitaria Sempre Viva 2,Campo Ferrugem,Padaria,Joana Medeiros,Vinícius Barbosa,mensal,2021-08,normal,
2430,Casa do Café Tijuca Velha,Marimbondo,Cafeteria,Débora Faria,Mariana Cunha,mensal,2025-08,atrito,
2431,Restaurante Rosa dos Ventos 2,Taquaruçu do Meio,Restaurante,Carlos Teixeira,Eduardo Cardoso,mensal,2022-05,degrau,2025-12
2432,Hamburgueria Olaria 2,Xambrê,Hamburgueria,Sandra Cardoso,André Santos,mensal,2022-08,normal,
2433,Sorveteria Rio Claro 2,Alto Sereno,Sorveteria,Aline Almeida,Sérgio Gonçalves,mensal,2021-08,normal,
2434,Burger Doce Lar,Taquaruçu do Meio,Hamburgueria,Gustavo Vasconcelos,Amanda Machado,ciclico,2021-08,atrito,
2435,Hamburgueria Girassol,Bela Corrente,Hamburgueria,Sabrina Siqueira,Sérgio Oliveira,mensal,2021-08,normal,
2436,Mercado Encanto 5,Lagoa Vermelha do Norte,Minimercado,Tatiane Sales,Mariana Cunha,ciclico,2021-08,atrito,
2437,Supermercado Vila Nova 3,Sertão Novo,Supermercado,Wesley Lima,Sérgio Oliveira,esporadico,2021-08,normal,
2438,Café Sempre Viva 2,Campo Ferrugem,Cafeteria,Silvana Silva,Vinícius Barbosa,mensal,2021-08,atrito,
2439,Café Oliveira 2,Nova Aurora do Vale,Cafeteria,Wagner Braga,Sérgio Gonçalves,mensal,2025-08,normal,
2440,Pizza Ouro Fino 2,Campo Ferrugem,Pizzaria,Juliana Xavier,Mariana Cunha,mensal,2021-08,atrito,
2441,Minimercado Capim Doce 3,Xambrê,Minimercado,Elaine Lopes,Vinícius Barbosa,mensal,2021-08,parada,2025-08
2442,Ponto do Lanche Porto Seguro Velho,Monte Cravo,Lanchonete,Cláudia Correia,Vinícius Barbosa,mensal,2025-11,normal,
2443,Super Brisa 3,Monte Cravo,Supermercado,Aline Araújo,André Santos,esporadico,2022-05,atrito,
2444,Panificadora Olaria 4,Quatro Cruzes,Padaria,Igor Batista,Amanda Machado,mensal,2024-01,normal,
2445,Super Rosa dos Ventos 2,Passo Ruivo,Supermercado,Murilo Alves,André Santos,esporadico,2023-03,normal,
2446,Ponto do Lanche Pequi 2,Itaquerê,Lanchonete,Aline Pacheco,Mariana Cunha,mensal,2021-08,atrito,
2447,Panificadora Dois Irmãos 3,Três Bicas,Padaria,Kelly Santos,Eduardo Cardoso,ciclico,2024-06,normal,
2448,Minimercado Rio Claro 4,Lagoa Vermelha do Norte,Minimercado,Ricardo Teixeira,Sérgio Gonçalves,esporadico,2021-08,normal,
2449,Cafeteria Capim Doce 4,Ipê Sereno,Cafeteria,Aline Duarte,Sérgio Gonçalves,esporadico,2021-08,normal,
2450,Mercado Rosa dos Ventos,Cravinho do Sul,Minimercado,César Araújo,Vinícius Barbosa,esporadico,2021-08,atrito,
2451,Padaria Terra Boa 6,Jaraguandu,Padaria,Juliana Xavier,Mariana Cunha,ciclico,2021-08,atrito,
2452,Atacadão Vale Verde 2,Umbuzeiro,Atacadista,Nelson Nunes,Eduardo Cardoso,mensal,2021-08,atrito,
2453,Hamburgueria Moinho,Jaraguandu,Hamburgueria,André Cardoso,Vinícius Barbosa,mensal,2021-08,atrito,
2454,Ponto do Lanche Ponte Velha 3,Passo Ruivo,Lanchonete,Emerson Pinheiro,Vinícius Barbosa,esporadico,2021-08,normal,
2455,Padaria e Confeitaria Esperança 4,Nova Aurora do Vale,Padaria,Wesley Lima,Sérgio Oliveira,esporadico,2021-08,normal,
2456,Café Encanto,Ipê Sereno,Cafeteria,Fernanda Sampaio,Sérgio Gonçalves,mensal,2021-08,normal,
2457,Panificadora Maracanã Velho 5,Nova Aurora do Vale,Padaria,Sandra Cardoso,André Santos,mensal,2021-08,mix,2025-08
2458,Ponto do Lanche Sol Nascente 4,Figueira Branca,Lanchonete,Wagner Alves,Amanda Machado,mensal,2025-02,normal,
2459,Super Guarani,Nova Aurora do Vale,Supermercado,Wagner Martins,Amanda Machado,ciclico,2021-08,normal,
2460,Padaria Pequi 2,Vila Aurora,Padaria,Adriana Xavier,Eduardo Cardoso,ciclico,2021-08,normal,
2461,Pizzaria Umbu 2,Lagoa Vermelha do Norte,Pizzaria,Aline Araújo,André Santos,ciclico,2024-07,normal,
2462,Supermercado Vitória Régia 2,Marimbondo,Supermercado,Tatiane Sales,Mariana Cunha,ciclico,2021-08,normal,
2463,Panificadora Girassol,Serra Cansada,Padaria,Elaine Lopes,Vinícius Barbosa,mensal,2021-08,sangramento,2025-06
2464,Casa de Refeições Vila Nova,Olho d'Água Grande,Restaurante,Raquel Barbosa,Amanda Machado,esporadico,2025-02,normal,
2465,Mercado Juriti 2,Três Bicas,Minimercado,Vinícius Carvalho,Amanda Machado,esporadico,2023-03,normal,
2466,Padaria Vitória Régia 4,Itaquerê,Padaria,Vinícius Carvalho,Amanda Machado,mensal,2021-08,mix,2025-12
2467,Restaurante Nascente,Bela Corrente,Restaurante,Igor Bezerra,Amanda Machado,ciclico,2021-08,normal,
2468,Ponto do Lanche Vila Nova 3,Umbuzeiro,Lanchonete,Renata Cardoso,Sérgio Gonçalves,esporadico,2025-04,atrito,
2469,Supermercado Paraíso 4,Xambrê,Supermercado,Elaine Lopes,Vinícius Barbosa,ciclico,2021-08,normal,
2470,Açaiteria Olaria,Vila Aurora,Açaiteria,João Cavalcanti,Eduardo Cardoso,esporadico,2021-08,normal,
2471,Padaria Maré Alta,Guaraúna,Padaria,Wagner Braga,Sérgio Gonçalves,ciclico,2023-02,atrito,
2472,Lanchonete Aurora,Ribeira Funda,Lanchonete,Aline Duarte,Sérgio Gonçalves,ciclico,2021-08,normal,
2473,Conveniência Fonte Nova 2,Guaraúna,Loja de Conveniência,Wesley Lima,Sérgio Oliveira,mensal,2022-04,normal,
2474,Café Central,Piraquara do Oeste,Cafeteria,Murilo Alves,André Santos,mensal,2021-08,degrau,2025-08
2475,Açaiteria Tucano 2,Passo Ruivo,Açaiteria,César Lopes,Mariana Cunha,mensal,2024-10,normal,
2476,Supermercado Orquídea,Pedra Molhada,Supermercado,Sandra Cardoso,André Santos,mensal,2021-08,normal,
2477,Restaurante Veredas 5,Piraquara do Oeste,Restaurante,Mariana Oliveira,Eduardo Cardoso,ciclico,2021-11,atrito,
2478,Mercado Rio Claro 4,Três Bicas,Minimercado,Adriana Xavier,Eduardo Cardoso,mensal,2022-01,normal,
2479,Açaí Raiz Forte 3,Olho d'Água Grande,Açaiteria,Aline Duarte,Sérgio Gonçalves,mensal,2025-08,atrito,
2480,Padaria e Confeitaria Chapada,Várzea Comprida,Padaria,Joana Medeiros,Vinícius Barbosa,ciclico,2026-02,normal,
2481,Mercado Primavera 3,Vila Cascata,Minimercado,Gustavo Fonseca,Mariana Cunha,esporadico,2024-04,normal,
2482,Panificadora Santa Clara 2,Figueira Branca,Padaria,Débora Maia,Eduardo Cardoso,esporadico,2024-02,normal,
2483,Padaria e Confeitaria Guarani 3,Ipê Sereno,Padaria,Igor Bezerra,Amanda Machado,esporadico,2026-04,normal,
2484,Super Sol Nascente,Várzea Comprida,Supermercado,André Batista,Sérgio Oliveira,mensal,2024-09,atrito,
2485,Hamburgueria Recanto 2,Bela Corrente,Hamburgueria,Raquel Ferreira,Vinícius Barbosa,esporadico,2023-10,normal,
2486,Panificadora Bom Retiro 2,Porto Bandeira,Padaria,Aline Duarte,Sérgio Gonçalves,esporadico,2024-06,normal,
2487,Açaí Pinheiro,Piraquara do Oeste,Açaiteria,César Lopes,Mariana Cunha,mensal,2021-08,sangramento,2025-12
2488,Panificadora Sol Nascente 2,Três Bicas,Padaria,Sandra Mendes,Sérgio Gonçalves,ciclico,2021-08,atrito,
2489,Gelateria Tucano,Ipê Sereno,Sorveteria,Raquel Barbosa,Amanda Machado,ciclico,2022-04,atrito,
2490,Pizzaria Lagoa Azul,Figueira Branca,Pizzaria,Wagner Martins,Amanda Machado,mensal,2022-04,normal,
2491,Gelateria Varanda 2,Marimbondo,Sorveteria,Vanessa Teixeira,Sérgio Gonçalves,mensal,2021-08,mix,2025-07
2492,Lanches Nova Era,Três Bicas,Lanchonete,Adriana Xavier,Eduardo Cardoso,mensal,2021-08,normal,
2493,Sorveteria Cravo 2,Alto Sereno,Sorveteria,Igor Bezerra,Amanda Machado,ciclico,2023-06,normal,
2494,Pizza Juriti 2,Campo Ferrugem,Pizzaria,Helena Vieira,Amanda Machado,mensal,2021-08,sangramento,2025-08
2495,Cafeteria Varanda,Cravinho do Sul,Cafeteria,Isabela Guimarães,André Santos,esporadico,2021-08,normal,
2496,Minimercado Maré Alta 3,Passo Ruivo,Minimercado,Simone Maia,André Santos,mensal,2021-08,atrito,
2497,Panificadora Santa Clara 3,Jaraguandu,Padaria,André Cardoso,Vinícius Barbosa,mensal,2021-08,atrito,
2498,Açaiteria Serrana,Passo Ruivo,Açaiteria,Aline Duarte,Sérgio Gonçalves,mensal,2021-10,normal,
2499,Pizzaria Paraíso,Quatro Cruzes,Pizzaria,Cláudia Miranda,Mariana Cunha,mensal,2024-11,normal,
2500,Supermercado Juriti 4,São Braz do Campo,Supermercado,Yara Coelho,Sérgio Oliveira,mensal,2021-08,normal,
2501,Padaria e Confeitaria Nascente,Encosta Nova,Padaria,Tatiane Sales,Mariana Cunha,esporadico,2024-07,atrito,
2502,Loja Dois Irmãos 2,Guaraúna,Loja de Conveniência,Aline Duarte,Sérgio Gonçalves,mensal,2023-04,atrito,
2503,Super Flor de Sal,Campo Ferrugem,Supermercado,Vanessa Teixeira,Sérgio Gonçalves,esporadico,2021-08,normal,
2504,Pizzaria Vitória Régia 2,Vila Aurora,Pizzaria,César Lopes,Mariana Cunha,ciclico,2023-10,atrito,
2505,Distribuidora Recanto,Riozinho Claro,Atacadista,Cláudia Miranda,Mariana Cunha,mensal,2021-08,parada,2025-09
2506,Conveniência Ouro Fino,Marimbondo,Loja de Conveniência,Jorge Sousa,Vinícius Barbosa,esporadico,2026-03,normal,
2507,Mercado Xodó 4,Cravinho do Sul,Minimercado,Cláudia Miranda,Mariana Cunha,esporadico,2024-05,atrito,
2508,Pizza Ipê Roxo,Vista Alegre do Ipê,Pizzaria,Sabrina Siqueira,Sérgio Oliveira,mensal,2023-12,atrito,
2509,Super Esperança,São Braz do Campo,Supermercado,Wagner Rodrigues,Mariana Cunha,mensal,2022-08,normal,
2510,Sorveteria Rio Claro 3,Guaraúna,Sorveteria,Joana Medeiros,Vinícius Barbosa,mensal,2023-03,atrito,
2511,Gelateria Sossego,Sertão Novo,Sorveteria,André Batista,Sérgio Oliveira,esporadico,2022-06,normal,
2512,Pizza Sempre Viva 2,Figueira Branca,Pizzaria,Wesley Lima,Sérgio Oliveira,mensal,2021-08,atrito,
2513,Conveniência Primavera,Barra do Piraquê,Loja de Conveniência,Aline Duarte,Sérgio Gonçalves,mensal,2021-08,parada,2025-07
2514,Cantina Olaria 4,Santa Ilha,Restaurante,Helena Vieira,Amanda Machado,ciclico,2022-12,atrito,
2515,Padaria e Confeitaria Terra Boa 2,Vila Aurora,Padaria,Vinícius Carvalho,Amanda Machado,esporadico,2021-08,normal,
2516,Supermercado Varanda 2,Vale Formoso do Norte,Supermercado,Vanessa Teixeira,Sérgio Gonçalves,esporadico,2022-07,atrito,
2517,Ponto do Lanche Cravo 2,Praia do Sino,Lanchonete,Wagner Martins,Amanda Machado,mensal,2023-03,normal,
2518,Casa de Refeições Varanda,Jaraguandu,Restaurante,Flávio Lima,André Santos,mensal,2026-01,normal,
2519,Ponto do Lanche Sabor Real,Campo Ferrugem,Lanchonete,Jaqueline Alves,Sérgio Oliveira,mensal,2025-05,normal,
2520,Sorveteria Sabor Real,Barra do Piraquê,Sorveteria,Helena Vieira,Amanda Machado,ciclico,2022-10,normal,
2521,Padaria Palmeira 4,Praia do Sino,Padaria,Débora Maia,Eduardo Cardoso,mensal,2022-09,normal,
2522,Mercadinho Jatobá 5,Ipê Sereno,Minimercado,Simone Maia,André Santos,esporadico,2021-08,normal,
2523,Atacado Serrana,Jaraguandu,Atacadista,Kelly Santos,Eduardo Cardoso,mensal,2021-08,atrito,
2524,Padaria Nascente 6,Quatro Cruzes,Padaria,Rafael Teixeira,Sérgio Oliveira,mensal,2021-08,parada,2025-11
2525,Padaria e Confeitaria São Jorge 2,Palmeira Torta,Padaria,Aline Duarte,Sérgio Gonçalves,ciclico,2021-08,normal,
2526,Buffet Tijuca Velha 3,Jaraguandu,Buffet e Eventos,Joana Medeiros,Vinícius Barbosa,mensal,2021-08,normal,
2527,Super Cerrado 2,Vila Cascata,Supermercado,Igor Bezerra,Amanda Machado,mensal,2022-02,normal,
2528,Cantina Vila Nova 3,Passo Ruivo,Restaurante,Vinícius Carvalho,Amanda Machado,mensal,2021-08,normal,
2529,Padaria Figueira,Vale Formoso do Norte,Padaria,Sandra Cardoso,André Santos,mensal,2021-08,normal,
2530,Casa do Café Vila Nova 2,Vista Alegre do Ipê,Cafeteria,Vanessa Teixeira,Sérgio Gonçalves,mensal,2021-08,normal,
2531,Padaria e Confeitaria Quintal 6,Passo Ruivo,Padaria,Kelly Santos,Eduardo Cardoso,ciclico,2021-08,normal,
2532,Mercadinho Doce Lar,Três Bicas,Minimercado,Bruno Nogueira,Sérgio Oliveira,mensal,2021-08,degrau,2025-10
2533,Padaria e Confeitaria Girassol,Vila Aurora,Padaria,Simone Maia,André Santos,esporadico,2021-08,normal,
2534,Gelateria Tamarindo,Passo Ruivo,Sorveteria,Sandra Cardoso,André Santos,esporadico,2021-08,atrito,
2535,Cantina Cascata 5,Riozinho Claro,Restaurante,Helena Vieira,Amanda Machado,mensal,2025-09,normal,
2536,Casa de Refeições Oliveira 3,Riozinho Claro,Restaurante,Renata Cardoso,Sérgio Gonçalves,mensal,2021-08,normal,
2537,Lanchonete Rosa dos Ventos 3,Vista Alegre do Ipê,Lanchonete,Paulo Camargo,Eduardo Cardoso,mensal,2022-09,normal,
2538,Restaurante Estrela 4,Pedra Molhada,Restaurante,André Batista,Sérgio Oliveira,mensal,2021-08,parada,2026-04
2539,Panificadora Bela Vista 3,Figueira Branca,Padaria,Vinícius Carvalho,Amanda Machado,mensal,2021-08,normal,
2540,Café Flor de Sal 2,Itaquerê,Cafeteria,Aline Duarte,Sérgio Gonçalves,mensal,2024-12,normal,
2541,Padaria Sossego,Riozinho Claro,Padaria,Adriana Xavier,Eduardo Cardoso,ciclico,2023-10,atrito,
2542,Conveniência Jatobá 2,Sertão Novo,Loja de Conveniência,Simone Maia,André Santos,mensal,2024-02,normal,
2543,Restaurante Flor de Sal,Serra Cansada,Restaurante,Emerson Pinheiro,Vinícius Barbosa,mensal,2026-03,normal,
2544,Mercado Oliveira 4,Piraquara do Oeste,Minimercado,Simone Maia,André Santos,ciclico,2021-08,normal,
2545,Casa de Refeições Pequi 2,Ribeira Funda,Restaurante,Silvana Silva,Vinícius Barbosa,mensal,2026-03,normal,
2546,Cantina Vila Nova 4,Quatro Cruzes,Restaurante,Ricardo Teixeira,Sérgio Gonçalves,mensal,2021-08,normal,
2547,Padaria e Confeitaria Olaria 4,Passo Ruivo,Padaria,Letícia Ferreira,Sérgio Oliveira,ciclico,2021-08,normal,
2548,Conveniência Bom Retiro,Vista Alegre do Ipê,Loja de Conveniência,Wagner Martins,Amanda Machado,ciclico,2021-08,atrito,
2549,Burger Palmeira,Barra do Piraquê,Hamburgueria,Gustavo Vasconcelos,Amanda Machado,esporadico,2021-08,normal,
2550,Padaria e Confeitaria Luar 2,Várzea Comprida,Padaria,Aline Pacheco,Mariana Cunha,esporadico,2023-09,normal,
2551,Panificadora Tijuca Velha 2,Figueira Branca,Padaria,Elaine Lopes,Vinícius Barbosa,mensal,2021-10,atrito,
2552,Burger Maracanã Velho,Guaraúna,Hamburgueria,Aline Duarte,Sérgio Gonçalves,mensal,2021-08,normal,
2553,Padaria e Confeitaria Vitória Régia 3,Várzea Comprida,Padaria,César Araújo,Vinícius Barbosa,mensal,2021-08,normal,
2554,Padaria Vila Nova 2,Palmeira Torta,Padaria,Murilo Alves,André Santos,ciclico,2024-03,normal,
2555,Pizzaria Tamarindo 2,Encosta Nova,Pizzaria,Paulo Correia,Eduardo Cardoso,esporadico,2021-08,atrito,
2556,Lanches Nova Era 2,Marimbondo,Lanchonete,Elaine Lopes,Vinícius Barbosa,mensal,2021-08,parada,2025-12
2557,Padaria Brisa 3,Olho d'Água Grande,Padaria,Rafael Teixeira,Sérgio Oliveira,mensal,2021-08,normal,
2558,Açaí Luar,Tabuleiro Alto,Açaiteria,Wagner Braga,Sérgio Gonçalves,esporadico,2022-11,normal,
2559,Lanches Nascente 3,Santa Ilha,Lanchonete,Aline Duarte,Sérgio Gonçalves,mensal,2025-05,atrito,
2560,Padaria e Confeitaria Encanto 2,Alto Sereno,Padaria,Gabriel Ferreira,André Santos,esporadico,2021-08,atrito,
2561,Mercadinho Central,Passo Ruivo,Minimercado,Simone Maia,André Santos,mensal,2021-08,normal,
2562,Cantina Vila Nova 5,Campo Ferrugem,Restaurante,Wagner Alves,Amanda Machado,ciclico,2021-08,normal,
2563,Ponto do Lanche Estrela 3,Praia do Sino,Lanchonete,Wesley Siqueira,Amanda Machado,ciclico,2025-02,normal,
2564,Sorveteria Sossego,Xambrê,Sorveteria,Murilo Alves,André Santos,ciclico,2021-08,normal,
2565,Burger Cravo,Riozinho Claro,Hamburgueria,Gustavo Fonseca,Mariana Cunha,mensal,2021-08,normal,
2566,Mercado Sempre Viva,Marimbondo,Minimercado,Vanessa Teixeira,Sérgio Gonçalves,mensal,2021-08,normal,
2567,Cafeteria Trigal,Nova Aurora do Vale,Cafeteria,Bruno Nogueira,Sérgio Oliveira,mensal,2021-08,atrito,
2568,Padaria e Confeitaria Palmeira,Serra Cansada,Padaria,Simone Maia,André Santos,ciclico,2023-01,normal,
2569,Minimercado Santa Clara 2,Quatro Cruzes,Minimercado,Joana Medeiros,Vinícius Barbosa,esporadico,2021-08,normal,
2570,Buffet Brisa,Vale Formoso do Norte,Buffet e Eventos,Wagner Martins,Amanda Machado,esporadico,2024-05,atrito,
2571,Mercado Terra Boa 2,Porto Bandeira,Minimercado,Vanessa Teixeira,Sérgio Gonçalves,ciclico,2025-10,normal,
2572,Restaurante Pequi 5,Olho d'Água Grande,Restaurante,Fernanda Sampaio,Sérgio Gonçalves,mensal,2021-08,mix,2025-11
2573,Buffet Nova Era 2,Vale Formoso do Norte,Buffet e Eventos,Daniel Mendes,André Santos,ciclico,2021-08,normal,
2574,Eventos Cravo,Ribeira Funda,Buffet e Eventos,Kelly Santos,Eduardo Cardoso,mensal,2024-07,normal,
2575,Atacado Chapada,Piraquara do Oeste,Atacadista,Débora Maia,Eduardo Cardoso,ciclico,2022-02,normal,
2576,Minimercado Dois Irmãos 3,Vila Aurora,Minimercado,Fernanda Sampaio,Sérgio Gonçalves,mensal,2022-09,atrito,
2577,Açaí Quintal,Palmeira Torta,Açaiteria,Juliana Xavier,Mariana Cunha,esporadico,2021-08,atrito,
2578,Super Santa Clara 2,Figueira Branca,Supermercado,Emerson Pinheiro,Vinícius Barbosa,mensal,2021-12,degrau,2025-11
2579,Distribuidora Varanda,Jaraguandu,Atacadista,Gabriel Ferreira,André Santos,esporadico,2023-09,normal,
2580,Mercadinho Esperança,Cravinho do Sul,Minimercado,Vinícius Carvalho,Amanda Machado,ciclico,2021-08,atrito,
2581,Eventos Mirante 2,Vila Cascata,Buffet e Eventos,Sabrina Andrade,Vinícius Barbosa,mensal,2021-08,parada,2025-10
2582,Super Flor de Sal 2,Guaraúna,Supermercado,Silvana Santos,Mariana Cunha,ciclico,2025-06,normal,
2583,Mercadinho Moinho 7,Santa Ilha,Minimercado,Patrícia Braga,André Santos,mensal,2024-10,normal,
2584,Açaiteria São Jorge,Jaraguandu,Açaiteria,André Cardoso,Vinícius Barbosa,ciclico,2026-03,normal,
2585,Mercado Paraíso 2,Ipê Sereno,Minimercado,Joana Medeiros,Vinícius Barbosa,mensal,2022-07,normal,
2586,Padaria e Confeitaria Flor de Sal,Porto Bandeira,Padaria,Helena Vieira,Amanda Machado,ciclico,2026-03,normal,
2587,Padaria Vila Nova 3,Piraquara do Oeste,Padaria,Aline Pacheco,Mariana Cunha,esporadico,2021-08,atrito,
2588,Açaiteria Rio Claro,Passo Ruivo,Açaiteria,Aline Araújo,André Santos,mensal,2022-10,atrito,
2589,Panificadora Xodó 3,Porto Bandeira,Padaria,Roberta Pinheiro,Amanda Machado,ciclico,2022-05,atrito,
2590,Supermercado Recanto 3,Riozinho Claro,Supermercado,Sandra Cardoso,André Santos,ciclico,2021-08,normal,
2591,Cantina Rosa dos Ventos 2,Guaraúna,Restaurante,Murilo Alves,André Santos,mensal,2021-08,normal,
2592,Panificadora Ouro Fino 3,Monte Cravo,Padaria,Aline Araújo,André Santos,mensal,2021-08,atrito,
2593,Pizzaria Fonte Nova 3,Encosta Nova,Pizzaria,Aline Araújo,André Santos,mensal,2021-08,mix,2025-12
2594,Super Maracanã Velho 3,Vista Alegre do Ipê,Supermercado,Diego Martins,Sérgio Gonçalves,esporadico,2026-01,normal,
2595,Ponto do Lanche Encanto,Taquaruçu do Meio,Lanchonete,Daniel Mendes,André Santos,mensal,2021-08,degrau,2025-06
2596,Padaria Moinho 4,Nova Aurora do Vale,Padaria,Carlos Teixeira,Eduardo Cardoso,esporadico,2022-02,normal,
2597,Eventos Pitanga 2,Olho d'Água Grande,Buffet e Eventos,Adriana Xavier,Eduardo Cardoso,mensal,2024-06,atrito,
2598,Casa de Refeições Vale Verde 3,Ribeira Funda,Restaurante,Murilo Alves,André Santos,ciclico,2021-08,atrito,
2599,Panificadora Chapada 2,Pedra Molhada,Padaria,Paulo Correia,Eduardo Cardoso,mensal,2022-09,atrito,
2600,Panificadora Umbu 4,Cravinho do Sul,Padaria,Aline Pacheco,Mariana Cunha,esporadico,2021-08,normal,
2601,Supermercado Santa Clara 3,Vale Formoso do Norte,Supermercado,Gabriel Ferreira,André Santos,esporadico,2026-04,normal,
2602,Minimercado Horizonte 5,Barra do Piraquê,Minimercado,Sandra Cardoso,André Santos,mensal,2026-01,normal,
2603,Minimercado Bandeirante 4,Encosta Nova,Minimercado,Murilo Alves,André Santos,ciclico,2021-08,normal,
2604,Padaria e Confeitaria Cerrado,Guaraúna,Padaria,Joana Medeiros,Vinícius Barbosa,ciclico,2021-08,normal,
2605,Supermercado Pinheiro 2,Vila Cascata,Supermercado,Wesley Lima,Sérgio Oliveira,mensal,2021-08,atrito,
2606,Mercadinho Oliveira 3,Ribeira Funda,Minimercado,Igor Bezerra,Amanda Machado,mensal,2026-02,normal,
2607,Pizza Orquídea 2,Serra Cansada,Pizzaria,Ricardo Teixeira,Sérgio Gonçalves,ciclico,2024-06,atrito,
2608,Distribuidora Pedra Alta,Vale Formoso do Norte,Atacadista,César Lopes,Mariana Cunha,mensal,2021-08,degrau,2025-10
2609,Super Encanto 4,Piraquara do Oeste,Supermercado,Yara Coelho,Sérgio Oliveira,mensal,2023-08,atrito,
2610,Casa de Refeições Ouro Fino 3,Itaquerê,Restaurante,Murilo Alves,André Santos,mensal,2025-09,normal,
2611,Super Sossego 2,Vila Cascata,Supermercado,Geraldo Cavalcanti,Mariana Cunha,esporadico,2024-05,atrito,
2612,Burger Vitória Régia 2,Itaquerê,Hamburgueria,Juliana Xavier,Mariana Cunha,ciclico,2025-01,normal,
2613,Restaurante Bom Retiro 3,Riozinho Claro,Restaurante,Isabela Guimarães,André Santos,ciclico,2021-08,normal,
2614,Panificadora Jacarandá 6,Pedra Molhada,Padaria,Joana Medeiros,Vinícius Barbosa,ciclico,2025-10,normal,
2615,Supermercado Ipê Roxo 2,Jaraguandu,Supermercado,Wesley Lima,Sérgio Oliveira,mensal,2021-08,normal,
2616,Hamburgueria Umbu 2,Passo Ruivo,Hamburgueria,Igor Bezerra,Amanda Machado,ciclico,2025-10,normal,
2617,Pizza Guarani 2,Monte Cravo,Pizzaria,Gustavo Vasconcelos,Amanda Machado,ciclico,2021-08,normal,
2618,Café Sossego 2,Ipê Sereno,Cafeteria,Gabriel Ferreira,André Santos,ciclico,2024-06,normal,
2619,Casa de Refeições Luar,Santa Ilha,Restaurante,Renata Cardoso,Sérgio Gonçalves,mensal,2024-12,atrito,
2620,Minimercado Jatobá 2,Guaraúna,Minimercado,Paulo Camargo,Eduardo Cardoso,esporadico,2024-06,normal,
2621,Lanchonete Tamarindo 3,Figueira Branca,Lanchonete,Vinícius Carvalho,Amanda Machado,mensal,2025-07,normal,
2622,Mercado Olaria 2,Nova Aurora do Vale,Minimercado,Débora Faria,Mariana Cunha,ciclico,2021-08,normal,
2623,Panificadora Vale Verde 3,Umbuzeiro,Padaria,Sabrina Andrade,Vinícius Barbosa,ciclico,2024-12,atrito,
2624,Padaria e Confeitaria Ipê Roxo 4,Fonte Limeira,Padaria,André Batista,Sérgio Oliveira,mensal,2024-09,atrito,
2625,Panificadora Dois Irmãos 4,Ribeira Funda,Padaria,Sabrina Siqueira,Sérgio Oliveira,mensal,2025-10,normal,
2626,Super Chapada 3,Vale Formoso do Norte,Supermercado,Helena Vieira,Amanda Machado,mensal,2021-08,atrito,
2627,Mercadinho Terra Boa 3,Serra Cansada,Minimercado,Wagner Alves,Amanda Machado,mensal,2021-08,sangramento,2025-10
2628,Casa do Café Central,Figueira Branca,Cafeteria,Isabela Lopes,Mariana Cunha,mensal,2021-08,normal,
2629,Mercado Palmeira 3,Olho d'Água Grande,Minimercado,Paulo Correia,Eduardo Cardoso,mensal,2024-11,atrito,
2630,Loja Jatobá 2,Campo Ferrugem,Loja de Conveniência,Murilo Alves,André Santos,esporadico,2021-08,normal,
2631,Minimercado Capim Doce 4,Passo Ruivo,Minimercado,Gabriel Ferreira,André Santos,esporadico,2026-03,normal,
2632,Super Serrana,Quatro Cruzes,Supermercado,Wagner Martins,Amanda Machado,ciclico,2022-11,atrito,
2633,Ponto do Lanche Cascata 2,Serra Cansada,Lanchonete,Adriana Xavier,Eduardo Cardoso,esporadico,2021-08,normal,
2634,Cantina São Jorge,Passo Ruivo,Restaurante,Simone Maia,André Santos,esporadico,2021-08,normal,
2635,Mercado Porto Seguro Velho,Ipê Sereno,Minimercado,Paulo Correia,Eduardo Cardoso,mensal,2022-01,normal,
2636,Lanches Sossego 2,Alto Sereno,Lanchonete,Aline Pacheco,Mariana Cunha,mensal,2021-08,normal,
2637,Panificadora Moinho 3,Três Bicas,Padaria,Aline Pacheco,Mariana Cunha,esporadico,2021-08,normal,
2638,Burger Primavera,Vale Formoso do Norte,Hamburgueria,Letícia Ferreira,Sérgio Oliveira,ciclico,2021-08,normal,
2639,Padaria Aurora 3,Encosta Nova,Padaria,Sandra Cardoso,André Santos,mensal,2021-08,normal,
2640,Casa do Café Doce Lar 2,Alto Sereno,Cafeteria,Patrícia Braga,André Santos,mensal,2023-06,atrito,
2641,Sorveteria Sossego 2,Nova Aurora do Vale,Sorveteria,Adriana Xavier,Eduardo Cardoso,mensal,2023-06,normal,
2642,Loja Ipê Roxo,Pedra Molhada,Loja de Conveniência,Aline Almeida,Sérgio Gonçalves,mensal,2022-11,atrito,
2643,Panificadora Maré Alta 4,Vila Cascata,Padaria,Aline Pacheco,Mariana Cunha,esporadico,2021-08,normal,
2644,Padaria Terra Boa 7,São Braz do Campo,Padaria,Wesley Lima,Sérgio Oliveira,mensal,2021-08,parada,2025-09
2645,Burger Nova Era,Lagoa Vermelha do Norte,Hamburgueria,Adriana Xavier,Eduardo Cardoso,mensal,2021-08,atrito,
2646,Restaurante Bom Retiro 4,Figueira Branca,Restaurante,Joana Medeiros,Vinícius Barbosa,ciclico,2025-10,normal,
2647,Mercadinho Flor de Sal,Vale Formoso do Norte,Minimercado,Vanessa Teixeira,Sérgio Gonçalves,esporadico,2021-08,normal,
2648,Minimercado Farol 4,Olho d'Água Grande,Minimercado,Raquel Ferreira,Vinícius Barbosa,mensal,2021-08,parada,2026-05
2649,Ponto do Lanche Serrana 2,Guaraúna,Lanchonete,Juliana Pinheiro,Sérgio Gonçalves,ciclico,2022-01,normal,
2650,Gelateria Maracanã Velho 2,Lagoa Vermelha do Norte,Sorveteria,César Lopes,Mariana Cunha,mensal,2025-04,normal,
2651,Restaurante Rosa dos Ventos 3,Tabuleiro Alto,Restaurante,Patrícia Rezende,Mariana Cunha,ciclico,2021-12,atrito,
2652,Pizzaria Sempre Viva 2,Nova Aurora do Vale,Pizzaria,Letícia Ferreira,Sérgio Oliveira,mensal,2022-07,atrito,
2653,Cantina Juriti 3,Piraquara do Oeste,Restaurante,Adriana Ferreira,André Santos,esporadico,2025-06,normal,
2654,Gelateria Ponte Velha 3,Olho d'Água Grande,Sorveteria,João Cavalcanti,Eduardo Cardoso,mensal,2021-08,atrito,
2655,Distribuidora Tucano,Taquaruçu do Meio,Atacadista,Letícia Ferreira,Sérgio Oliveira,mensal,2021-08,atrito,
2656,Ponto do Lanche Sol Nascente 5,Sertão Novo,Lanchonete,Raquel Barbosa,Amanda Machado,esporadico,2024-01,normal,
2657,Panificadora Aurora 2,Várzea Comprida,Padaria,Antônio Freitas,Vinícius Barbosa,mensal,2021-08,normal,
2658,Padaria e Confeitaria Sol Nascente 3,Vila Cascata,Padaria,Gabriel Ferreira,André Santos,esporadico,2021-08,normal,
2659,Padaria Jatobá 3,Ipê Sereno,Padaria,Aline Duarte,Sérgio Gonçalves,mensal,2022-01,normal,
2660,Mercadinho Paraíso 3,Vista Alegre do Ipê,Minimercado,Jorge Sousa,Vinícius Barbosa,mensal,2021-09,normal,
2661,Padaria e Confeitaria Jatobá 4,Passo Ruivo,Padaria,Adriana Xavier,Eduardo Cardoso,mensal,2021-08,normal,
2662,Pizza Pequi,Vista Alegre do Ipê,Pizzaria,Gustavo Fonseca,Mariana Cunha,mensal,2024-09,normal,
2663,Mercadinho Nova Era 2,Pedra Molhada,Minimercado,Raquel Barbosa,Amanda Machado,mensal,2022-05,normal,
2664,Lanchonete Recanto 4,Taquaruçu do Meio,Lanchonete,Paulo Camargo,Eduardo Cardoso,mensal,2022-07,atrito,
2665,Ponto do Lanche São Jorge 3,Quatro Cruzes,Lanchonete,Simone Maia,André Santos,ciclico,2021-08,atrito,
2666,Pizzaria Olaria 2,Nova Aurora do Vale,Pizzaria,Paulo Correia,Eduardo Cardoso,ciclico,2023-02,atrito,
2667,Sorveteria Serrana,Monte Cravo,Sorveteria,Gabriel Ferreira,André Santos,mensal,2021-08,normal,
2668,Padaria e Confeitaria Primavera 2,Cravinho do Sul,Padaria,Igor Rodrigues,Eduardo Cardoso,mensal,2021-08,normal,
2669,Mercadinho Porto Seguro Velho 2,Figueira Branca,Minimercado,Wagner Martins,Amanda Machado,ciclico,2026-01,normal,
2670,Pizzaria Capim Doce 2,Vale Formoso do Norte,Pizzaria,Vanessa Teixeira,Sérgio Gonçalves,mensal,2021-08,atrito,
2671,Supermercado Terra Boa 3,Ipê Sereno,Supermercado,Raquel Ferreira,Vinícius Barbosa,esporadico,2021-09,atrito,
2672,Burger Serrana,Palmeira Torta,Hamburgueria,Joana Medeiros,Vinícius Barbosa,esporadico,2021-09,normal,
2673,Pizzaria Cerrado 3,Vila Cascata,Pizzaria,Aline Duarte,Sérgio Gonçalves,esporadico,2021-08,normal,
2674,Super Pedra Alta 2,Alto Sereno,Supermercado,Helena Vieira,Amanda Machado,mensal,2021-08,normal,
2675,Mercadinho Bela Vista 4,Xambrê,Minimercado,Aline Almeida,Sérgio Gonçalves,esporadico,2021-08,normal,
2676,Restaurante Horizonte 2,Encosta Nova,Restaurante,Rafael Teixeira,Sérgio Oliveira,ciclico,2023-08,normal,
2677,Burger Sol Nascente 2,Riozinho Claro,Hamburgueria,Raquel Ferreira,Vinícius Barbosa,mensal,2021-08,atrito,
2678,Lanches Bandeirante 2,Campo Ferrugem,Lanchonete,Rodrigo Dias,Vinícius Barbosa,esporadico,2021-08,normal,
2679,Sorveteria Estrela 2,Itaquerê,Sorveteria,Igor Bezerra,Amanda Machado,esporadico,2021-08,normal,
2680,Casa de Refeições Capim Doce,Vila Aurora,Restaurante,Cláudia Correia,Vinícius Barbosa,esporadico,2021-08,normal,
2681,Lanches Doce Lar 2,Vila Cascata,Lanchonete,Paulo Correia,Eduardo Cardoso,mensal,2021-08,normal,
2682,Supermercado Brisa 2,Ribeira Funda,Supermercado,Emerson Pinheiro,Vinícius Barbosa,mensal,2025-02,normal,
2683,Mercado Vitória Régia 6,Ribeira Funda,Minimercado,Helena Vieira,Amanda Machado,esporadico,2021-08,atrito,
2684,Gelateria Porto Seguro Velho 2,Santa Ilha,Sorveteria,Kelly Santos,Eduardo Cardoso,mensal,2024-06,normal,
2685,Hamburgueria Terra Boa 2,Vale Formoso do Norte,Hamburgueria,Igor Batista,Amanda Machado,mensal,2026-01,normal,
2686,Mercado Chapada 2,Cravinho do Sul,Minimercado,Ricardo Teixeira,Sérgio Gonçalves,mensal,2021-08,sangramento,2025-07
2687,Burger São Jorge,Vila Cascata,Hamburgueria,Vanessa Teixeira,Sérgio Gonçalves,mensal,2023-04,normal,
2688,Panificadora Vale Verde 4,Porto Bandeira,Padaria,Ricardo Teixeira,Sérgio Gonçalves,esporadico,2023-03,atrito,
2689,Panificadora Maracanã Velho 6,Vale Formoso do Norte,Padaria,Vinícius Carvalho,Amanda Machado,mensal,2025-06,normal,
2690,Mercadinho Porto Seguro Velho 3,Bela Corrente,Minimercado,Aline Araújo,André Santos,esporadico,2024-04,normal,
2691,Burger Santa Clara 2,Vale Formoso do Norte,Hamburgueria,Márcia Sales,Sérgio Oliveira,mensal,2022-10,normal,
2692,Casa de Refeições Bandeirante 2,Xambrê,Restaurante,Diego Martins,Sérgio Gonçalves,esporadico,2021-08,atrito,
2693,Padaria Mirante 2,Figueira Branca,Padaria,Aline Duarte,Sérgio Gonçalves,ciclico,2024-02,normal,
2694,Casa do Café Nova Era,Olho d'Água Grande,Cafeteria,Raquel Barbosa,Amanda Machado,mensal,2023-09,atrito,
2695,Ponto do Lanche Orquídea 2,Vila Cascata,Lanchonete,Mariana Oliveira,Eduardo Cardoso,mensal,2024-04,atrito,
2696,Hamburgueria Pinheiro 2,Itaquerê,Hamburgueria,Vinícius Carvalho,Amanda Machado,mensal,2024-11,atrito,
2697,Cantina Sol Nascente 3,Vila Aurora,Restaurante,Rodrigo Dias,Vinícius Barbosa,ciclico,2021-08,normal,
2698,Padaria Bandeirante 4,Ipê Sereno,Padaria,Rafael Teixeira,Sérgio Oliveira,esporadico,2021-08,normal,
2699,Pizza Orquídea 3,Cravinho do Sul,Pizzaria,Cláudia Correia,Vinícius Barbosa,esporadico,2021-08,normal,
2700,Gelateria Luar,Piraquara do Oeste,Sorveteria,Márcia Sales,Sérgio Oliveira,ciclico,2021-08,normal,
2701,Ponto do Lanche Umbu 3,Fonte Limeira,Lanchonete,Aline Duarte,Sérgio Gonçalves,esporadico,2024-12,normal,
2702,Buffet Rosa dos Ventos,Várzea Comprida,Buffet e Eventos,Isabela Lopes,Mariana Cunha,esporadico,2024-12,atrito,
2703,Padaria e Confeitaria Bela Vista 4,Vila Aurora,Padaria,Daniel Mendes,André Santos,mensal,2021-08,normal,
2704,Ponto do Lanche Luar,Três Bicas,Lanchonete,Kelly Carvalho,Sérgio Gonçalves,esporadico,2021-08,normal,
2705,Casa de Refeições Farol 2,Vale Formoso do Norte,Restaurante,Vanessa Teixeira,Sérgio Gonçalves,mensal,2025-07,normal,
2706,Mercadinho Guarani 2,Três Bicas,Minimercado,Aline Pacheco,Mariana Cunha,ciclico,2021-08,normal,
2707,Mercado Pinheiro 4,Riozinho Claro,Minimercado,Kelly Carvalho,Sérgio Gonçalves,ciclico,2021-08,normal,
2708,Padaria Ouro Fino,Monte Cravo,Padaria,Murilo Alves,André Santos,mensal,2025-09,normal,
2709,Padaria Flor de Sal 3,Bela Corrente,Padaria,Mauro Pacheco,Sérgio Oliveira,ciclico,2021-08,normal,
2710,Padaria e Confeitaria Bom Retiro 2,Riozinho Claro,Padaria,Ricardo Teixeira,Sérgio Gonçalves,esporadico,2023-02,atrito,
2711,Mercado Pinheiro 5,Xambrê,Minimercado,Cláudia Correia,Vinícius Barbosa,mensal,2025-02,normal,
2712,Lanches Guarani 2,Alto Sereno,Lanchonete,Juliana Xavier,Mariana Cunha,esporadico,2021-08,normal,
2713,Minimercado Lagoa Azul 2,Xambrê,Minimercado,Paulo Correia,Eduardo Cardoso,mensal,2022-04,parada,2026-03
2714,Buffet Ouro Fino,Umbuzeiro,Buffet e Eventos,Kelly Santos,Eduardo Cardoso,ciclico,2025-05,normal,
2715,Mercadinho Cravo 4,Lagoa Vermelha do Norte,Minimercado,Gustavo Fonseca,Mariana Cunha,mensal,2021-08,normal,
2716,Supermercado Maracanã Velho 2,Campo Ferrugem,Supermercado,Adriana Xavier,Eduardo Cardoso,mensal,2021-08,normal,
2717,Padaria Olaria 2,Vila Cascata,Padaria,Murilo Alves,André Santos,mensal,2024-06,atrito,
2718,Supermercado Flor de Sal 3,Praia do Sino,Supermercado,Vanessa Teixeira,Sérgio Gonçalves,mensal,2022-11,normal,
2719,Mercado Moinho,Vila Cascata,Minimercado,Silvana Silva,Vinícius Barbosa,ciclico,2024-12,atrito,
2720,Panificadora Doce Lar 3,Ipê Sereno,Padaria,Antônio Freitas,Vinícius Barbosa,ciclico,2021-08,atrito,
2721,Lanches Jacarandá 4,Jaraguandu,Lanchonete,Cláudia Correia,Vinícius Barbosa,ciclico,2024-11,normal,
2722,Casa de Refeições Recanto 3,Guaraúna,Restaurante,Patrícia Rezende,Mariana Cunha,ciclico,2021-08,atrito,
2723,Mercado Tamarindo 2,Nova Aurora do Vale,Minimercado,Elaine Lopes,Vinícius Barbosa,ciclico,2025-12,normal,
2724,Cantina Veredas 2,Taquaruçu do Meio,Restaurante,Vinícius Carvalho,Amanda Machado,mensal,2025-09,normal,
2725,Atacado Ponte Velha,Figueira Branca,Atacadista,Joana Medeiros,Vinícius Barbosa,mensal,2021-08,parada,2025-06
2726,Gelateria Quintal 3,Lagoa Vermelha do Norte,Sorveteria,Paulo Camargo,Eduardo Cardoso,ciclico,2023-10,atrito,
2727,Cafeteria Encanto 3,Taquaruçu do Meio,Cafeteria,André Batista,Sérgio Oliveira,mensal,2021-08,normal,
2728,Casa do Café Sabor Real 2,Três Bicas,Cafeteria,Rodrigo Dias,Vinícius Barbosa,mensal,2022-06,normal,
2729,Ponto do Lanche Pequi 3,Figueira Branca,Lanchonete,Jaqueline Alves,Sérgio Oliveira,ciclico,2024-06,normal,
2730,Atacadão Ipê Roxo,Itaquerê,Atacadista,Igor Bezerra,Amanda Machado,mensal,2021-08,normal,
2731,Cantina Juriti 4,São Braz do Campo,Restaurante,Geraldo Cavalcanti,Mariana Cunha,mensal,2021-08,atrito,
2732,Padaria e Confeitaria Sabor Real 3,Fonte Limeira,Padaria,Sandra Cardoso,André Santos,mensal,2021-10,mix,2025-09
2733,Mercadinho Moinho 8,Passo Ruivo,Minimercado,Adriana Xavier,Eduardo Cardoso,mensal,2021-08,normal,
2734,Panificadora Vale Verde 5,Fonte Limeira,Padaria,Igor Bezerra,Amanda Machado,esporadico,2023-04,normal,
2735,Minimercado Pitanga 3,Passo Ruivo,Minimercado,Adriana Xavier,Eduardo Cardoso,mensal,2021-08,normal,
2736,Pizzaria Veredas 3,Monte Cravo,Pizzaria,Cláudia Correia,Vinícius Barbosa,mensal,2024-02,atrito,
2737,Mercado Esperança,Barra do Piraquê,Minimercado,Murilo Alves,André Santos,mensal,2026-01,normal,
2738,Hamburgueria Fonte Nova 2,Guaraúna,Hamburgueria,Carlos Teixeira,Eduardo Cardoso,mensal,2025-04,normal,
2739,Burger Santa Clara 3,Itaquerê,Hamburgueria,Gabriel Ferreira,André Santos,mensal,2025-06,atrito,
2740,Mercado Ouro Fino 2,Ribeira Funda,Minimercado,Aline Duarte,Sérgio Gonçalves,ciclico,2023-02,atrito,
2741,Restaurante Tamarindo 4,Piraquara do Oeste,Restaurante,Silvana Santos,Mariana Cunha,mensal,2021-08,voltou,2025-10
2742,Gelateria Varanda 3,Marimbondo,Sorveteria,Murilo Alves,André Santos,ciclico,2025-01,normal,
2743,Eventos Sol Nascente,Bela Corrente,Buffet e Eventos,Patrícia Rezende,Mariana Cunha,mensal,2021-08,atrito,
2744,Ponto do Lanche Flor de Sal 2,Vila Cascata,Lanchonete,Débora Faria,Mariana Cunha,mensal,2025-06,normal,
2745,Minimercado Capim Doce 5,Alto Sereno,Minimercado,Diego Martins,Sérgio Gonçalves,ciclico,2021-08,normal,
2746,Mercadinho Ipanema Velha 4,Campo Ferrugem,Minimercado,Gustavo Fonseca,Mariana Cunha,mensal,2021-08,parada,2026-04
2747,Casa de Refeições Vale Verde 4,Nova Aurora do Vale,Restaurante,Roberta Pinheiro,Amanda Machado,mensal,2021-08,degrau,2025-09
2748,Supermercado Estrela 2,Umbuzeiro,Supermercado,Daniel Mendes,André Santos,esporadico,2026-01,normal,
2749,Pizza Chapada 3,Barra do Piraquê,Pizzaria,Aline Almeida,Sérgio Gonçalves,mensal,2021-08,atrito,
2750,Pizza Jatobá,Monte Cravo,Pizzaria,Igor Bezerra,Amanda Machado,mensal,2025-12,normal,
2751,Casa de Refeições Lagoa Azul 2,Lagoa Vermelha do Norte,Restaurante,Aline Almeida,Sérgio Gonçalves,mensal,2025-12,normal,
2752,Casa de Refeições Dois Irmãos,Porto Bandeira,Restaurante,Adriana Xavier,Eduardo Cardoso,ciclico,2021-08,normal,
2753,Lanchonete Moinho 3,Itaquerê,Lanchonete,Gabriel Ferreira,André Santos,mensal,2021-08,atrito,
2754,Burger Pitanga,Quatro Cruzes,Hamburgueria,Sabrina Siqueira,Sérgio Oliveira,mensal,2021-08,atrito,
2755,Pizza Varanda,Vale Formoso do Norte,Pizzaria,Leandro Cunha,Amanda Machado,mensal,2025-02,atrito,
2756,Pizzaria Palmeira 2,Taquaruçu do Meio,Pizzaria,Kelly Santos,Eduardo Cardoso,mensal,2021-08,normal,
2757,Mercado Sol Nascente 2,São Braz do Campo,Minimercado,Emerson Carvalho,Eduardo Cardoso,ciclico,2021-08,atrito,
2758,Pizza Pinheiro 5,Ipê Sereno,Pizzaria,Cláudia Miranda,Mariana Cunha,mensal,2024-02,atrito,
2759,Casa de Refeições Pedra Alta 2,Monte Cravo,Restaurante,Paulo Correia,Eduardo Cardoso,esporadico,2021-08,atrito,
2760,Minimercado Quintal 4,Sertão Novo,Minimercado,Ricardo Teixeira,Sérgio Gonçalves,ciclico,2021-08,atrito,
2761,Sorveteria Moinho,Serra Cansada,Sorveteria,Letícia Ferreira,Sérgio Oliveira,mensal,2024-08,atrito,
2762,Restaurante Tamarindo 5,Xambrê,Restaurante,Cláudia Miranda,Mariana Cunha,mensal,2024-11,atrito,
2763,Sorveteria Olaria 3,Várzea Comprida,Sorveteria,Joana Medeiros,Vinícius Barbosa,mensal,2021-08,normal,
2764,Restaurante Xodó,Sertão Novo,Restaurante,Antônio Freitas,Vinícius Barbosa,mensal,2023-12,atrito,
2765,Açaí Nova Era 3,Várzea Comprida,Açaiteria,Wagner Martins,Amanda Machado,mensal,2021-08,normal,
2766,Pizza Tucano,Xambrê,Pizzaria,Aline Duarte,Sérgio Gonçalves,mensal,2022-08,normal,
2767,Padaria Bandeirante 5,Lagoa Vermelha do Norte,Padaria,Rodrigo Dias,Vinícius Barbosa,mensal,2022-01,atrito,
2768,Restaurante Cravo,Três Bicas,Restaurante,Aline Araújo,André Santos,mensal,2021-08,degrau,2025-06
2769,Mercado Tamarindo 3,Vila Aurora,Minimercado,Aline Duarte,Sérgio Gonçalves,mensal,2024-10,normal,
2770,Super Nascente 3,Tabuleiro Alto,Supermercado,Ricardo Teixeira,Sérgio Gonçalves,mensal,2022-03,parada,2025-06
2771,Mercado Juriti 3,Vista Alegre do Ipê,Minimercado,Aline Araújo,André Santos,mensal,2021-08,atrito,
2772,Hamburgueria Cravo 2,Pedra Molhada,Hamburgueria,Adriana Xavier,Eduardo Cardoso,esporadico,2023-05,normal,
2773,Loja Cravo 2,Itaquerê,Loja de Conveniência,Renata Cardoso,Sérgio Gonçalves,esporadico,2023-07,normal,
2774,Minimercado Pedra Alta 4,Olho d'Água Grande,Minimercado,Igor Bezerra,Amanda Machado,mensal,2021-08,atrito,
2775,Padaria e Confeitaria Figueira 3,Tabuleiro Alto,Padaria,Isabela Guimarães,André Santos,mensal,2021-08,atrito,
2776,Mercadinho Tucano 2,Ipê Sereno,Minimercado,Sandra Cardoso,André Santos,mensal,2023-02,atrito,
2777,Eventos Olaria,Santa Ilha,Buffet e Eventos,Gabriel Ferreira,André Santos,mensal,2021-12,normal,
2778,Casa de Refeições Flor de Sal 2,Várzea Comprida,Restaurante,Joana Medeiros,Vinícius Barbosa,mensal,2021-08,normal,
2779,Restaurante Dois Irmãos 3,Três Bicas,Restaurante,Aline Almeida,Sérgio Gonçalves,esporadico,2023-06,normal,
2780,Lanches Central 3,Encosta Nova,Lanchonete,Silvana Silva,Vinícius Barbosa,mensal,2024-09,atrito,
2781,Supermercado Trigal,Serra Cansada,Supermercado,Paulo Correia,Eduardo Cardoso,mensal,2021-08,sangramento,2025-04
2782,Minimercado Nova Era 4,Xambrê,Minimercado,Márcia Sales,Sérgio Oliveira,esporadico,2022-04,atrito,
2783,Casa de Refeições Rosa dos Ventos,Marimbondo,Restaurante,Wagner Braga,Sérgio Gonçalves,ciclico,2021-08,atrito,
2784,Casa de Refeições Pedra Alta 3,Bela Corrente,Restaurante,Helena Gonçalves,André Santos,esporadico,2022-05,normal,
2785,Loja Girassol 3,Ribeira Funda,Loja de Conveniência,Simone Maia,André Santos,esporadico,2022-04,normal,
2786,Hamburgueria Maré Alta 3,Xambrê,Hamburgueria,Wesley Lima,Sérgio Oliveira,mensal,2021-08,normal,
2787,Lanchonete Brisa 2,Vila Cascata,Lanchonete,Geraldo Cavalcanti,Mariana Cunha,esporadico,2021-08,atrito,
2788,Hamburgueria Ponte Velha 2,Guaraúna,Hamburgueria,Sandra Cardoso,André Santos,mensal,2021-08,sangramento,2025-07
2789,Pizza Encanto,Passo Ruivo,Pizzaria,Leandro Cunha,Amanda Machado,mensal,2025-10,normal,
2790,Açaí Esperança,Marimbondo,Açaiteria,Joana Medeiros,Vinícius Barbosa,mensal,2025-05,atrito,
2791,Hamburgueria Nascente 3,Vila Aurora,Hamburgueria,Igor Batista,Amanda Machado,mensal,2021-08,degrau,2026-01
2792,Panificadora Nascente 5,Cravinho do Sul,Padaria,André Batista,Sérgio Oliveira,esporadico,2024-12,normal,
2793,Conveniência Sempre Viva 2,Várzea Comprida,Loja de Conveniência,Joana Medeiros,Vinícius Barbosa,ciclico,2021-09,normal,
2794,Buffet Central,Nova Aurora do Vale,Buffet e Eventos,Raquel Barbosa,Amanda Machado,mensal,2023-05,normal,
2795,Pizzaria Cravo 2,Ribeira Funda,Pizzaria,Sandra Mendes,Sérgio Gonçalves,ciclico,2021-08,atrito,
2796,Padaria e Confeitaria Olaria 5,Monte Cravo,Padaria,Joana Medeiros,Vinícius Barbosa,mensal,2024-05,normal,
2797,Panificadora Paraíso,Passo Ruivo,Padaria,Vanessa Teixeira,Sérgio Gonçalves,mensal,2023-07,normal,
2798,Padaria e Confeitaria Raiz Forte,Barra do Piraquê,Padaria,Simone Maia,André Santos,mensal,2024-05,atrito,
2799,Loja Palmeira 3,Três Bicas,Loja de Conveniência,Adriana Ferreira,André Santos,ciclico,2021-08,atrito,
2800,Casa de Refeições Tucano 4,Porto Bandeira,Restaurante,Vanessa Teixeira,Sérgio Gonçalves,mensal,2023-12,atrito,
2801,Restaurante São Jorge 3,Tabuleiro Alto,Restaurante,Mauro Pacheco,Sérgio Oliveira,mensal,2025-12,normal,
2802,Burger São Jorge 2,Vila Aurora,Hamburgueria,Vanessa Teixeira,Sérgio Gonçalves,mensal,2022-01,normal,
2803,Padaria Pequi 3,Fonte Limeira,Padaria,Antônio Freitas,Vinícius Barbosa,mensal,2021-08,mix,2025-10
2804,Atacadão Aurora 2,Tabuleiro Alto,Atacadista,Juliana Xavier,Mariana Cunha,mensal,2024-12,normal,
2805,Minimercado Bela Vista 2,Santa Ilha,Minimercado,Isabela Guimarães,André Santos,mensal,2021-08,normal,
2806,Ponto do Lanche Sempre Viva 2,Vista Alegre do Ipê,Lanchonete,Raquel Barbosa,Amanda Machado,ciclico,2024-08,normal,
2807,Mercadinho Lagoa Azul 3,Alto Sereno,Minimercado,Kelly Carvalho,Sérgio Gonçalves,mensal,2021-08,normal,
2808,Mercadinho Ipê Roxo,Ribeira Funda,Minimercado,Murilo Alves,André Santos,esporadico,2021-08,normal,
2809,Restaurante Esperança,Vale Formoso do Norte,Restaurante,Silvana Santos,Mariana Cunha,mensal,2021-08,degrau,2025-10
2810,Padaria e Confeitaria Figueira 4,Tabuleiro Alto,Padaria,Wagner Braga,Sérgio Gonçalves,mensal,2021-08,degrau,2025-11
2811,Lanches Sol Nascente 2,Tabuleiro Alto,Lanchonete,Aline Pacheco,Mariana Cunha,mensal,2021-08,normal,
2812,Mercado Guarani 4,Ribeira Funda,Minimercado,Aline Andrade,Sérgio Gonçalves,esporadico,2021-08,atrito,
2813,Padaria e Confeitaria Tijuca Velha 3,Xambrê,Padaria,Elaine Lopes,Vinícius Barbosa,mensal,2025-08,normal,
2814,Lanches Porto Seguro Velho,Campo Ferrugem,Lanchonete,Paulo Correia,Eduardo Cardoso,esporadico,2024-10,atrito,
2815,Panificadora Central,Vista Alegre do Ipê,Padaria,Aline Pacheco,Mariana Cunha,mensal,2021-08,sangramento,2025-05
2816,Café Figueira,Guaraúna,Cafeteria,Marcos Almeida,Sérgio Oliveira,ciclico,2021-08,normal,
2817,Pizza Candeia 2,Serra Cansada,Pizzaria,Patrícia Braga,André Santos,mensal,2021-08,atrito,
2818,Supermercado Porto Seguro Velho 4,Serra Cansada,Supermercado,Yara Santos,Eduardo Cardoso,mensal,2026-03,normal,
2819,Burger Veredas,Alto Sereno,Hamburgueria,Aline Duarte,Sérgio Gonçalves,esporadico,2023-12,atrito,
2820,Hamburgueria Ipanema Velha,Três Bicas,Hamburgueria,Gustavo Vasconcelos,Amanda Machado,esporadico,2021-08,normal,
2821,Sorveteria Pedra Alta,São Braz do Campo,Sorveteria,Mariana Oliveira,Eduardo Cardoso,ciclico,2021-08,normal,
2822,Lanchonete Candeia 2,Marimbondo,Lanchonete,Kelly Carvalho,Sérgio Gonçalves,mensal,2023-06,normal,
2823,Mercadinho Paraíso 4,Xambrê,Minimercado,Wesley Siqueira,Amanda Machado,mensal,2024-12,atrito,
2824,Panificadora Ipanema Velha 2,Praia do Sino,Padaria,César Araújo,Vinícius Barbosa,ciclico,2021-08,normal,
2825,Atacado Fonte Nova,Cravinho do Sul,Atacadista,César Lopes,Mariana Cunha,mensal,2021-08,parada,2026-04
2826,Mercado Bandeirante 3,Nova Aurora do Vale,Minimercado,Simone Maia,André Santos,esporadico,2021-08,normal,
2827,Padaria Rosa dos Ventos 2,Alto Sereno,Padaria,Mauro Pacheco,Sérgio Oliveira,mensal,2021-08,atrito,
2828,Pizza Tucano 2,Vista Alegre do Ipê,Pizzaria,Juliana Xavier,Mariana Cunha,mensal,2024-03,atrito,
2829,Panificadora Ipanema Velha 3,Fonte Limeira,Padaria,César Araújo,Vinícius Barbosa,esporadico,2023-08,atrito,
2830,Cafeteria Horizonte,Tabuleiro Alto,Cafeteria,Aline Almeida,Sérgio Gonçalves,esporadico,2021-08,normal,
2831,Sorveteria Cerrado 2,Vale Formoso do Norte,Sorveteria,Vinícius Carvalho,Amanda Machado,mensal,2026-01,normal,
2832,Gelateria Sempre Viva 2,Lagoa Vermelha do Norte,Sorveteria,Silvana Santos,Mariana Cunha,esporadico,2024-10,atrito,
2833,Casa de Refeições Jacarandá 4,Porto Bandeira,Restaurante,Vinícius Siqueira,Eduardo Cardoso,mensal,2021-08,atrito,
2834,Burger Serrana 2,Vila Aurora,Hamburgueria,Juliana Xavier,Mariana Cunha,esporadico,2021-08,normal,
2835,Padaria Dois Irmãos 3,Piraquara do Oeste,Padaria,Wesley Siqueira,Amanda Machado,esporadico,2021-08,normal,
2836,Mercado Orquídea 3,Barra do Piraquê,Minimercado,Wagner Alves,Amanda Machado,esporadico,2023-08,normal,
2837,Loja Estrela 2,Barra do Piraquê,Loja de Conveniência,Patrícia Braga,André Santos,mensal,2021-08,parada,2025-06
2838,Lanches Candeia,Figueira Branca,Lanchonete,Leandro Cunha,Amanda Machado,mensal,2021-08,voltou,2025-11
2839,Cantina Farol 4,Palmeira Torta,Restaurante,André Batista,Sérgio Oliveira,mensal,2022-03,parada,2025-08
2840,Lanchonete Jacarandá 2,Barra do Piraquê,Lanchonete,Aline Pacheco,Mariana Cunha,ciclico,2025-11,normal,
2841,Mercado Dois Irmãos 3,Olho d'Água Grande,Minimercado,Patrícia Braga,André Santos,ciclico,2025-02,normal,
2842,Lanchonete Bom Retiro,Barra do Piraquê,Lanchonete,Adriana Xavier,Eduardo Cardoso,mensal,2022-03,mix,2026-01
2843,Sorveteria Rosa dos Ventos,Taquaruçu do Meio,Sorveteria,Emerson Pinheiro,Vinícius Barbosa,mensal,2021-08,normal,
2844,Ponto do Lanche Dois Irmãos 2,Piraquara do Oeste,Lanchonete,André Batista,Sérgio Oliveira,mensal,2021-08,sangramento,2025-04
2845,Lanches Ipê Roxo,Umbuzeiro,Lanchonete,Aline Duarte,Sérgio Gonçalves,mensal,2022-08,normal,
2846,Panificadora Sabor Real 4,Olho d'Água Grande,Padaria,Joana Medeiros,Vinícius Barbosa,mensal,2021-08,normal,
2847,Pizzaria Olaria 3,Encosta Nova,Pizzaria,Sandra Cardoso,André Santos,mensal,2024-11,atrito,
2848,Casa do Café Luar 2,Três Bicas,Cafeteria,João Cavalcanti,Eduardo Cardoso,mensal,2025-03,normal,
2849,Cantina Ipê Roxo,Passo Ruivo,Restaurante,Sandra Cardoso,André Santos,mensal,2022-01,normal,
2850,Restaurante Santa Clara,Ipê Sereno,Restaurante,Helena Gonçalves,André Santos,mensal,2021-08,atrito,
2851,Casa de Refeições Olaria 5,Alto Sereno,Restaurante,Igor Bezerra,Amanda Machado,ciclico,2021-08,atrito,
2852,Lanchonete São Jorge,Campo Ferrugem,Lanchonete,Letícia Ferreira,Sérgio Oliveira,esporadico,2026-03,normal,
2853,Supermercado Bom Retiro 2,Vila Cascata,Supermercado,Aline Duarte,Sérgio Gonçalves,mensal,2022-11,atrito,
2854,Panificadora São Jorge 4,Sertão Novo,Padaria,Adriana Xavier,Eduardo Cardoso,mensal,2022-09,normal,
2855,Atacado Pedra Alta,Praia do Sino,Atacadista,Ricardo Teixeira,Sérgio Gonçalves,ciclico,2021-08,normal,
2856,Pizza Ponte Velha 4,Encosta Nova,Pizzaria,Ricardo Teixeira,Sérgio Gonçalves,mensal,2021-08,atrito,
2857,Supermercado Ipê Roxo 3,Tabuleiro Alto,Supermercado,Isabela Lopes,Mariana Cunha,mensal,2024-11,normal,
2858,Super Aurora,Marimbondo,Supermercado,Lucas Braga,André Santos,esporadico,2021-08,normal,
2859,Mercado Quintal,Quatro Cruzes,Minimercado,Igor Bezerra,Amanda Machado,mensal,2021-08,atrito,
2860,Cantina Jacarandá 3,Xambrê,Restaurante,Wagner Braga,Sérgio Gonçalves,mensal,2024-03,normal,
2861,Casa de Refeições Luar 2,Pedra Molhada,Restaurante,César Araújo,Vinícius Barbosa,esporadico,2022-08,normal,
2862,Minimercado Serrana 3,Santa Ilha,Minimercado,Murilo Alves,André Santos,esporadico,2021-08,normal,
2863,Pizza Vila Nova,Taquaruçu do Meio,Pizzaria,Aline Duarte,Sérgio Gonçalves,mensal,2021-08,normal,
2864,Mercadinho Figueira 4,São Braz do Campo,Minimercado,Cláudia Correia,Vinícius Barbosa,mensal,2024-11,atrito,
2865,Cafeteria Nascente,Encosta Nova,Cafeteria,Kelly Santos,Eduardo Cardoso,mensal,2021-08,atrito,
2866,Sorveteria Varanda,Figueira Branca,Sorveteria,Joana Medeiros,Vinícius Barbosa,ciclico,2021-08,normal,
2867,Supermercado Varanda 3,Guaraúna,Supermercado,César Lopes,Mariana Cunha,esporadico,2021-08,atrito,
2868,Atacadão Dois Irmãos,Alto Sereno,Atacadista,Mariana Oliveira,Eduardo Cardoso,mensal,2021-08,atrito,
2869,Cantina Varanda 5,Ipê Sereno,Restaurante,Viviane Soares,Mariana Cunha,mensal,2021-08,normal,
2870,Cafeteria Aurora 2,Piraquara do Oeste,Cafeteria,Igor Bezerra,Amanda Machado,mensal,2021-08,normal,
2871,Casa de Refeições Figueira 2,Três Bicas,Restaurante,Gustavo Fonseca,Mariana Cunha,ciclico,2024-07,atrito,
2872,Panificadora Girassol 2,Vista Alegre do Ipê,Padaria,Raquel Barbosa,Amanda Machado,ciclico,2021-08,normal,
2873,Minimercado Palmeira 2,Tabuleiro Alto,Minimercado,Rodrigo Dias,Vinícius Barbosa,mensal,2022-06,normal,
2874,Burger Primavera 2,Xambrê,Hamburgueria,Sabrina Siqueira,Sérgio Oliveira,mensal,2021-08,sangramento,2025-08
2875,Mercado Veredas 2,Santa Ilha,Minimercado,Renata Cardoso,Sérgio Gonçalves,mensal,2021-08,normal,
2876,Padaria e Confeitaria Vale Verde 3,Figueira Branca,Padaria,Wagner Rodrigues,Mariana Cunha,mensal,2021-08,mix,2025-07
2877,Gelateria Santa Clara 2,Taquaruçu do Meio,Sorveteria,Fernanda Sampaio,Sérgio Gonçalves,esporadico,2021-08,normal,
2878,Supermercado Ipanema Velha 3,Vila Cascata,Supermercado,Wagner Braga,Sérgio Gonçalves,ciclico,2021-08,normal,
2879,Casa de Refeições Figueira 3,Porto Bandeira,Restaurante,Isabela Lopes,Mariana Cunha,mensal,2024-06,atrito,
2880,Padaria e Confeitaria Primavera 3,Cravinho do Sul,Padaria,Igor Bezerra,Amanda Machado,mensal,2023-02,normal,
2881,Restaurante Maracanã Velho 4,Lagoa Vermelha do Norte,Restaurante,Wagner Martins,Amanda Machado,ciclico,2022-01,normal,
2882,Mercadinho Sol Nascente,Figueira Branca,Minimercado,Ricardo Teixeira,Sérgio Gonçalves,mensal,2021-08,mix,2025-12
2883,Minimercado Orquídea 3,Praia do Sino,Minimercado,Ricardo Teixeira,Sérgio Gonçalves,esporadico,2024-04,atrito,
2884,Restaurante Bom Retiro 5,Palmeira Torta,Restaurante,Isabela Guimarães,André Santos,mensal,2022-02,atrito,
2885,Gelateria Ponte Velha 4,Piraquara do Oeste,Sorveteria,Cláudia Correia,Vinícius Barbosa,ciclico,2021-08,normal,
2886,Casa de Refeições Cascata 5,Riozinho Claro,Restaurante,César Araújo,Vinícius Barbosa,esporadico,2021-08,normal,
2887,Café Luar,Olho d'Água Grande,Cafeteria,Roberta Nogueira,André Santos,esporadico,2025-11,normal,
2888,Mercado Central 3,Tabuleiro Alto,Minimercado,Roberta Nogueira,André Santos,mensal,2024-01,atrito,
2889,Sorveteria Farol 3,Serra Cansada,Sorveteria,Helena Vieira,Amanda Machado,mensal,2021-08,mix,2025-12
2890,Eventos Ipê Roxo,Encosta Nova,Buffet e Eventos,André Cardoso,Vinícius Barbosa,mensal,2025-04,normal,
2891,Panificadora Jatobá 3,Sertão Novo,Padaria,Silvana Silva,Vinícius Barbosa,mensal,2021-08,normal,
2892,Padaria Sempre Viva 2,Serra Cansada,Padaria,César Araújo,Vinícius Barbosa,esporadico,2024-02,normal,
2893,Eventos Oliveira,Olho d'Água Grande,Buffet e Eventos,Wagner Alves,Amanda Machado,esporadico,2021-08,normal,
2894,Cafeteria Candeia,Porto Bandeira,Cafeteria,Helena Vieira,Amanda Machado,ciclico,2021-08,atrito,
2895,Pizzaria Vitória Régia 3,Piraquara do Oeste,Pizzaria,Kelly Carvalho,Sérgio Gonçalves,mensal,2025-10,normal,
2896,Conveniência Ouro Fino 2,Guaraúna,Loja de Conveniência,Aline Araújo,André Santos,mensal,2025-10,normal,
2897,Padaria e Confeitaria Umbu,Vila Cascata,Padaria,Juliana Xavier,Mariana Cunha,mensal,2022-05,normal,
2898,Super Ouro Fino 4,Nova Aurora do Vale,Supermercado,Aline Almeida,Sérgio Gonçalves,esporadico,2022-08,normal,
2899,Pizzaria Girassol,Marimbondo,Pizzaria,Rodrigo Dias,Vinícius Barbosa,mensal,2022-05,degrau,2026-02
2900,Mercadinho Estrela 4,Tabuleiro Alto,Minimercado,Raquel Barbosa,Amanda Machado,mensal,2022-04,normal,
2901,Atacado Candeia,Guaraúna,Atacadista,Jorge Sousa,Vinícius Barbosa,mensal,2023-02,normal,
2902,Minimercado Varanda 3,Lagoa Vermelha do Norte,Minimercado,Isabela Lopes,Mariana Cunha,esporadico,2025-11,normal,
2903,Minimercado Candeia 3,Três Bicas,Minimercado,Emerson Carvalho,Eduardo Cardoso,ciclico,2021-09,normal,
2904,Sorveteria Ouro Fino 2,Quatro Cruzes,Sorveteria,Aline Pacheco,Mariana Cunha,mensal,2021-08,normal,
2905,Mercado Olaria 3,Barra do Piraquê,Minimercado,Sandra Cardoso,André Santos,ciclico,2023-10,atrito,
2906,Loja Cravo 3,Porto Bandeira,Loja de Conveniência,Daniel Mendes,André Santos,mensal,2021-08,normal,
2907,Minimercado Lagoa Azul 3,Taquaruçu do Meio,Minimercado,Adriana Xavier,Eduardo Cardoso,mensal,2023-12,atrito,
2908,Mercado Jacarandá 3,Pedra Molhada,Minimercado,Aline Andrade,Sérgio Gonçalves,mensal,2021-08,normal,
2909,Mercado Rosa dos Ventos 2,Pedra Molhada,Minimercado,Ricardo Teixeira,Sérgio Gonçalves,mensal,2022-02,normal,
2910,Atacado Vale Verde,Barra do Piraquê,Atacadista,Flávio Lima,André Santos,esporadico,2021-08,normal,
2911,Casa do Café Quintal,Figueira Branca,Cafeteria,Vinícius Carvalho,Amanda Machado,mensal,2021-08,normal,
2912,Mercadinho Rio Claro 2,Serra Cansada,Minimercado,Aline Pacheco,Mariana Cunha,mensal,2023-12,atrito,
2913,Padaria São Jorge 4,Taquaruçu do Meio,Padaria,Gustavo Vasconcelos,Amanda Machado,mensal,2021-08,normal,
2914,Mercado Doce Lar 2,Taquaruçu do Meio,Minimercado,Igor Bezerra,Amanda Machado,mensal,2021-08,normal,
2915,Padaria Tijuca Velha 4,Lagoa Vermelha do Norte,Padaria,Simone Maia,André Santos,ciclico,2021-08,normal,
2916,Pizza Jacarandá 2,Porto Bandeira,Pizzaria,Wagner Braga,Sérgio Gonçalves,ciclico,2024-05,atrito,
2917,Buffet Esperança,Jaraguandu,Buffet e Eventos,Bruno Nogueira,Sérgio Oliveira,ciclico,2024-04,normal,
2918,Mercado Maré Alta 4,Vila Aurora,Minimercado,Débora Nunes,Sérgio Gonçalves,ciclico,2021-08,normal,
2919,Lanches Sempre Viva,Pedra Molhada,Lanchonete,Joana Medeiros,Vinícius Barbosa,mensal,2023-07,normal,
2920,Cafeteria Nova Era,Várzea Comprida,Cafeteria,Aline Pacheco,Mariana Cunha,ciclico,2021-12,atrito,
2921,Padaria Horizonte 3,Sertão Novo,Padaria,Daniel Mendes,André Santos,ciclico,2025-02,normal,
2922,Supermercado Luar,Vila Aurora,Supermercado,Wagner Rodrigues,Mariana Cunha,ciclico,2024-03,normal,
2923,Casa do Café Varanda 2,Campo Ferrugem,Cafeteria,Gustavo Vasconcelos,Amanda Machado,mensal,2021-08,normal,
2924,Minimercado Sossego 3,Pedra Molhada,Minimercado,Gabriel Ferreira,André Santos,mensal,2021-08,parada,2025-10
2925,Panificadora Flor de Sal 5,Fonte Limeira,Padaria,Aline Pacheco,Mariana Cunha,mensal,2023-01,normal,
2926,Padaria Cerrado,Pedra Molhada,Padaria,Sandra Mendes,Sérgio Gonçalves,esporadico,2021-08,normal,
2927,Minimercado Lagoa Azul 4,Tabuleiro Alto,Minimercado,Antônio Freitas,Vinícius Barbosa,ciclico,2021-08,normal,
2928,Minimercado Pedra Alta 5,Encosta Nova,Minimercado,Rafael Teixeira,Sérgio Oliveira,esporadico,2021-08,atrito,
2929,Casa de Refeições Guarani 3,Guaraúna,Restaurante,Igor Bezerra,Amanda Machado,mensal,2021-10,atrito,
2930,Restaurante Rio Claro 3,Campo Ferrugem,Restaurante,Igor Bezerra,Amanda Machado,mensal,2021-08,atrito,
2931,Casa do Café Mirante 3,São Braz do Campo,Cafeteria,Adriana Xavier,Eduardo Cardoso,mensal,2021-08,normal,
2932,Supermercado Cascata 3,Serra Cansada,Supermercado,João Cavalcanti,Eduardo Cardoso,mensal,2021-08,atrito,
2933,Mercadinho Cerrado,Bela Corrente,Minimercado,Helena Vieira,Amanda Machado,esporadico,2023-02,normal,
2934,Conveniência Juriti 2,Santa Ilha,Loja de Conveniência,Sandra Cardoso,André Santos,esporadico,2024-03,normal,
2935,Minimercado Dois Irmãos 4,Bela Corrente,Minimercado,Aline Pacheco,Mariana Cunha,mensal,2021-08,normal,
2936,Restaurante Cravo 2,Quatro Cruzes,Restaurante,Diego Martins,Sérgio Gonçalves,esporadico,2021-08,atrito,
2937,Conveniência Tamarindo,Guaraúna,Loja de Conveniência,Wagner Martins,Amanda Machado,ciclico,2026-02,normal,
2938,Lanchonete Doce Lar,Ipê Sereno,Lanchonete,Ricardo Teixeira,Sérgio Gonçalves,esporadico,2021-08,normal,
2939,Cantina Ouro Fino 3,Lagoa Vermelha do Norte,Restaurante,Marcos Almeida,Sérgio Oliveira,mensal,2021-08,parada,2025-12
2940,Padaria Sempre Viva 3,Riozinho Claro,Padaria,Aline Almeida,Sérgio Gonçalves,mensal,2021-08,normal,
2941,Padaria Juriti 3,Palmeira Torta,Padaria,Aline Almeida,Sérgio Gonçalves,mensal,2024-08,normal,
2942,Restaurante Flor de Sal 2,Encosta Nova,Restaurante,Bruno Nogueira,Sérgio Oliveira,esporadico,2021-08,atrito,
2943,Ponto do Lanche Veredas 4,Sertão Novo,Lanchonete,Wagner Rodrigues,Mariana Cunha,ciclico,2022-06,normal,
2944,Restaurante Maré Alta 3,Jaraguandu,Restaurante,Joana Medeiros,Vinícius Barbosa,mensal,2021-08,sangramento,2025-11
2945,Minimercado Lagoa Azul 5,Vale Formoso do Norte,Minimercado,Diego Martins,Sérgio Gonçalves,ciclico,2021-08,normal,
2946,Super Lagoa Azul 2,Vila Aurora,Supermercado,Helena Vieira,Amanda Machado,mensal,2021-08,mix,2026-02
2947,Buffet Cravo,Vista Alegre do Ipê,Buffet e Eventos,Aline Almeida,Sérgio Gonçalves,mensal,2021-08,normal,
2948,Panificadora Central 2,Santa Ilha,Padaria,Ricardo Teixeira,Sérgio Gonçalves,mensal,2025-05,atrito,
2949,Padaria e Confeitaria Jacarandá 3,Xambrê,Padaria,Sandra Cardoso,André Santos,mensal,2021-08,normal,
2950,Burger Xodó 2,Umbuzeiro,Hamburgueria,Emerson Carvalho,Eduardo Cardoso,ciclico,2026-03,normal,
2951,Panificadora Flor de Sal 6,Fonte Limeira,Padaria,Aline Duarte,Sérgio Gonçalves,mensal,2021-08,atrito,
2952,Restaurante Trigal 4,Jaraguandu,Restaurante,Ricardo Teixeira,Sérgio Gonçalves,mensal,2021-08,normal,
2953,Loja Maracanã Velho 5,Guaraúna,Loja de Conveniência,Nelson Nunes,Eduardo Cardoso,mensal,2023-10,normal,
2954,Padaria e Confeitaria Bom Retiro 3,Porto Bandeira,Padaria,Paulo Camargo,Eduardo Cardoso,esporadico,2021-08,normal,
2955,Conveniência Cravo,Encosta Nova,Loja de Conveniência,Débora Maia,Eduardo Cardoso,mensal,2024-01,atrito,
2956,Cafeteria Rio Claro 2,Riozinho Claro,Cafeteria,Emerson Carvalho,Eduardo Cardoso,mensal,2023-04,atrito,
2957,Minimercado Central 3,Nova Aurora do Vale,Minimercado,Cláudia Correia,Vinícius Barbosa,esporadico,2023-02,normal,
2958,Lanchonete Maré Alta 6,Barra do Piraquê,Lanchonete,Wesley Siqueira,Amanda Machado,mensal,2021-08,normal,
2959,Lanchonete Central 2,Taquaruçu do Meio,Lanchonete,Aline Andrade,Sérgio Gonçalves,mensal,2022-01,normal,
2960,Pizza Varanda 2,Quatro Cruzes,Pizzaria,Isabela Guimarães,André Santos,mensal,2025-10,normal,
2961,Atacadão Terra Boa 2,Sertão Novo,Atacadista,Débora Maia,Eduardo Cardoso,mensal,2021-08,normal,
2962,Ponto do Lanche Sempre Viva 3,Ipê Sereno,Lanchonete,Joana Medeiros,Vinícius Barbosa,mensal,2021-08,atrito,
2963,Minimercado Tijuca Velha,Pedra Molhada,Minimercado,Wagner Rodrigues,Mariana Cunha,mensal,2021-08,normal,
2964,Burger Brisa,Vila Aurora,Hamburgueria,Natália Almeida,Vinícius Barbosa,ciclico,2023-11,normal,
2965,Lanches Farol 3,Fonte Limeira,Lanchonete,Débora Faria,Mariana Cunha,mensal,2021-08,parada,2026-02
2966,Ponto do Lanche Vila Nova 4,Guaraúna,Lanchonete,Isabela Lopes,Mariana Cunha,mensal,2021-08,atrito,
2967,Restaurante Raiz Forte 2,Itaquerê,Restaurante,Aline Pacheco,Mariana Cunha,ciclico,2026-02,normal,
2968,Cafeteria Santa Clara 2,Sertão Novo,Cafeteria,Jorge Sousa,Vinícius Barbosa,mensal,2023-09,normal,
2969,Supermercado Palmeira 2,Monte Cravo,Supermercado,Flávio Nogueira,Sérgio Oliveira,esporadico,2021-08,normal,
2970,Cantina Juriti 5,Tabuleiro Alto,Restaurante,Murilo Alves,André Santos,esporadico,2021-08,normal,
2971,Restaurante Tijuca Velha 3,Porto Bandeira,Restaurante,Letícia Ferreira,Sérgio Oliveira,esporadico,2024-07,atrito,
2972,Mercadinho Bandeirante 5,Pedra Molhada,Minimercado,João Cavalcanti,Eduardo Cardoso,esporadico,2025-03,atrito,
2973,Panificadora Vila Nova 3,Santa Ilha,Padaria,Aline Pacheco,Mariana Cunha,ciclico,2021-08,normal,
2974,Padaria e Confeitaria Cravo 2,Sertão Novo,Padaria,Aline Pacheco,Mariana Cunha,ciclico,2021-08,atrito,
2975,Restaurante São Jorge 4,Lagoa Vermelha do Norte,Restaurante,Wesley Siqueira,Amanda Machado,ciclico,2021-08,normal,
2976,Loja Bom Retiro,Bela Corrente,Loja de Conveniência,Wagner Alves,Amanda Machado,esporadico,2021-08,normal,
2977,Lanchonete Sol Nascente 2,Santa Ilha,Lanchonete,Paulo Camargo,Eduardo Cardoso,mensal,2021-08,atrito,
2978,Mercadinho Jacarandá 3,Taquaruçu do Meio,Minimercado,Gabriel Ferreira,André Santos,mensal,2021-08,mix,2026-01
2979,Açaiteria Sol Nascente,Santa Ilha,Açaiteria,Letícia Ferreira,Sérgio Oliveira,mensal,2026-02,normal,
2980,Mercado Esperança 2,Santa Ilha,Minimercado,Jaqueline Alves,Sérgio Oliveira,mensal,2022-03,atrito,
2981,Cantina Dois Irmãos 4,Xambrê,Restaurante,Gustavo Vasconcelos,Amanda Machado,ciclico,2021-08,normal,
2982,Padaria Pinheiro 5,Vista Alegre do Ipê,Padaria,André Cardoso,Vinícius Barbosa,ciclico,2021-12,atrito,
2983,Sorveteria Ipanema Velha 3,Vale Formoso do Norte,Sorveteria,Sandra Mendes,Sérgio Gonçalves,mensal,2022-12,normal,
2984,Lanches Vale Verde 3,Figueira Branca,Lanchonete,Murilo Alves,André Santos,mensal,2025-05,normal,
2985,Burger Orquídea 2,Piraquara do Oeste,Hamburgueria,João Cavalcanti,Eduardo Cardoso,ciclico,2026-02,normal,
2986,Mercadinho Horizonte 3,Nova Aurora do Vale,Minimercado,Kelly Carvalho,Sérgio Gonçalves,mensal,2021-08,atrito,
2987,Pizzaria Terra Boa 2,Monte Cravo,Pizzaria,Viviane Soares,Mariana Cunha,mensal,2021-08,normal,
2988,Pizzaria Lagoa Azul 2,Ipê Sereno,Pizzaria,Wagner Rodrigues,Mariana Cunha,mensal,2021-08,normal,
2989,Padaria e Confeitaria Quintal 7,Lagoa Vermelha do Norte,Padaria,Mauro Pacheco,Sérgio Oliveira,ciclico,2025-10,normal,
2990,Padaria e Confeitaria Maracanã Velho 3,Praia do Sino,Padaria,Aline Araújo,André Santos,mensal,2021-08,voltou,2026-03
2991,Mercado Recanto 2,Ipê Sereno,Minimercado,Cláudia Correia,Vinícius Barbosa,esporadico,2021-08,normal,
2992,Pizzaria Tamarindo 3,Vila Cascata,Pizzaria,Joana Medeiros,Vinícius Barbosa,ciclico,2022-03,normal,
2993,Casa do Café Pequi 2,Pedra Molhada,Cafeteria,Yara Coelho,Sérgio Oliveira,ciclico,2025-10,normal,
2994,Restaurante Maré Alta 4,Palmeira Torta,Restaurante,Sandra Cardoso,André Santos,mensal,2023-10,normal,
2995,Padaria Ouro Fino 2,Figueira Branca,Padaria,Leandro Cunha,Amanda Machado,mensal,2025-06,normal,
2996,Mercadinho Chapada 5,Serra Cansada,Minimercado,Sandra Cardoso,André Santos,mensal,2021-08,normal,
2997,Padaria e Confeitaria Oliveira 2,Serra Cansada,Padaria,Silvana Silva,Vinícius Barbosa,mensal,2025-05,atrito,
2998,Padaria e Confeitaria Cravo 3,Bela Corrente,Padaria,Márcia Sales,Sérgio Oliveira,mensal,2021-08,normal,
2999,Restaurante Maré Alta 5,Taquaruçu do Meio,Restaurante,Aline Duarte,Sérgio Gonçalves,mensal,2022-06,normal,
3000,Minimercado Fonte Nova,Xambrê,Minimercado,Geraldo Cavalcanti,Mariana Cunha,esporadico,2024-08,atrito,
3001,Sorveteria Cerrado 3,Encosta Nova,Sorveteria,Kelly Santos,Eduardo Cardoso,mensal,2021-08,mix,2026-01
3002,Padaria e Confeitaria Paraíso 3,Alto Sereno,Padaria,Carlos Teixeira,Eduardo Cardoso,mensal,2021-08,voltou,2025-10
3003,Padaria Encanto 3,Taquaruçu do Meio,Padaria,Lucas Braga,André Santos,ciclico,2021-08,atrito,
3004,Supermercado Paraíso 5,Olho d'Água Grande,Supermercado,Renata Cardoso,Sérgio Gonçalves,ciclico,2023-05,normal,
3005,Restaurante Pedra Alta 3,Guaraúna,Restaurante,Igor Bezerra,Amanda Machado,mensal,2021-12,atrito,
3006,Lanchonete Tucano 5,Serra Cansada,Lanchonete,Patrícia Rezende,Mariana Cunha,ciclico,2024-01,normal,
3007,Hamburgueria Juriti,Pedra Molhada,Hamburgueria,Débora Nunes,Sérgio Gonçalves,ciclico,2021-08,normal,
3008,Pizzaria Veredas 4,Xambrê,Pizzaria,Cláudia Correia,Vinícius Barbosa,mensal,2021-08,degrau,2025-06
3009,Mercado Candeia 2,Jaraguandu,Minimercado,Wesley Lima,Sérgio Oliveira,mensal,2023-02,normal,
3010,Pizza Jatobá 2,Fonte Limeira,Pizzaria,Simone Maia,André Santos,mensal,2021-08,atrito,
3011,Pizzaria Cravo 3,Piraquara do Oeste,Pizzaria,Aline Almeida,Sérgio Gonçalves,mensal,2021-08,normal,
3012,Supermercado Trigal 2,Lagoa Vermelha do Norte,Supermercado,Sandra Cardoso,André Santos,ciclico,2021-08,normal,
3013,Lanchonete Vale Verde 2,Vista Alegre do Ipê,Lanchonete,Kelly Carvalho,Sérgio Gonçalves,mensal,2021-08,normal,
3014,Mercadinho Nascente,Palmeira Torta,Minimercado,Mauro Pacheco,Sérgio Oliveira,esporadico,2023-11,atrito,
3015,Super Chapada 4,Marimbondo,Supermercado,Gustavo Fonseca,Mariana Cunha,ciclico,2021-08,normal,
3016,Hamburgueria Nova Era,Riozinho Claro,Hamburgueria,Letícia Ferreira,Sérgio Oliveira,mensal,2021-08,sangramento,2025-06
3017,Pizzaria Olaria 4,Figueira Branca,Pizzaria,Emerson Pinheiro,Vinícius Barbosa,ciclico,2023-07,normal,
3018,Burger Bom Retiro 2,Vista Alegre do Ipê,Hamburgueria,Lucas Braga,André Santos,mensal,2022-05,atrito,
3019,Açaí Trigal,Alto Sereno,Açaiteria,Roberta Pinheiro,Amanda Machado,ciclico,2022-06,atrito,
3020,Panificadora Orquídea,Figueira Branca,Padaria,Débora Maia,Eduardo Cardoso,mensal,2021-08,normal,
3021,Hamburgueria Farol,Campo Ferrugem,Hamburgueria,Wagner Rodrigues,Mariana Cunha,mensal,2021-08,atrito,
3022,Lanchonete Terra Boa 2,Fonte Limeira,Lanchonete,Juliana Pinheiro,Sérgio Gonçalves,esporadico,2025-09,normal,
3023,Super Cravo 3,Ribeira Funda,Supermercado,Adriana Ferreira,André Santos,ciclico,2021-08,atrito,
3024,Panificadora Lagoa Azul 2,Jaraguandu,Padaria,Letícia Ferreira,Sérgio Oliveira,esporadico,2024-05,normal,
3025,Mercadinho Vila Nova 2,Vila Aurora,Minimercado,Sabrina Siqueira,Sérgio Oliveira,ciclico,2021-08,normal,
3026,Cantina Encanto 2,Umbuzeiro,Restaurante,Aline Araújo,André Santos,mensal,2023-02,atrito,
3027,Pizza Central,Várzea Comprida,Pizzaria,Cláudia Correia,Vinícius Barbosa,mensal,2021-08,atrito,
3028,Ponto do Lanche Trigal 3,Tabuleiro Alto,Lanchonete,André Batista,Sérgio Oliveira,mensal,2025-06,normal,
3029,Panificadora Tijuca Velha 3,Marimbondo,Padaria,Joana Medeiros,Vinícius Barbosa,ciclico,2021-08,normal,
3030,Panificadora Orquídea 2,Porto Bandeira,Padaria,Diego Martins,Sérgio Gonçalves,mensal,2023-06,normal,
3031,Mercadinho Doce Lar 2,Figueira Branca,Minimercado,Emerson Carvalho,Eduardo Cardoso,ciclico,2021-08,normal,
3032,Açaí Rio Claro,Umbuzeiro,Açaiteria,Igor Bezerra,Amanda Machado,esporadico,2021-08,atrito,
3033,Super Xodó 3,Ribeira Funda,Supermercado,Vanessa Teixeira,Sérgio Gonçalves,mensal,2021-08,normal,
3034,Padaria e Confeitaria Encanto 3,Três Bicas,Padaria,João Cavalcanti,Eduardo Cardoso,mensal,2021-08,parada,2026-04
3035,Mercado Figueira 3,Taquaruçu do Meio,Minimercado,Patrícia Rezende,Mariana Cunha,mensal,2025-09,normal,
3036,Super Paraíso 4,Umbuzeiro,Supermercado,Marcos Almeida,Sérgio Oliveira,mensal,2022-07,atrito,
3037,Ponto do Lanche Figueira,Barra do Piraquê,Lanchonete,Tatiane Sales,Mariana Cunha,mensal,2021-08,normal,
3038,Mercadinho Ponte Velha 2,Três Bicas,Minimercado,Ricardo Teixeira,Sérgio Gonçalves,mensal,2022-12,normal,
3039,Padaria e Confeitaria Varanda 2,Vila Aurora,Padaria,Sandra Cardoso,André Santos,mensal,2021-08,atrito,
3040,Padaria Farol 2,Serra Cansada,Padaria,Lucas Braga,André Santos,mensal,2024-09,atrito,
3041,Padaria Xodó 2,Jaraguandu,Padaria,Wagner Braga,Sérgio Gonçalves,mensal,2021-08,normal,
3042,Hamburgueria Cerrado 2,São Braz do Campo,Hamburgueria,Vanessa Teixeira,Sérgio Gonçalves,esporadico,2021-08,normal,
3043,Ponto do Lanche Tijuca Velha 3,Vila Cascata,Lanchonete,Wesley Siqueira,Amanda Machado,mensal,2021-08,parada,2025-08
3044,Pizza Moinho 2,Bela Corrente,Pizzaria,Sabrina Andrade,Vinícius Barbosa,mensal,2021-08,normal,
3045,Mercado Serrana 6,Umbuzeiro,Minimercado,Wagner Rodrigues,Mariana Cunha,ciclico,2021-08,normal,
3046,Pizza Sossego 2,Cravinho do Sul,Pizzaria,Sandra Cardoso,André Santos,ciclico,2024-05,atrito,
3047,Cantina Pedra Alta 3,Vila Cascata,Restaurante,Vinícius Siqueira,Eduardo Cardoso,mensal,2021-11,atrito,
3048,Restaurante Santa Clara 2,Lagoa Vermelha do Norte,Restaurante,Yara Santos,Eduardo Cardoso,mensal,2024-04,atrito,
3049,Hamburgueria Estrela,Nova Aurora do Vale,Hamburgueria,Aline Pacheco,Mariana Cunha,mensal,2025-03,normal,
3050,Minimercado Guarani,Várzea Comprida,Minimercado,Joana Medeiros,Vinícius Barbosa,mensal,2021-08,normal,
3051,Lanches Mirante 2,Campo Ferrugem,Lanchonete,Aline Duarte,Sérgio Gonçalves,mensal,2024-03,normal,
3052,Açaí Lagoa Azul,Três Bicas,Açaiteria,Patrícia Braga,André Santos,ciclico,2021-08,atrito,
3053,Minimercado Encanto 2,Alto Sereno,Minimercado,Adriana Xavier,Eduardo Cardoso,mensal,2021-08,normal,
3054,Padaria Sol Nascente 2,Figueira Branca,Padaria,Viviane Soares,Mariana Cunha,mensal,2021-08,parada,2025-12
3055,Sorveteria Tijuca Velha 3,Xambrê,Sorveteria,Kelly Carvalho,Sérgio Gonçalves,mensal,2021-08,normal,
3056,Padaria Candeia 4,Cravinho do Sul,Padaria,Aline Pacheco,Mariana Cunha,ciclico,2023-05,normal,
3057,Pizzaria Trigal 3,Nova Aurora do Vale,Pizzaria,Mariana Oliveira,Eduardo Cardoso,ciclico,2021-08,normal,
3058,Minimercado Veredas,Vista Alegre do Ipê,Minimercado,Aline Duarte,Sérgio Gonçalves,mensal,2021-08,normal,
3059,Padaria e Confeitaria Sempre Viva 3,Jaraguandu,Padaria,Mariana Oliveira,Eduardo Cardoso,mensal,2023-03,normal,
3060,Restaurante Vale Verde,Riozinho Claro,Restaurante,Mariana Oliveira,Eduardo Cardoso,ciclico,2021-08,normal,
3061,Mercadinho Pitanga 2,Encosta Nova,Minimercado,Letícia Ferreira,Sérgio Oliveira,ciclico,2021-08,normal,
3062,Sorveteria Horizonte,Campo Ferrugem,Sorveteria,Wagner Braga,Sérgio Gonçalves,esporadico,2021-08,atrito,
3063,Gelateria Lagoa Azul 3,Serra Cansada,Sorveteria,Murilo Alves,André Santos,mensal,2026-01,normal,
3064,Minimercado Jatobá 3,Praia do Sino,Minimercado,Emerson Pinheiro,Vinícius Barbosa,ciclico,2021-11,atrito,
3065,Casa do Café Jatobá,Três Bicas,Cafeteria,Marcos Almeida,Sérgio Oliveira,mensal,2021-08,parada,2025-08
3066,Restaurante Encanto 3,Vale Formoso do Norte,Restaurante,Igor Rodrigues,Eduardo Cardoso,mensal,2021-08,sangramento,2025-11
3067,Mercado Raiz Forte 3,Passo Ruivo,Minimercado,César Araújo,Vinícius Barbosa,esporadico,2021-08,normal,
3068,Mercadinho Ouro Fino 3,Piraquara do Oeste,Minimercado,Helena Vieira,Amanda Machado,ciclico,2021-08,normal,
3069,Café Jacarandá 3,Porto Bandeira,Cafeteria,Simone Maia,André Santos,ciclico,2023-05,normal,
3070,Padaria e Confeitaria Doce Lar 3,Palmeira Torta,Padaria,Marcos Almeida,Sérgio Oliveira,mensal,2021-08,normal,
3071,Pizzaria Guarani,Guaraúna,Pizzaria,Aline Pacheco,Mariana Cunha,mensal,2021-08,voltou,2025-12
3072,Casa de Refeições Porto Seguro Velho 3,Palmeira Torta,Restaurante,Simone Maia,André Santos,ciclico,2021-08,normal,
3073,Mercadinho Umbu,Alto Sereno,Minimercado,Wagner Martins,Amanda Machado,mensal,2021-08,normal,
3074,Padaria Cravo 3,Lagoa Vermelha do Norte,Padaria,Aline Araújo,André Santos,ciclico,2021-12,normal,
3075,Padaria e Confeitaria Encanto 4,Taquaruçu do Meio,Padaria,Gabriel Ferreira,André Santos,mensal,2023-12,normal,
3076,Restaurante Umbu 4,Encosta Nova,Restaurante,Paulo Correia,Eduardo Cardoso,mensal,2021-08,atrito,
3077,Pizzaria Orquídea,Santa Ilha,Pizzaria,Sandra Mendes,Sérgio Gonçalves,esporadico,2025-12,normal,
3078,Minimercado Farol 5,Três Bicas,Minimercado,Roberta Pinheiro,Amanda Machado,mensal,2021-08,degrau,2025-09
3079,Cantina Orquídea 2,Jaraguandu,Restaurante,Emerson Pinheiro,Vinícius Barbosa,esporadico,2022-02,normal,
3080,Supermercado Pinheiro 3,Vila Cascata,Supermercado,Gustavo Fonseca,Mariana Cunha,mensal,2025-06,normal,
3081,Supermercado Juriti 5,Xambrê,Supermercado,Flávio Nogueira,Sérgio Oliveira,ciclico,2023-04,normal,
3082,Café Capim Doce 2,Santa Ilha,Cafeteria,Adriana Xavier,Eduardo Cardoso,esporadico,2025-02,normal,
3083,Panificadora São Jorge 5,Bela Corrente,Padaria,Roberta Pinheiro,Amanda Machado,mensal,2025-11,normal,
3084,Gelateria Girassol 3,Olho d'Água Grande,Sorveteria,Wagner Alves,Amanda Machado,mensal,2021-08,normal,
3085,Gelateria Raiz Forte,Palmeira Torta,Sorveteria,Cláudia Correia,Vinícius Barbosa,mensal,2023-06,atrito,
3086,Supermercado Tucano 4,Vila Cascata,Supermercado,Vinícius Carvalho,Amanda Machado,ciclico,2021-08,atrito,
3087,Supermercado Santa Clara 4,Porto Bandeira,Supermercado,Antônio Freitas,Vinícius Barbosa,ciclico,2021-08,normal,
3088,Burger Central 2,Vila Cascata,Hamburgueria,Joana Medeiros,Vinícius Barbosa,mensal,2021-08,atrito,
3089,Atacado Ipê Roxo,Vista Alegre do Ipê,Atacadista,Adriana Xavier,Eduardo Cardoso,mensal,2024-07,atrito,
3090,Pizzaria Horizonte 3,Várzea Comprida,Pizzaria,Joana Medeiros,Vinícius Barbosa,esporadico,2025-01,atrito,
3091,Mercado Chapada 3,Sertão Novo,Minimercado,Igor Bezerra,Amanda Machado,mensal,2022-07,atrito,
3092,Sorveteria Orquídea 3,Itaquerê,Sorveteria,Wagner Braga,Sérgio Gonçalves,mensal,2021-08,atrito,
3093,Pizzaria Sempre Viva 3,Xambrê,Pizzaria,Vinícius Carvalho,Amanda Machado,mensal,2021-08,normal,
3094,Casa de Refeições Bandeirante 3,Vila Aurora,Restaurante,Flávio Nogueira,Sérgio Oliveira,esporadico,2022-09,normal,
3095,Mercadinho Ipê Roxo 2,Nova Aurora do Vale,Minimercado,Wagner Martins,Amanda Machado,mensal,2021-08,atrito,
3096,Cafeteria Serrana 4,Alto Sereno,Cafeteria,Helena Vieira,Amanda Machado,mensal,2024-11,atrito,
3097,Panificadora Ipanema Velha 4,Umbuzeiro,Padaria,Paulo Camargo,Eduardo Cardoso,esporadico,2025-11,normal,
3098,Lanches Cerrado 2,Riozinho Claro,Lanchonete,Roberta Pinheiro,Amanda Machado,mensal,2023-02,atrito,
3099,Padaria Santa Clara,Vila Aurora,Padaria,Wagner Braga,Sérgio Gonçalves,mensal,2023-12,normal,
3100,Padaria Esperança 5,Vale Formoso do Norte,Padaria,Gabriel Ferreira,André Santos,ciclico,2022-02,normal,
3101,Restaurante Olaria 3,Jaraguandu,Restaurante,Patrícia Braga,André Santos,mensal,2026-01,normal,
3102,Minimercado Capim Doce 6,Fonte Limeira,Minimercado,Helena Vieira,Amanda Machado,ciclico,2023-03,normal,
3103,Panificadora Orquídea 3,Tabuleiro Alto,Padaria,Isabela Guimarães,André Santos,mensal,2021-08,parada,2025-06
3104,Padaria e Confeitaria Orquídea 3,Xambrê,Padaria,Fernanda Sampaio,Sérgio Gonçalves,esporadico,2021-08,normal,
3105,Mercadinho Vitória Régia 5,Ribeira Funda,Minimercado,Marcos Bezerra,Amanda Machado,mensal,2024-05,normal,
3106,Casa de Refeições Mirante 2,Fonte Limeira,Restaurante,Viviane Soares,Mariana Cunha,esporadico,2021-08,normal,
3107,Pizza Rosa dos Ventos 5,Barra do Piraquê,Pizzaria,Wagner Alves,Amanda Machado,mensal,2021-08,degrau,2025-11
3108,Cantina Estrela 3,Ipê Sereno,Restaurante,Vanessa Teixeira,Sérgio Gonçalves,mensal,2021-08,normal,
3109,Mercadinho Candeia,Passo Ruivo,Minimercado,Joana Medeiros,Vinícius Barbosa,mensal,2023-08,normal,
3110,Açaiteria Dois Irmãos,Olho d'Água Grande,Açaiteria,Helena Vieira,Amanda Machado,mensal,2021-08,atrito,
3111,Açaiteria Maracanã Velho,Quatro Cruzes,Açaiteria,André Cardoso,Vinícius Barbosa,mensal,2022-02,normal,
3112,Casa do Café Esperança,Umbuzeiro,Cafeteria,Ricardo Teixeira,Sérgio Gonçalves,esporadico,2021-08,atrito,
3113,Lanchonete Rio Claro,Vista Alegre do Ipê,Lanchonete,Letícia Ferreira,Sérgio Oliveira,mensal,2021-08,atrito,
3114,Café Maré Alta 2,Alto Sereno,Cafeteria,Vanessa Teixeira,Sérgio Gonçalves,ciclico,2021-08,normal,
3115,Eventos Porto Seguro Velho,Porto Bandeira,Buffet e Eventos,Emerson Carvalho,Eduardo Cardoso,esporadico,2022-04,atrito,
3116,Pizzaria Figueira 6,Ipê Sereno,Pizzaria,Elaine Lopes,Vinícius Barbosa,mensal,2021-08,normal,
3117,Padaria e Confeitaria Figueira 5,São Braz do Campo,Padaria,Joana Medeiros,Vinícius Barbosa,mensal,2021-08,normal,
3118,Buffet Figueira,Tabuleiro Alto,Buffet e Eventos,Gabriel Ferreira,André Santos,mensal,2021-08,degrau,2025-06
3119,Padaria e Confeitaria Palmeira 2,Figueira Branca,Padaria,Silvana Santos,Mariana Cunha,ciclico,2021-11,atrito,
3120,Ponto do Lanche Brisa 2,Barra do Piraquê,Lanchonete,Daniel Mendes,André Santos,mensal,2021-08,normal,
3121,Lanches Pedra Alta,Alto Sereno,Lanchonete,Isabela Guimarães,André Santos,mensal,2024-07,normal,
3122,Mercadinho Girassol 4,Fonte Limeira,Minimercado,Aline Pacheco,Mariana Cunha,esporadico,2024-09,normal,
3123,Cafeteria Pequi,Riozinho Claro,Cafeteria,Vinícius Carvalho,Amanda Machado,esporadico,2021-08,normal,
3124,Minimercado Tijuca Velha 2,Umbuzeiro,Minimercado,Débora Nunes,Sérgio Gonçalves,esporadico,2021-08,atrito,
3125,Sorveteria Rosa dos Ventos 2,Porto Bandeira,Sorveteria,Paulo Correia,Eduardo Cardoso,ciclico,2021-08,atrito,
3126,Casa de Refeições Guarani 4,Riozinho Claro,Restaurante,Tatiane Sales,Mariana Cunha,mensal,2021-08,degrau,2025-11
3127,Mercado Jacarandá 4,Várzea Comprida,Minimercado,Vanessa Teixeira,Sérgio Gonçalves,mensal,2021-08,sangramento,2025-07
3128,Açaí Mirante,Riozinho Claro,Açaiteria,Letícia Ferreira,Sérgio Oliveira,mensal,2021-08,normal,
3129,Mercado Raiz Forte 4,Cravinho do Sul,Minimercado,Cláudia Miranda,Mariana Cunha,ciclico,2025-09,normal,
3130,Burger Vale Verde 2,Cravinho do Sul,Hamburgueria,Murilo Alves,André Santos,ciclico,2021-08,normal,
3131,Padaria Pinheiro 6,Pedra Molhada,Padaria,Renata Cardoso,Sérgio Gonçalves,esporadico,2021-08,normal,
3132,Minimercado Horizonte 6,Vila Aurora,Minimercado,Wagner Braga,Sérgio Gonçalves,ciclico,2023-05,atrito,
3133,Minimercado Candeia 4,Bela Corrente,Minimercado,Murilo Alves,André Santos,esporadico,2021-08,normal,
3134,Pizza Ipê Roxo 2,Piraquara do Oeste,Pizzaria,Paulo Correia,Eduardo Cardoso,mensal,2022-11,normal,
3135,Eventos Chapada,Barra do Piraquê,Buffet e Eventos,Wesley Siqueira,Amanda Machado,ciclico,2024-06,normal,
3136,Restaurante Moinho 2,Ribeira Funda,Restaurante,Débora Faria,Mariana Cunha,mensal,2025-06,normal,
3137,Casa do Café Esperança 2,Quatro Cruzes,Cafeteria,Gabriel Ferreira,André Santos,esporadico,2025-07,normal,
3138,Café Encanto 2,Quatro Cruzes,Cafeteria,Renata Cardoso,Sérgio Gonçalves,mensal,2021-08,atrito,
3139,Cafeteria Primavera 2,Santa Ilha,Cafeteria,Bruno Nogueira,Sérgio Oliveira,mensal,2023-01,normal,
3140,Restaurante Chapada 3,Encosta Nova,Restaurante,César Lopes,Mariana Cunha,esporadico,2021-08,atrito,
3141,Pizza Luar,Riozinho Claro,Pizzaria,Cláudia Miranda,Mariana Cunha,mensal,2023-08,atrito,
3142,Ponto do Lanche Bela Vista,Riozinho Claro,Lanchonete,Paulo Correia,Eduardo Cardoso,mensal,2021-08,atrito,
3143,Padaria Terra Boa 8,Lagoa Vermelha do Norte,Padaria,Sandra Cardoso,André Santos,ciclico,2025-10,normal,
3144,Padaria Rio Claro 3,Jaraguandu,Padaria,César Lopes,Mariana Cunha,mensal,2021-12,atrito,
3145,Açaí Bela Vista,Barra do Piraquê,Açaiteria,Débora Nunes,Sérgio Gonçalves,ciclico,2021-08,atrito,
3146,Cafeteria Cravo,Barra do Piraquê,Cafeteria,Helena Vieira,Amanda Machado,ciclico,2023-10,atrito,
3147,Sorveteria Pitanga,Piraquara do Oeste,Sorveteria,Wagner Alves,Amanda Machado,mensal,2026-02,normal,
3148,Panificadora Girassol 3,Encosta Nova,Padaria,Tatiane Sales,Mariana Cunha,mensal,2023-11,normal,
3149,Panificadora Girassol 4,Pedra Molhada,Padaria,Sabrina Siqueira,Sérgio Oliveira,mensal,2021-10,atrito,
3150,Minimercado Pinheiro 2,Vale Formoso do Norte,Minimercado,Tatiane Sales,Mariana Cunha,mensal,2021-08,parada,2025-12
3151,Lanches Dois Irmãos 2,Quatro Cruzes,Lanchonete,Cláudia Correia,Vinícius Barbosa,esporadico,2023-12,atrito,
3152,Pizzaria Sol Nascente,Itaquerê,Pizzaria,Daniel Mendes,André Santos,ciclico,2022-11,normal,
3153,Cafeteria Nascente 2,Vista Alegre do Ipê,Cafeteria,Daniel Mendes,André Santos,ciclico,2022-11,atrito,
3154,Lanchonete Tijuca Velha 2,Vale Formoso do Norte,Lanchonete,Helena Vieira,Amanda Machado,ciclico,2021-08,atrito,
3155,Mercadinho Paraíso 5,Xambrê,Minimercado,Tatiane Sales,Mariana Cunha,mensal,2021-08,voltou,2025-11
3156,Minimercado Serrana 4,Tabuleiro Alto,Minimercado,Cláudia Correia,Vinícius Barbosa,esporadico,2022-02,normal,
3157,Burger Ipanema Velha 3,Várzea Comprida,Hamburgueria,Roberta Pinheiro,Amanda Machado,mensal,2021-08,atrito,
3158,Minimercado Central 4,Piraquara do Oeste,Minimercado,Aline Duarte,Sérgio Gonçalves,mensal,2024-11,atrito,
3159,Super Primavera,Marimbondo,Supermercado,César Araújo,Vinícius Barbosa,esporadico,2022-05,normal,
3160,Supermercado Figueira,Jaraguandu,Supermercado,Joana Medeiros,Vinícius Barbosa,esporadico,2021-08,normal,
3161,Lanches Maré Alta,Vista Alegre do Ipê,Lanchonete,Joana Medeiros,Vinícius Barbosa,ciclico,2025-09,normal,
3162,Panificadora Nova Era 4,Porto Bandeira,Padaria,Gabriel Ferreira,André Santos,esporadico,2021-08,normal,
3163,Lanchonete Doce Lar 2,Praia do Sino,Lanchonete,Aline Duarte,Sérgio Gonçalves,esporadico,2022-04,atrito,
3164,Pizzaria Bom Retiro 2,Porto Bandeira,Pizzaria,Raquel Barbosa,Amanda Machado,mensal,2022-05,atrito,
3165,Gelateria Jatobá,Vista Alegre do Ipê,Sorveteria,André Cardoso,Vinícius Barbosa,mensal,2025-04,normal,
3166,Mercadinho Cascata 2,Jaraguandu,Minimercado,Helena Gonçalves,André Santos,ciclico,2021-08,atrito,
3167,Gelateria Quintal 4,Figueira Branca,Sorveteria,Wagner Braga,Sérgio Gonçalves,mensal,2025-04,normal,
3168,Ponto do Lanche Juriti,Ipê Sereno,Lanchonete,Igor Batista,Amanda Machado,esporadico,2024-07,normal,
3169,Atacado Doce Lar 2,Passo Ruivo,Atacadista,Aline Pacheco,Mariana Cunha,ciclico,2022-10,normal,
3170,Casa de Refeições Sol Nascente 3,Palmeira Torta,Restaurante,Wagner Braga,Sérgio Gonçalves,ciclico,2021-12,normal,
3171,Casa de Refeições Cascata 6,Porto Bandeira,Restaurante,Aline Araújo,André Santos,mensal,2024-04,normal,
3172,Pizzaria Olaria 5,Várzea Comprida,Pizzaria,Aline Andrade,Sérgio Gonçalves,ciclico,2021-08,normal,
3173,Minimercado Encanto 3,Monte Cravo,Minimercado,Aline Araújo,André Santos,ciclico,2023-03,atrito,
3174,Lanchonete Sol Nascente 3,Ribeira Funda,Lanchonete,Viviane Soares,Mariana Cunha,mensal,2021-08,atrito,
3175,Hamburgueria Pinheiro 3,Vista Alegre do Ipê,Hamburgueria,Cláudia Correia,Vinícius Barbosa,mensal,2022-07,atrito,
3176,Minimercado Serrana 5,Nova Aurora do Vale,Minimercado,Débora Nunes,Sérgio Gonçalves,ciclico,2021-08,atrito,
3177,Cafeteria Estrela 3,Quatro Cruzes,Cafeteria,Silvana Silva,Vinícius Barbosa,mensal,2021-08,normal,
3178,Atacadão Vitória Régia,Serra Cansada,Atacadista,Adriana Xavier,Eduardo Cardoso,mensal,2021-12,atrito,
3179,Cafeteria Figueira,Barra do Piraquê,Cafeteria,Mariana Oliveira,Eduardo Cardoso,ciclico,2021-08,normal,
3180,Panificadora Maracanã Velho 7,Vista Alegre do Ipê,Padaria,Lucas Braga,André Santos,mensal,2021-08,sangramento,2025-10
3181,Padaria Santa Clara 2,Vila Cascata,Padaria,Wagner Braga,Sérgio Gonçalves,ciclico,2021-08,normal,
3182,Atacadão Ipanema Velha,Olho d'Água Grande,Atacadista,Helena Vieira,Amanda Machado,esporadico,2021-08,normal,
3183,Hamburgueria Vila Nova 4,Ribeira Funda,Hamburgueria,Helena Vieira,Amanda Machado,mensal,2022-10,normal,
3184,Lanchonete Pinheiro 2,Várzea Comprida,Lanchonete,Carlos Teixeira,Eduardo Cardoso,mensal,2022-02,atrito,
3185,Pizza Mirante,Itaquerê,Pizzaria,Ricardo Teixeira,Sérgio Gonçalves,mensal,2025-08,normal,
3186,Padaria e Confeitaria Xodó 2,Fonte Limeira,Padaria,Raquel Ferreira,Vinícius Barbosa,mensal,2021-08,atrito,
3187,Super Trigal 2,Itaquerê,Supermercado,Helena Vieira,Amanda Machado,ciclico,2021-10,atrito,
3188,Restaurante Tijuca Velha 4,Serra Cansada,Restaurante,Rodrigo Dias,Vinícius Barbosa,mensal,2023-03,atrito,
3189,Mercado Pedra Alta 4,Umbuzeiro,Minimercado,Rodrigo Dias,Vinícius Barbosa,ciclico,2021-08,atrito,
3190,Mercado Cravo 2,Encosta Nova,Minimercado,Patrícia Braga,André Santos,mensal,2021-08,normal,
3191,Açaí Aurora 2,Olho d'Água Grande,Açaiteria,Wagner Braga,Sérgio Gonçalves,mensal,2025-05,atrito,
3192,Panificadora Tamarindo 3,Três Bicas,Padaria,Raquel Barbosa,Amanda Machado,mensal,2023-10,atrito,
3193,Café Brisa,Serra Cansada,Cafeteria,Letícia Ferreira,Sérgio Oliveira,mensal,2021-08,parada,2026-01
3194,Padaria e Confeitaria Rio Claro 2,Monte Cravo,Padaria,Bruno Nogueira,Sérgio Oliveira,esporadico,2021-08,normal,
3195,Panificadora Flor de Sal 7,Quatro Cruzes,Padaria,Aline Almeida,Sérgio Gonçalves,mensal,2022-02,normal,
3196,Padaria e Confeitaria Sol Nascente 4,Vale Formoso do Norte,Padaria,Renata Cardoso,Sérgio Gonçalves,mensal,2026-03,normal,
3197,Açaiteria Ponte Velha,Xambrê,Açaiteria,Geraldo Cavalcanti,Mariana Cunha,ciclico,2022-03,normal,
3198,Pizzaria Sempre Viva 4,Xambrê,Pizzaria,Silvana Andrade,Amanda Machado,mensal,2026-04,normal,
3199,Lanches Veredas,Campo Ferrugem,Lanchonete,Yara Coelho,Sérgio Oliveira,esporadico,2026-02,normal,
3200,Super Sempre Viva 2,Fonte Limeira,Supermercado,Yara Coelho,Sérgio Oliveira,mensal,2021-08,normal,
3201,Padaria Palmeira 5,Fonte Limeira,Padaria,Débora Faria,Mariana Cunha,mensal,2025-07,atrito,
3202,Minimercado Rosa dos Ventos 4,Marimbondo,Minimercado,Cláudia Correia,Vinícius Barbosa,esporadico,2022-10,normal,
3203,Super Moinho 3,Três Bicas,Supermercado,Helena Gonçalves,André Santos,ciclico,2026-04,normal,
3204,Padaria Ouro Fino 3,Jaraguandu,Padaria,Letícia Ferreira,Sérgio Oliveira,esporadico,2023-09,normal,
3205,Pizza Brisa 3,Tabuleiro Alto,Pizzaria,Wesley Siqueira,Amanda Machado,ciclico,2021-08,atrito,
3206,Gelateria Cerrado,Olho d'Água Grande,Sorveteria,César Lopes,Mariana Cunha,mensal,2021-08,normal,
3207,Padaria Recanto,Várzea Comprida,Padaria,Helena Vieira,Amanda Machado,mensal,2024-01,normal,
3208,Pizzaria Vitória Régia 4,Quatro Cruzes,Pizzaria,Bruno Nogueira,Sérgio Oliveira,mensal,2021-08,normal,
3209,Padaria Vila Nova 4,Itaquerê,Padaria,Letícia Ferreira,Sérgio Oliveira,ciclico,2021-08,normal,
3210,Padaria Pequi 4,Ipê Sereno,Padaria,Adriana Ferreira,André Santos,esporadico,2025-05,atrito,
3211,Sorveteria Encanto,Porto Bandeira,Sorveteria,César Araújo,Vinícius Barbosa,mensal,2022-05,atrito,
3212,Padaria e Confeitaria Brisa 3,Figueira Branca,Padaria,Helena Gonçalves,André Santos,ciclico,2024-03,normal,
3213,Ponto do Lanche Maré Alta 3,Sertão Novo,Lanchonete,Joana Medeiros,Vinícius Barbosa,mensal,2025-06,normal,
3214,Eventos Serrana 2,Vila Cascata,Buffet e Eventos,Bruno Nogueira,Sérgio Oliveira,mensal,2021-08,normal,
3215,Panificadora Bandeirante 3,Alto Sereno,Padaria,Jaqueline Alves,Sérgio Oliveira,ciclico,2023-10,normal,
3216,Burger Palmeira 2,Jaraguandu,Hamburgueria,Adriana Ferreira,André Santos,mensal,2022-08,normal,
3217,Padaria e Confeitaria Capim Doce 4,Xambrê,Padaria,Kelly Santos,Eduardo Cardoso,mensal,2024-03,atrito,
3218,Padaria e Confeitaria Fonte Nova 3,Itaquerê,Padaria,Rodrigo Dias,Vinícius Barbosa,esporadico,2023-07,normal,
3219,Casa do Café Jacarandá 3,Piraquara do Oeste,Cafeteria,Igor Rodrigues,Eduardo Cardoso,mensal,2021-08,normal,
3220,Ponto do Lanche Chapada 3,Palmeira Torta,Lanchonete,Igor Batista,Amanda Machado,mensal,2022-04,voltou,2026-01
3221,Minimercado Moinho 2,Três Bicas,Minimercado,Igor Bezerra,Amanda Machado,ciclico,2023-02,normal,
3222,Minimercado Girassol,Vila Aurora,Minimercado,Joana Medeiros,Vinícius Barbosa,mensal,2022-12,normal,
3223,Padaria e Confeitaria Cravo 4,Cravinho do Sul,Padaria,Sandra Cardoso,André Santos,esporadico,2024-03,normal,
3224,Cantina São Jorge 2,Marimbondo,Restaurante,Gabriel Ferreira,André Santos,ciclico,2023-04,atrito,
3225,Pizzaria Doce Lar 2,Barra do Piraquê,Pizzaria,Bruno Nogueira,Sérgio Oliveira,ciclico,2023-09,atrito,
3226,Restaurante Recanto 2,Barra do Piraquê,Restaurante,Marcos Bezerra,Amanda Machado,esporadico,2021-08,normal,
3227,Super Rosa dos Ventos 3,Praia do Sino,Supermercado,Silvana Andrade,Amanda Machado,mensal,2021-08,sangramento,2025-11
3228,Mercadinho Raiz Forte 6,Figueira Branca,Minimercado,Márcia Sales,Sérgio Oliveira,mensal,2021-11,atrito,
3229,Ponto do Lanche Bandeirante 2,Várzea Comprida,Lanchonete,Kelly Carvalho,Sérgio Gonçalves,esporadico,2021-08,normal,
3230,Açaiteria Umbu,Três Bicas,Açaiteria,Sandra Mendes,Sérgio Gonçalves,mensal,2022-03,atrito,
3231,Mercado Ipanema Velha,Sertão Novo,Minimercado,Aline Pacheco,Mariana Cunha,mensal,2022-06,atrito,
3232,Minimercado Trigal 2,Itaquerê,Minimercado,Aline Pacheco,Mariana Cunha,mensal,2024-03,atrito,
3233,Pizza Raiz Forte 2,Vista Alegre do Ipê,Pizzaria,Rafael Teixeira,Sérgio Oliveira,esporadico,2021-08,atrito,
3234,Panificadora Umbu 5,Riozinho Claro,Padaria,Roberta Pinheiro,Amanda Machado,esporadico,2021-08,atrito,
3235,Restaurante Nascente 2,Encosta Nova,Restaurante,Emerson Carvalho,Eduardo Cardoso,mensal,2021-08,mix,2026-02
3236,Padaria Vitória Régia 5,Alto Sereno,Padaria,Aline Duarte,Sérgio Gonçalves,mensal,2024-07,atrito,
3237,Panificadora São Jorge 6,Pedra Molhada,Padaria,Wagner Martins,Amanda Machado,esporadico,2021-08,normal,
3238,Gelateria Serrana 2,Nova Aurora do Vale,Sorveteria,Aline Pacheco,Mariana Cunha,ciclico,2021-08,normal,
3239,Casa de Refeições Oliveira 4,Barra do Piraquê,Restaurante,Helena Vieira,Amanda Machado,esporadico,2023-11,atrito,
3240,Conveniência Cerrado,Pedra Molhada,Loja de Conveniência,Juliana Pinheiro,Sérgio Gonçalves,ciclico,2021-08,normal,
3241,Pizzaria Porto Seguro Velho 2,Vale Formoso do Norte,Pizzaria,Gustavo Vasconcelos,Amanda Machado,esporadico,2021-08,normal,
3242,Minimercado Cravo 5,Figueira Branca,Minimercado,Igor Bezerra,Amanda Machado,mensal,2025-07,atrito,
3243,Padaria e Confeitaria Serrana 3,Ipê Sereno,Padaria,Cláudia Correia,Vinícius Barbosa,ciclico,2021-10,normal,
3244,Supermercado Horizonte 3,Lagoa Vermelha do Norte,Supermercado,Natália Almeida,Vinícius Barbosa,mensal,2021-08,voltou,2026-03
3245,Casa de Refeições Palmeira 4,Taquaruçu do Meio,Restaurante,Bruno Nogueira,Sérgio Oliveira,ciclico,2023-02,normal,
3246,Minimercado Paraíso,Lagoa Vermelha do Norte,Minimercado,Yara Santos,Eduardo Cardoso,mensal,2023-06,normal,
3247,Padaria e Confeitaria Jatobá 5,Ribeira Funda,Padaria,Raquel Ferreira,Vinícius Barbosa,ciclico,2021-08,atrito,
3248,Minimercado Chapada 2,Fonte Limeira,Minimercado,Mauro Pacheco,Sérgio Oliveira,mensal,2021-08,sangramento,2025-08
3249,Minimercado Ipê Roxo 3,Vale Formoso do Norte,Minimercado,Gabriel Ferreira,André Santos,esporadico,2025-07,normal,
3250,Pizzaria Tijuca Velha 3,Bela Corrente,Pizzaria,Marcos Almeida,Sérgio Oliveira,esporadico,2021-08,normal,
3251,Padaria Pedra Alta,Santa Ilha,Padaria,Vinícius Carvalho,Amanda Machado,ciclico,2021-08,normal,
3252,Mercado Rio Claro 5,Porto Bandeira,Minimercado,Vinícius Carvalho,Amanda Machado,mensal,2021-08,atrito,
3253,Pizza Tucano 3,Taquaruçu do Meio,Pizzaria,Antônio Freitas,Vinícius Barbosa,mensal,2023-08,atrito,
3254,Restaurante Maracanã Velho 5,Vila Aurora,Restaurante,Paulo Camargo,Eduardo Cardoso,mensal,2021-08,atrito,
3255,Padaria e Confeitaria Flor de Sal 2,Guaraúna,Padaria,Emerson Pinheiro,Vinícius Barbosa,mensal,2022-02,normal,
3256,Pizzaria Pinheiro 5,Ribeira Funda,Pizzaria,Marcos Almeida,Sérgio Oliveira,esporadico,2021-08,normal,
3257,Mercadinho Girassol 5,Taquaruçu do Meio,Minimercado,Wagner Martins,Amanda Machado,mensal,2021-08,sangramento,2025-12
3258,Mercado Ouro Fino 3,Alto Sereno,Minimercado,Cláudia Miranda,Mariana Cunha,mensal,2022-03,mix,2026-01
3259,Lanches Rosa dos Ventos,Vila Aurora,Lanchonete,Wesley Lima,Sérgio Oliveira,mensal,2022-01,normal,
3260,Casa de Refeições Nova Era 2,Vista Alegre do Ipê,Restaurante,Mauro Pacheco,Sérgio Oliveira,ciclico,2023-08,normal,
3261,Restaurante Horizonte 3,Marimbondo,Restaurante,Vanessa Teixeira,Sérgio Gonçalves,ciclico,2021-09,normal,
3262,Panificadora Maré Alta 5,Serra Cansada,Padaria,Silvana Andrade,Amanda Machado,mensal,2022-07,mix,2026-02
3263,Pizzaria Horizonte 4,Figueira Branca,Pizzaria,Sandra Cardoso,André Santos,mensal,2023-11,atrito,
3264,Café Vitória Régia 2,Campo Ferrugem,Cafeteria,Patrícia Rezende,Mariana Cunha,mensal,2021-08,normal,
3265,Super Farol 2,Quatro Cruzes,Supermercado,Cláudia Correia,Vinícius Barbosa,mensal,2021-08,normal,
3266,Mercadinho Rosa dos Ventos 3,Sertão Novo,Minimercado,Murilo Alves,André Santos,esporadico,2021-08,atrito,
3267,Pizza Nova Era 3,Encosta Nova,Pizzaria,Wagner Braga,Sérgio Gonçalves,ciclico,2021-08,atrito,
3268,Padaria Girassol 3,Pedra Molhada,Padaria,Adriana Xavier,Eduardo Cardoso,ciclico,2024-04,normal,
3269,Lanches Girassol 4,Palmeira Torta,Lanchonete,Joana Medeiros,Vinícius Barbosa,ciclico,2021-08,normal,
3270,Hamburgueria Nova Era 2,Marimbondo,Hamburgueria,Aline Duarte,Sérgio Gonçalves,mensal,2021-11,degrau,2025-12
3271,Minimercado Juriti,Santa Ilha,Minimercado,Débora Nunes,Sérgio Gonçalves,mensal,2026-04,normal,
3272,Lanchonete Ipanema Velha 3,Guaraúna,Lanchonete,Geraldo Cavalcanti,Mariana Cunha,esporadico,2021-08,normal,
3273,Super Sempre Viva 3,Marimbondo,Supermercado,Débora Maia,Eduardo Cardoso,mensal,2021-08,voltou,2026-01
3274,Cafeteria Bom Retiro 2,Ribeira Funda,Cafeteria,Jaqueline Alves,Sérgio Oliveira,mensal,2025-01,atrito,
3275,Lanches Palmeira 3,Itaquerê,Lanchonete,Aline Pacheco,Mariana Cunha,mensal,2026-04,normal,
3276,Supermercado Oliveira 2,Três Bicas,Supermercado,Vanessa Teixeira,Sérgio Gonçalves,mensal,2021-08,atrito,
3277,Pizza Nascente 2,Quatro Cruzes,Pizzaria,Sandra Cardoso,André Santos,ciclico,2021-08,normal,
3278,Lanchonete Guarani 2,Várzea Comprida,Lanchonete,Flávio Lima,André Santos,mensal,2021-08,atrito,
3279,Super Raiz Forte 2,Vista Alegre do Ipê,Supermercado,João Cavalcanti,Eduardo Cardoso,ciclico,2025-01,atrito,
3280,Mercadinho Brisa 2,Praia do Sino,Minimercado,Tatiane Sales,Mariana Cunha,mensal,2026-02,normal,
3281,Pizzaria Flor de Sal 3,Serra Cansada,Pizzaria,Vanessa Teixeira,Sérgio Gonçalves,esporadico,2021-08,atrito,
3282,Padaria e Confeitaria São Jorge 3,Figueira Branca,Padaria,César Lopes,Mariana Cunha,ciclico,2021-08,atrito,
3283,Panificadora Dois Irmãos 5,Vista Alegre do Ipê,Padaria,Mauro Pacheco,Sérgio Oliveira,mensal,2022-08,normal,
3284,Casa do Café Bandeirante,Porto Bandeira,Cafeteria,Raquel Barbosa,Amanda Machado,esporadico,2024-05,normal,
3285,Açaiteria Girassol,Xambrê,Açaiteria,Aline Andrade,Sérgio Gonçalves,mensal,2023-01,atrito,
3286,Lanchonete Pequi 2,Olho d'Água Grande,Lanchonete,Wagner Martins,Amanda Machado,esporadico,2022-02,atrito,
3287,Mercado Vale Verde 2,Vista Alegre do Ipê,Minimercado,Adriana Xavier,Eduardo Cardoso,esporadico,2021-08,atrito,
3288,Panificadora Moinho 4,Figueira Branca,Padaria,César Araújo,Vinícius Barbosa,ciclico,2024-05,atrito,
3289,Cantina Pequi 3,Lagoa Vermelha do Norte,Restaurante,Patrícia Rezende,Mariana Cunha,esporadico,2024-04,normal,
3290,Padaria Sol Nascente 3,Várzea Comprida,Padaria,Aline Duarte,Sérgio Gonçalves,mensal,2021-08,normal,
3291,Padaria Paraíso 6,Vila Cascata,Padaria,Sabrina Siqueira,Sérgio Oliveira,mensal,2023-01,normal,
3292,Mercadinho Tamarindo 2,Santa Ilha,Minimercado,Kelly Santos,Eduardo Cardoso,mensal,2021-12,normal,
3293,Super Palmeira 2,Tabuleiro Alto,Supermercado,Wagner Alves,Amanda Machado,mensal,2025-09,normal,
3294,Mercado Bom Retiro,Praia do Sino,Minimercado,Ricardo Teixeira,Sérgio Gonçalves,mensal,2021-08,normal,
3295,Ponto do Lanche Jatobá 2,Cravinho do Sul,Lanchonete,César Araújo,Vinícius Barbosa,mensal,2021-08,normal,
3296,Café Lagoa Azul 3,Lagoa Vermelha do Norte,Cafeteria,Márcia Sales,Sérgio Oliveira,mensal,2025-01,atrito,
3297,Panificadora Farol,Palmeira Torta,Padaria,Wagner Martins,Amanda Machado,mensal,2021-08,normal,
3298,Casa de Refeições Nova Era 3,Olho d'Água Grande,Restaurante,Ricardo Teixeira,Sérgio Gonçalves,mensal,2026-04,normal,
3299,Lanches Sabor Real,Marimbondo,Lanchonete,Vinícius Carvalho,Amanda Machado,ciclico,2026-02,normal,
3300,Atacado Bandeirante,Nova Aurora do Vale,Atacadista,Daniel Mendes,André Santos,ciclico,2021-08,normal,
3301,Mercadinho Moinho 9,Guaraúna,Minimercado,Roberta Nogueira,André Santos,mensal,2021-08,sangramento,2025-09
3302,Padaria e Confeitaria Serrana 4,Campo Ferrugem,Padaria,Flávio Lima,André Santos,mensal,2021-08,normal,
3303,Eventos Horizonte,Jaraguandu,Buffet e Eventos,Igor Bezerra,Amanda Machado,esporadico,2022-03,normal,
3304,Cafeteria Bela Vista,Barra do Piraquê,Cafeteria,Vanessa Teixeira,Sérgio Gonçalves,ciclico,2021-08,normal,
3305,Supermercado Jacarandá 5,Vale Formoso do Norte,Supermercado,Rafael Teixeira,Sérgio Oliveira,esporadico,2022-12,normal,
3306,Supermercado Vitória Régia 3,Ipê Sereno,Supermercado,Sandra Mendes,Sérgio Gonçalves,mensal,2026-01,normal,
3307,Restaurante Central,Taquaruçu do Meio,Restaurante,Carlos Teixeira,Eduardo Cardoso,mensal,2023-12,atrito,
3308,Hamburgueria Sabor Real 2,Serra Cansada,Hamburgueria,Juliana Xavier,Mariana Cunha,esporadico,2024-10,atrito,
3309,Ponto do Lanche Pinheiro 2,Figueira Branca,Lanchonete,Cláudia Correia,Vinícius Barbosa,mensal,2025-10,normal,
3310,Gelateria Vale Verde 2,Bela Corrente,Sorveteria,André Batista,Sérgio Oliveira,ciclico,2023-05,atrito,
3311,Restaurante Flor de Sal 3,São Braz do Campo,Restaurante,Márcia Sales,Sérgio Oliveira,esporadico,2023-06,normal,
3312,Cantina Veredas 3,Olho d'Água Grande,Restaurante,César Araújo,Vinícius Barbosa,mensal,2021-08,atrito,
3313,Loja Farol 3,Bela Corrente,Loja de Conveniência,Patrícia Rezende,Mariana Cunha,ciclico,2023-02,normal,
3314,Padaria Veredas 4,Nova Aurora do Vale,Padaria,Diego Martins,Sérgio Gonçalves,esporadico,2022-06,normal,
3315,Pizza Tamarindo 2,Alto Sereno,Pizzaria,Vanessa Teixeira,Sérgio Gonçalves,mensal,2023-10,atrito,
3316,Mercadinho Tucano 3,Umbuzeiro,Minimercado,Elaine Lopes,Vinícius Barbosa,mensal,2021-08,normal,
3317,Lanchonete Olaria 2,Cravinho do Sul,Lanchonete,Igor Bezerra,Amanda Machado,ciclico,2024-02,normal,
3318,Mercado Sempre Viva 2,Vista Alegre do Ipê,Minimercado,Vinícius Carvalho,Amanda Machado,mensal,2021-08,atrito,
3319,Burger Doce Lar 2,Alto Sereno,Hamburgueria,Sandra Cardoso,André Santos,esporadico,2021-08,normal,
3320,Casa de Refeições Rosa dos Ventos 2,Vista Alegre do Ipê,Restaurante,Aline Araújo,André Santos,mensal,2023-01,atrito,
3321,Café Fonte Nova 2,Cravinho do Sul,Cafeteria,Lucas Braga,André Santos,mensal,2021-08,normal,
3322,Restaurante Maré Alta 6,Olho d'Água Grande,Restaurante,César Lopes,Mariana Cunha,mensal,2023-11,normal,
3323,Super Juriti 2,Palmeira Torta,Supermercado,Gabriel Ferreira,André Santos,mensal,2021-08,atrito,
3324,Sorveteria Varanda 2,Sertão Novo,Sorveteria,Murilo Alves,André Santos,mensal,2021-08,normal,
3325,Ponto do Lanche Paraíso 4,Guaraúna,Lanchonete,Marcos Bezerra,Amanda Machado,ciclico,2026-03,normal,
3326,Ponto do Lanche Doce Lar,Pedra Molhada,Lanchonete,Joana Medeiros,Vinícius Barbosa,ciclico,2021-08,atrito,
3327,Açaiteria Guarani 2,Três Bicas,Açaiteria,Aline Duarte,Sérgio Gonçalves,esporadico,2021-08,atrito,
3328,Padaria Orquídea 3,Itaquerê,Padaria,Simone Maia,André Santos,mensal,2021-08,normal,
3329,Mercadinho Brisa 3,Vale Formoso do Norte,Minimercado,Wagner Braga,Sérgio Gonçalves,mensal,2021-08,normal,
3330,Conveniência Vitória Régia,Itaquerê,Loja de Conveniência,Aline Duarte,Sérgio Gonçalves,mensal,2021-08,parada,2025-11
3331,Padaria e Confeitaria Terra Boa 3,Quatro Cruzes,Padaria,Wesley Lima,Sérgio Oliveira,mensal,2022-09,normal,
3332,Café Lagoa Azul 4,Alto Sereno,Cafeteria,Murilo Alves,André Santos,esporadico,2021-08,atrito,
3333,Açaiteria Aurora,Lagoa Vermelha do Norte,Açaiteria,Yara Santos,Eduardo Cardoso,ciclico,2021-08,normal,
3334,Loja Jatobá 3,Umbuzeiro,Loja de Conveniência,Joana Medeiros,Vinícius Barbosa,mensal,2022-02,atrito,
3335,Restaurante Porto Seguro Velho 2,Nova Aurora do Vale,Restaurante,Letícia Ferreira,Sérgio Oliveira,mensal,2022-03,normal,
3336,Pizza Veredas,Encosta Nova,Pizzaria,André Cardoso,Vinícius Barbosa,mensal,2023-03,normal,
3337,Padaria Quintal 2,Fonte Limeira,Padaria,Rodrigo Dias,Vinícius Barbosa,esporadico,2021-08,normal,
3338,Burger Sossego 2,Monte Cravo,Hamburgueria,Mauro Pacheco,Sérgio Oliveira,ciclico,2021-08,normal,
3339,Super Figueira 4,Taquaruçu do Meio,Supermercado,Sabrina Andrade,Vinícius Barbosa,mensal,2021-12,voltou,2025-10
3340,Mercado Lagoa Azul 2,Várzea Comprida,Minimercado,Silvana Andrade,Amanda Machado,mensal,2021-08,sangramento,2025-10
3341,Minimercado Vila Nova 3,Umbuzeiro,Minimercado,Letícia Ferreira,Sérgio Oliveira,mensal,2023-09,normal,
3342,Mercado Palmeira 4,Taquaruçu do Meio,Minimercado,Wesley Lima,Sérgio Oliveira,mensal,2024-12,normal,
3343,Supermercado Ouro Fino 2,Cravinho do Sul,Supermercado,Joana Medeiros,Vinícius Barbosa,mensal,2024-10,atrito,
3344,Restaurante Encanto 4,Santa Ilha,Restaurante,Daniel Mendes,André Santos,esporadico,2021-08,normal,
3345,Mercadinho Rosa dos Ventos 4,Passo Ruivo,Minimercado,Rafael Teixeira,Sérgio Oliveira,esporadico,2023-03,normal,
3346,Mercadinho Cerrado 2,Vale Formoso do Norte,Minimercado,Wagner Rodrigues,Mariana Cunha,mensal,2021-08,atrito,
3347,Mercadinho Varanda 3,Alto Sereno,Minimercado,Patrícia Rezende,Mariana Cunha,esporadico,2021-08,atrito,
3348,Padaria Vila Nova 5,Vila Aurora,Padaria,Tatiane Sales,Mariana Cunha,esporadico,2021-08,normal,
3349,Ponto do Lanche Girassol 3,São Braz do Campo,Lanchonete,Tatiane Sales,Mariana Cunha,esporadico,2024-10,atrito,
3350,Sorveteria Flor de Sal 2,Nova Aurora do Vale,Sorveteria,Adriana Xavier,Eduardo Cardoso,mensal,2023-06,normal,
3351,Padaria e Confeitaria Sempre Viva 4,Figueira Branca,Padaria,Nelson Nunes,Eduardo Cardoso,mensal,2021-08,normal,
3352,Ponto do Lanche Jatobá 3,Vila Aurora,Lanchonete,Igor Bezerra,Amanda Machado,mensal,2021-08,normal,
3353,Mercado Brisa 3,Nova Aurora do Vale,Minimercado,Flávio Nogueira,Sérgio Oliveira,esporadico,2022-09,normal,
3354,Padaria e Confeitaria Lagoa Azul 2,Passo Ruivo,Padaria,Sabrina Andrade,Vinícius Barbosa,mensal,2023-12,atrito,
3355,Supermercado Dois Irmãos,Nova Aurora do Vale,Supermercado,Nelson Nunes,Eduardo Cardoso,esporadico,2021-08,atrito,
3356,Gelateria Veredas 2,Encosta Nova,Sorveteria,Bruno Nogueira,Sérgio Oliveira,mensal,2021-08,normal,
3357,Hamburgueria Mirante 4,Barra do Piraquê,Hamburgueria,Sabrina Siqueira,Sérgio Oliveira,ciclico,2021-08,atrito,
3358,Gelateria Quintal 5,Taquaruçu do Meio,Sorveteria,César Araújo,Vinícius Barbosa,mensal,2021-11,atrito,
3359,Minimercado Figueira 2,Passo Ruivo,Minimercado,Gabriel Ferreira,André Santos,mensal,2023-02,normal,
3360,Lanches Recanto,Fonte Limeira,Lanchonete,Patrícia Rezende,Mariana Cunha,esporadico,2023-09,normal,
3361,Mercadinho Trigal 3,Porto Bandeira,Minimercado,César Lopes,Mariana Cunha,ciclico,2023-03,atrito,
3362,Lanches Recanto 2,Alto Sereno,Lanchonete,Aline Duarte,Sérgio Gonçalves,mensal,2023-05,normal,
3363,Panificadora Moinho 5,Pedra Molhada,Padaria,Adriana Ferreira,André Santos,mensal,2021-08,atrito,
3364,Supermercado Olaria,Praia do Sino,Supermercado,Vanessa Teixeira,Sérgio Gonçalves,ciclico,2025-06,normal,
3365,Gelateria Tucano 2,Cravinho do Sul,Sorveteria,Leandro Cunha,Amanda Machado,esporadico,2023-10,normal,
3366,Gelateria Bom Retiro 3,Barra do Piraquê,Sorveteria,Wagner Braga,Sérgio Gonçalves,esporadico,2024-12,normal,
3367,Padaria Pedra Alta 2,Itaquerê,Padaria,Marcos Bezerra,Amanda Machado,ciclico,2022-10,normal,
3368,Minimercado Trigal 3,Tabuleiro Alto,Minimercado,Joana Medeiros,Vinícius Barbosa,esporadico,2025-02,atrito,
3369,Padaria Guarani 2,Nova Aurora do Vale,Padaria,Adriana Xavier,Eduardo Cardoso,mensal,2024-10,atrito,
3370,Restaurante Pequi 6,Encosta Nova,Restaurante,Marcos Bezerra,Amanda Machado,ciclico,2022-11,atrito,
3371,Lanchonete Girassol 2,Barra do Piraquê,Lanchonete,Isabela Lopes,Mariana Cunha,ciclico,2021-08,normal,
3372,Sorveteria Bom Retiro,Palmeira Torta,Sorveteria,Gustavo Vasconcelos,Amanda Machado,ciclico,2021-08,atrito,
3373,Gelateria Rosa dos Ventos,Passo Ruivo,Sorveteria,Mauro Pacheco,Sérgio Oliveira,esporadico,2021-08,normal,
3374,Restaurante Pitanga 4,Umbuzeiro,Restaurante,Wagner Braga,Sérgio Gonçalves,mensal,2021-08,normal,
3375,Lanches Vitória Régia 2,Ribeira Funda,Lanchonete,Débora Maia,Eduardo Cardoso,mensal,2021-08,normal,
3376,Hamburgueria Oliveira 5,Taquaruçu do Meio,Hamburgueria,Marcos Almeida,Sérgio Oliveira,mensal,2021-08,parada,2026-03
3377,Pizza Vale Verde,Barra do Piraquê,Pizzaria,Wagner Martins,Amanda Machado,mensal,2022-06,atrito,
3378,Conveniência Santa Clara 4,Bela Corrente,Loja de Conveniência,Vanessa Teixeira,Sérgio Gonçalves,mensal,2022-11,normal,
3379,Minimercado Ouro Fino,Nova Aurora do Vale,Minimercado,Aline Duarte,Sérgio Gonçalves,ciclico,2023-06,atrito,
3380,Minimercado Guarani 2,Monte Cravo,Minimercado,Aline Almeida,Sérgio Gonçalves,mensal,2025-07,atrito,
3381,Gelateria Esperança 3,Fonte Limeira,Sorveteria,Flávio Lima,André Santos,mensal,2021-08,normal,
3382,Mercado Xodó 5,Figueira Branca,Minimercado,César Lopes,Mariana Cunha,esporadico,2025-04,atrito,
3383,Minimercado Jacarandá,São Braz do Campo,Minimercado,Isabela Guimarães,André Santos,ciclico,2024-03,normal,
3384,Super Nascente 4,Serra Cansada,Supermercado,Joana Medeiros,Vinícius Barbosa,ciclico,2021-08,normal,
3385,Pizza Cascata 3,Fonte Limeira,Pizzaria,Débora Nunes,Sérgio Gonçalves,esporadico,2021-08,normal,
3386,Gelateria Sabor Real,Figueira Branca,Sorveteria,Wagner Braga,Sérgio Gonçalves,esporadico,2021-08,atrito,
3387,Cantina Sabor Real 2,Vale Formoso do Norte,Restaurante,Aline Duarte,Sérgio Gonçalves,mensal,2022-09,normal,
3388,Eventos Jacarandá 2,Tabuleiro Alto,Buffet e Eventos,Bruno Nogueira,Sérgio Oliveira,mensal,2021-08,mix,2025-08
3389,Conveniência Sempre Viva 3,Palmeira Torta,Loja de Conveniência,Rafael Teixeira,Sérgio Oliveira,ciclico,2021-08,normal,
3390,Lanchonete Trigal,Encosta Nova,Lanchonete,Carlos Teixeira,Eduardo Cardoso,mensal,2022-08,normal,
3391,Burger Santa Clara 4,Itaquerê,Hamburgueria,Igor Bezerra,Amanda Machado,mensal,2023-05,normal,
3392,Minimercado Pequi 2,Itaquerê,Minimercado,Márcia Sales,Sérgio Oliveira,mensal,2025-01,atrito,
3393,Padaria Nascente 7,Tabuleiro Alto,Padaria,Mauro Pacheco,Sérgio Oliveira,mensal,2024-08,normal,
3394,Restaurante Cerrado 2,Monte Cravo,Restaurante,Vinícius Carvalho,Amanda Machado,mensal,2021-08,normal,
3395,Padaria Guarani 3,Vale Formoso do Norte,Padaria,Aline Almeida,Sérgio Gonçalves,mensal,2024-06,normal,
3396,Pizzaria Ipanema Velha 2,Ribeira Funda,Pizzaria,Simone Maia,André Santos,ciclico,2022-12,atrito,
3397,Supermercado Quintal,Vila Cascata,Supermercado,Elaine Lopes,Vinícius Barbosa,esporadico,2022-01,atrito,
3398,Loja Cerrado 2,Barra do Piraquê,Loja de Conveniência,Juliana Pinheiro,Sérgio Gonçalves,ciclico,2021-08,normal,
3399,Lanches Paraíso 2,Várzea Comprida,Lanchonete,Joana Medeiros,Vinícius Barbosa,mensal,2022-10,normal,
3400,Mercado Figueira 4,Umbuzeiro,Minimercado,Sandra Cardoso,André Santos,mensal,2021-08,normal,
3401,Casa de Refeições Encanto,Tabuleiro Alto,Restaurante,Aline Pacheco,Mariana Cunha,mensal,2021-08,parada,2026-04
3402,Padaria Pedra Alta 3,Itaquerê,Padaria,Silvana Silva,Vinícius Barbosa,esporadico,2021-08,atrito,
3403,Açaiteria Pequi 2,Xambrê,Açaiteria,Bruno Nogueira,Sérgio Oliveira,mensal,2021-08,parada,2026-02
3404,Burger Juriti 3,São Braz do Campo,Hamburgueria,Marcos Almeida,Sérgio Oliveira,esporadico,2025-11,normal,
3405,Padaria e Confeitaria Paraíso 4,Campo Ferrugem,Padaria,Cláudia Miranda,Mariana Cunha,ciclico,2021-11,atrito,
3406,Conveniência Raiz Forte 2,Ribeira Funda,Loja de Conveniência,Débora Nunes,Sérgio Gonçalves,mensal,2021-08,atrito,
3407,Lanches Lagoa Azul,Porto Bandeira,Lanchonete,Cláudia Correia,Vinícius Barbosa,mensal,2025-12,normal,
3408,Pizzaria Bandeirante 2,Umbuzeiro,Pizzaria,Aline Duarte,Sérgio Gonçalves,mensal,2021-08,parada,2026-01
3409,Casa de Refeições Luar 3,Encosta Nova,Restaurante,César Lopes,Mariana Cunha,mensal,2021-08,normal,
3410,Super Mirante 2,Fonte Limeira,Supermercado,Wagner Alves,Amanda Machado,mensal,2021-08,atrito,
3411,Ponto do Lanche Rosa dos Ventos 3,Palmeira Torta,Lanchonete,Wagner Rodrigues,Mariana Cunha,mensal,2021-08,mix,2025-11
3412,Minimercado Pedra Alta 6,Olho d'Água Grande,Minimercado,Silvana Santos,Mariana Cunha,ciclico,2025-02,atrito,
3413,Padaria Umbu 2,Nova Aurora do Vale,Padaria,Daniel Mendes,André Santos,mensal,2026-04,normal,
3414,Lanchonete Maracanã Velho 2,Nova Aurora do Vale,Lanchonete,Silvana Andrade,Amanda Machado,mensal,2022-05,atrito,
3415,Mercadinho Lagoa Azul 4,Campo Ferrugem,Minimercado,Vinícius Siqueira,Eduardo Cardoso,mensal,2023-09,atrito,
3416,Mercadinho Primavera 2,São Braz do Campo,Minimercado,Wagner Braga,Sérgio Gonçalves,ciclico,2021-08,atrito,
3417,Eventos Ouro Fino,Alto Sereno,Buffet e Eventos,Aline Araújo,André Santos,esporadico,2021-08,atrito,
3418,Sorveteria Encanto 2,Porto Bandeira,Sorveteria,Gustavo Vasconcelos,Amanda Machado,esporadico,2021-10,normal,
3419,Padaria Recanto 2,Porto Bandeira,Padaria,César Lopes,Mariana Cunha,mensal,2021-08,parada,2025-12
3420,Mercado São Jorge 3,Xambrê,Minimercado,Jaqueline Alves,Sérgio Oliveira,mensal,2023-06,normal,
3421,Cafeteria Nova Era 2,Várzea Comprida,Cafeteria,Nelson Nunes,Eduardo Cardoso,mensal,2023-04,normal,
3422,Café Juriti 2,Quatro Cruzes,Cafeteria,Joana Medeiros,Vinícius Barbosa,mensal,2023-04,normal,
3423,Pizza Ipanema Velha 2,Praia do Sino,Pizzaria,Carlos Teixeira,Eduardo Cardoso,mensal,2021-08,normal,
3424,Cantina Orquídea 3,Taquaruçu do Meio,Restaurante,Cláudia Correia,Vinícius Barbosa,mensal,2024-05,normal,
3425,Padaria Quintal 3,Taquaruçu do Meio,Padaria,Silvana Santos,Mariana Cunha,ciclico,2025-08,normal,
3426,Casa do Café Bandeirante 2,São Braz do Campo,Cafeteria,Ricardo Teixeira,Sérgio Gonçalves,mensal,2026-03,normal,
3427,Mercado Lagoa Azul 3,Quatro Cruzes,Minimercado,Letícia Ferreira,Sérgio Oliveira,mensal,2021-08,mix,2026-01
3428,Casa do Café Ipê Roxo 2,Encosta Nova,Cafeteria,Cláudia Correia,Vinícius Barbosa,mensal,2021-08,atrito,
3429,Restaurante Vila Nova 3,Campo Ferrugem,Restaurante,Wagner Braga,Sérgio Gonçalves,ciclico,2023-05,normal,
3430,Açaí Figueira,Cravinho do Sul,Açaiteria,Silvana Andrade,Amanda Machado,mensal,2023-10,normal,
3431,Burger Porto Seguro Velho,Passo Ruivo,Hamburgueria,Cláudia Correia,Vinícius Barbosa,mensal,2021-08,normal,
3432,Super Quintal 3,Lagoa Vermelha do Norte,Supermercado,Leandro Cunha,Amanda Machado,mensal,2021-08,normal,
3433,Mercadinho Serrana 2,Passo Ruivo,Minimercado,Antônio Freitas,Vinícius Barbosa,mensal,2026-04,normal,
3434,Cantina Aurora 2,Marimbondo,Restaurante,Helena Gonçalves,André Santos,esporadico,2022-02,normal,
3435,Panificadora Veredas 3,Campo Ferrugem,Padaria,Joana Medeiros,Vinícius Barbosa,mensal,2021-08,sangramento,2025-08
3436,Hamburgueria Cerrado 3,Marimbondo,Hamburgueria,Diego Martins,Sérgio Gonçalves,mensal,2021-08,normal,
3437,Padaria e Confeitaria Nascente 2,Itaquerê,Padaria,Joana Medeiros,Vinícius Barbosa,mensal,2021-08,atrito,
3438,Restaurante Candeia 5,Três Bicas,Restaurante,Natália Almeida,Vinícius Barbosa,mensal,2026-02,normal,
3439,Padaria Guarani 4,Ribeira Funda,Padaria,Joana Medeiros,Vinícius Barbosa,ciclico,2024-01,normal,
3440,Supermercado Xodó,Ribeira Funda,Supermercado,André Cardoso,Vinícius Barbosa,mensal,2025-10,normal,
3441,Panificadora Terra Boa 4,Nova Aurora do Vale,Padaria,Wagner Braga,Sérgio Gonçalves,ciclico,2021-08,normal,
3442,Minimercado Oliveira,Ribeira Funda,Minimercado,Gabriel Ferreira,André Santos,mensal,2021-08,voltou,2026-02
3443,Pizzaria Cravo 4,Piraquara do Oeste,Pizzaria,Igor Bezerra,Amanda Machado,mensal,2021-08,atrito,
3444,Padaria e Confeitaria Brisa 4,Itaquerê,Padaria,André Batista,Sérgio Oliveira,mensal,2021-08,degrau,2025-11
3445,Minimercado Porto Seguro Velho,Vale Formoso do Norte,Minimercado,Kelly Carvalho,Sérgio Gonçalves,mensal,2023-02,normal,
3446,Padaria e Confeitaria Bom Retiro 4,Quatro Cruzes,Padaria,Marcos Bezerra,Amanda Machado,esporadico,2025-05,normal,
3447,Mercado Encanto 6,Palmeira Torta,Minimercado,César Lopes,Mariana Cunha,mensal,2024-10,normal,
3448,Padaria Maracanã Velho 4,Ipê Sereno,Padaria,Sandra Cardoso,André Santos,mensal,2022-05,atrito,
3449,Mercadinho Vitória Régia 6,Lagoa Vermelha do Norte,Minimercado,Ricardo Teixeira,Sérgio Gonçalves,mensal,2021-08,atrito,
3450,Burger Xodó 3,Quatro Cruzes,Hamburgueria,Helena Gonçalves,André Santos,mensal,2021-08,parada,2026-05
3451,Padaria Moinho 5,Olho d'Água Grande,Padaria,Aline Duarte,Sérgio Gonçalves,mensal,2021-08,normal,
3452,Eventos Paraíso,Guaraúna,Buffet e Eventos,Aline Araújo,André Santos,mensal,2021-08,voltou,2026-02
3453,Restaurante Luar 2,Várzea Comprida,Restaurante,Wagner Alves,Amanda Machado,mensal,2022-09,normal,
3454,Padaria Brisa 4,Olho d'Água Grande,Padaria,Gabriel Ferreira,André Santos,ciclico,2023-04,normal,
3455,Padaria e Confeitaria Terra Boa 4,Vila Cascata,Padaria,Aline Duarte,Sérgio Gonçalves,mensal,2025-11,normal,
3456,Padaria e Confeitaria Pitanga 2,Serra Cansada,Padaria,Vanessa Teixeira,Sérgio Gonçalves,mensal,2021-08,sangramento,2025-07
3457,Padaria Girassol 4,Encosta Nova,Padaria,Murilo Alves,André Santos,mensal,2021-10,atrito,
3458,Mercadinho Pedra Alta 4,Bela Corrente,Minimercado,Roberta Nogueira,André Santos,mensal,2021-08,voltou,2025-12
3459,Padaria e Confeitaria Brisa 5,Umbuzeiro,Padaria,César Lopes,Mariana Cunha,mensal,2024-02,atrito,
3460,Mercadinho Ouro Fino 4,Serra Cansada,Minimercado,Rafael Teixeira,Sérgio Oliveira,esporadico,2021-08,normal,
3461,Casa de Refeições Cravo 2,Piraquara do Oeste,Restaurante,Wesley Siqueira,Amanda Machado,mensal,2021-08,mix,2025-07
3462,Hamburgueria Figueira,Vale Formoso do Norte,Hamburgueria,Antônio Freitas,Vinícius Barbosa,esporadico,2021-09,atrito,
3463,Padaria Oliveira,Encosta Nova,Padaria,Adriana Xavier,Eduardo Cardoso,esporadico,2021-08,atrito,
3464,Cafeteria Mirante 2,Itaquerê,Cafeteria,Tatiane Sales,Mariana Cunha,mensal,2021-08,normal,
3465,Mercado Brisa 4,Várzea Comprida,Minimercado,Sabrina Andrade,Vinícius Barbosa,ciclico,2021-08,atrito,
3466,Eventos Veredas 3,Piraquara do Oeste,Buffet e Eventos,Lucas Braga,André Santos,mensal,2021-08,normal,
3467,Mercado Terra Boa 3,Riozinho Claro,Minimercado,Gabriel Ferreira,André Santos,ciclico,2024-03,atrito,
3468,Ponto do Lanche Tijuca Velha 4,Alto Sereno,Lanchonete,Kelly Carvalho,Sérgio Gonçalves,ciclico,2024-11,normal,
3469,Panificadora Flor de Sal 8,Vila Aurora,Padaria,Sandra Cardoso,André Santos,ciclico,2021-08,normal,
3470,Supermercado Veredas,Vista Alegre do Ipê,Supermercado,Nelson Nunes,Eduardo Cardoso,ciclico,2023-08,atrito,
3471,Mercado Jatobá 3,Palmeira Torta,Minimercado,Wagner Braga,Sérgio Gonçalves,mensal,2021-08,normal,
3472,Pizzaria Porto Seguro Velho 3,Ribeira Funda,Pizzaria,Mauro Pacheco,Sérgio Oliveira,esporadico,2024-06,atrito,
3473,Lanches Mirante 3,Santa Ilha,Lanchonete,Vinícius Carvalho,Amanda Machado,mensal,2025-02,atrito,
3474,Restaurante Recanto 3,Várzea Comprida,Restaurante,Vinícius Carvalho,Amanda Machado,mensal,2021-12,atrito,
3475,Mercadinho Moinho 10,Palmeira Torta,Minimercado,Vanessa Teixeira,Sérgio Gonçalves,esporadico,2021-08,normal,
3476,Hamburgueria Palmeira,Marimbondo,Hamburgueria,André Cardoso,Vinícius Barbosa,esporadico,2025-04,atrito,
3477,Distribuidora Pinheiro 2,Taquaruçu do Meio,Atacadista,Joana Medeiros,Vinícius Barbosa,mensal,2022-08,normal,
3478,Atacado Vila Nova,Fonte Limeira,Atacadista,Igor Rodrigues,Eduardo Cardoso,mensal,2025-01,normal,
3479,Gelateria Horizonte 2,Santa Ilha,Sorveteria,Elaine Lopes,Vinícius Barbosa,ciclico,2025-10,normal,
3480,Padaria Moinho 6,Palmeira Torta,Padaria,Mariana Oliveira,Eduardo Cardoso,mensal,2022-01,normal,
3481,Casa de Refeições Dois Irmãos 2,Itaquerê,Restaurante,Igor Batista,Amanda Machado,mensal,2023-08,normal,
3482,Panificadora Veredas 4,Fonte Limeira,Padaria,Paulo Correia,Eduardo Cardoso,mensal,2023-08,normal,
3483,Casa de Refeições Varanda 2,Monte Cravo,Restaurante,Gustavo Fonseca,Mariana Cunha,mensal,2021-08,normal,
3484,Pizzaria Farol 4,Porto Bandeira,Pizzaria,Wesley Lima,Sérgio Oliveira,mensal,2021-08,normal,
3485,Sorveteria Rosa dos Ventos 3,Riozinho Claro,Sorveteria,Joana Medeiros,Vinícius Barbosa,mensal,2025-06,normal,
3486,Açaiteria Pedra Alta 2,Alto Sereno,Açaiteria,Aline Almeida,Sérgio Gonçalves,mensal,2021-08,degrau,2025-10
3487,Lanches Doce Lar 3,Vila Aurora,Lanchonete,Aline Almeida,Sérgio Gonçalves,mensal,2025-03,normal,
3488,Cantina Orquídea 4,Taquaruçu do Meio,Restaurante,Gabriel Ferreira,André Santos,esporadico,2024-11,atrito,
3489,Mercadinho Porto Seguro Velho 4,Monte Cravo,Minimercado,Vinícius Siqueira,Eduardo Cardoso,esporadico,2022-09,normal,
3490,Supermercado Recanto 4,Jaraguandu,Supermercado,Cláudia Correia,Vinícius Barbosa,ciclico,2021-11,normal,
3491,Panificadora Moinho 6,Bela Corrente,Padaria,Débora Maia,Eduardo Cardoso,mensal,2021-08,parada,2026-01
3492,Pizzaria Ouro Fino 3,Praia do Sino,Pizzaria,Cláudia Miranda,Mariana Cunha,ciclico,2021-09,normal,
3493,Cantina Dois Irmãos 5,Piraquara do Oeste,Restaurante,Kelly Carvalho,Sérgio Gonçalves,esporadico,2021-08,normal,
3494,Gelateria Vitória Régia,Jaraguandu,Sorveteria,Raquel Barbosa,Amanda Machado,esporadico,2021-08,normal,
3495,Panificadora Lagoa Azul 3,Tabuleiro Alto,Padaria,Letícia Ferreira,Sérgio Oliveira,esporadico,2021-08,normal,
3496,Restaurante Oliveira 2,Passo Ruivo,Restaurante,Marcos Bezerra,Amanda Machado,mensal,2022-11,atrito,
3497,Pizzaria Capim Doce 3,Olho d'Água Grande,Pizzaria,Sandra Cardoso,André Santos,esporadico,2022-07,atrito,
3498,Açaiteria Cravo,Vale Formoso do Norte,Açaiteria,Silvana Santos,Mariana Cunha,mensal,2021-08,sangramento,2025-12
3499,Pizza Ponte Velha 5,Umbuzeiro,Pizzaria,Vanessa Teixeira,Sérgio Gonçalves,mensal,2021-08,atrito,
3500,Ponto do Lanche Umbu 4,Cravinho do Sul,Lanchonete,Silvana Andrade,Amanda Machado,esporadico,2021-08,normal,
3501,Restaurante Olaria 4,Serra Cansada,Restaurante,Igor Bezerra,Amanda Machado,mensal,2021-08,normal,
3502,Lanches Fonte Nova,Ipê Sereno,Lanchonete,César Araújo,Vinícius Barbosa,ciclico,2021-09,normal,
3503,Pizza Central 2,Quatro Cruzes,Pizzaria,Wesley Siqueira,Amanda Machado,esporadico,2023-07,normal,
3504,Pizza Santa Clara,Monte Cravo,Pizzaria,Helena Vieira,Amanda Machado,mensal,2021-12,voltou,2025-11
3505,Padaria e Confeitaria Serrana 5,Olho d'Água Grande,Padaria,Isabela Lopes,Mariana Cunha,esporadico,2024-08,atrito,
3506,Gelateria Vale Verde 3,Encosta Nova,Sorveteria,Yara Santos,Eduardo Cardoso,esporadico,2022-05,normal,
3507,Lanchonete Flor de Sal 4,Vale Formoso do Norte,Lanchonete,Márcia Sales,Sérgio Oliveira,esporadico,2021-08,atrito,
3508,Mercado Raiz Forte 5,Ribeira Funda,Minimercado,Daniel Mendes,André Santos,mensal,2021-08,degrau,2025-08
3509,Sorveteria Chapada,Campo Ferrugem,Sorveteria,Flávio Nogueira,Sérgio Oliveira,mensal,2023-07,atrito,
3510,Casa de Refeições Flor de Sal 3,Piraquara do Oeste,Restaurante,Letícia Ferreira,Sérgio Oliveira,mensal,2025-01,atrito,
3511,Restaurante Dois Irmãos 4,Santa Ilha,Restaurante,Emerson Carvalho,Eduardo Cardoso,esporadico,2021-08,normal,
3512,Atacado Ipê Roxo 2,Marimbondo,Atacadista,Bruno Nogueira,Sérgio Oliveira,mensal,2021-08,sangramento,2025-12
3513,Pizza Pitanga 2,Jaraguandu,Pizzaria,Raquel Ferreira,Vinícius Barbosa,ciclico,2021-08,normal,
3514,Pizzaria Ouro Fino 4,Bela Corrente,Pizzaria,Aline Almeida,Sérgio Gonçalves,mensal,2024-04,atrito,
3515,Super Brisa 4,Umbuzeiro,Supermercado,Rafael Teixeira,Sérgio Oliveira,mensal,2021-08,atrito,
3516,Pizza Chapada 4,Taquaruçu do Meio,Pizzaria,Jaqueline Alves,Sérgio Oliveira,mensal,2021-08,normal,
3517,Mercado Bela Vista,Olho d'Água Grande,Minimercado,Murilo Alves,André Santos,mensal,2021-08,normal,
3518,Gelateria Capim Doce 2,Encosta Nova,Sorveteria,Igor Bezerra,Amanda Machado,mensal,2021-08,sangramento,2025-10
3519,Sorveteria Tamarindo 2,Porto Bandeira,Sorveteria,Igor Bezerra,Amanda Machado,mensal,2021-08,degrau,2025-10
3520,Açaí Mirante 2,Barra do Piraquê,Açaiteria,Vanessa Teixeira,Sérgio Gonçalves,mensal,2021-08,atrito,
3521,Padaria e Confeitaria Bom Retiro 5,Serra Cansada,Padaria,Juliana Pinheiro,Sérgio Gonçalves,mensal,2021-08,voltou,2026-02
3522,Minimercado Rio Claro 5,Marimbondo,Minimercado,Aline Almeida,Sérgio Gonçalves,mensal,2021-08,normal,
3523,Loja Guarani 2,Sertão Novo,Loja de Conveniência,Raquel Ferreira,Vinícius Barbosa,esporadico,2021-08,atrito,
3524,Pizzaria Serrana,Itaquerê,Pizzaria,Yara Coelho,Sérgio Oliveira,ciclico,2023-03,normal,
3525,Mercado Doce Lar 3,Porto Bandeira,Minimercado,Wagner Martins,Amanda Machado,esporadico,2021-08,atrito,
3526,Padaria e Confeitaria Paraíso 5,Lagoa Vermelha do Norte,Padaria,Mauro Pacheco,Sérgio Oliveira,ciclico,2021-11,normal,
3527,Atacadão Estrela,Nova Aurora do Vale,Atacadista,Emerson Carvalho,Eduardo Cardoso,mensal,2023-05,atrito,
3528,Pizza Rosa dos Ventos 6,Vale Formoso do Norte,Pizzaria,Elaine Lopes,Vinícius Barbosa,esporadico,2023-05,normal,
3529,Padaria e Confeitaria Paraíso 6,Piraquara do Oeste,Padaria,Nelson Nunes,Eduardo Cardoso,mensal,2021-08,atrito,
3530,Ponto do Lanche Cravo 3,Guaraúna,Lanchonete,Sandra Mendes,Sérgio Gonçalves,mensal,2022-07,normal,
3531,Padaria e Confeitaria Ipanema Velha 2,Pedra Molhada,Padaria,Raquel Barbosa,Amanda Machado,mensal,2025-06,normal,
3532,Açaí Central,Barra do Piraquê,Açaiteria,Murilo Alves,André Santos,esporadico,2022-03,atrito,
3533,Buffet Brisa 2,Passo Ruivo,Buffet e Eventos,Tatiane Sales,Mariana Cunha,esporadico,2021-08,normal,
3534,Super Rosa dos Ventos 4,Cravinho do Sul,Supermercado,Aline Almeida,Sérgio Gonçalves,esporadico,2021-08,normal,
3535,Padaria Brisa 5,Santa Ilha,Padaria,André Batista,Sérgio Oliveira,ciclico,2024-09,normal,
3536,Casa do Café Cerrado,Xambrê,Cafeteria,Silvana Andrade,Amanda Machado,mensal,2021-08,normal,
3537,Super Candeia 4,Santa Ilha,Supermercado,Nelson Nunes,Eduardo Cardoso,ciclico,2021-08,normal,
3538,Supermercado Flor de Sal 4,Riozinho Claro,Supermercado,Paulo Correia,Eduardo Cardoso,mensal,2021-08,normal,
3539,Super Mirante 3,Encosta Nova,Supermercado,Letícia Ferreira,Sérgio Oliveira,mensal,2022-12,normal,
3540,Minimercado Jatobá 4,Jaraguandu,Minimercado,Sabrina Andrade,Vinícius Barbosa,esporadico,2021-08,normal,
3541,Restaurante Umbu 5,Vale Formoso do Norte,Restaurante,Igor Bezerra,Amanda Machado,mensal,2025-02,normal,
3542,Ponto do Lanche Pinheiro 3,Marimbondo,Lanchonete,Joana Medeiros,Vinícius Barbosa,esporadico,2022-06,atrito,
3543,Burger São Jorge 3,Monte Cravo,Hamburgueria,Gabriel Ferreira,André Santos,mensal,2025-11,normal,
3544,Panificadora Sempre Viva,Palmeira Torta,Padaria,Murilo Alves,André Santos,ciclico,2022-03,normal,
3545,Gelateria Paraíso 2,São Braz do Campo,Sorveteria,Mariana Oliveira,Eduardo Cardoso,ciclico,2023-04,normal,
3546,Restaurante Pedra Alta 4,Jaraguandu,Restaurante,Aline Araújo,André Santos,mensal,2024-09,normal,
3547,Cafeteria Raiz Forte 2,Três Bicas,Cafeteria,Adriana Xavier,Eduardo Cardoso,esporadico,2021-08,normal,
3548,Mercadinho Moinho 11,Tabuleiro Alto,Minimercado,Adriana Ferreira,André Santos,mensal,2021-09,normal,
3549,Buffet Pequi 2,Riozinho Claro,Buffet e Eventos,Bruno Nogueira,Sérgio Oliveira,esporadico,2021-08,normal,
3550,Padaria e Confeitaria Veredas,Vila Cascata,Padaria,Lucas Braga,André Santos,mensal,2023-10,normal,
3551,Burger Tucano,Marimbondo,Hamburgueria,Paulo Correia,Eduardo Cardoso,esporadico,2021-08,normal,
3552,Padaria Pequi 5,Praia do Sino,Padaria,Murilo Alves,André Santos,esporadico,2022-08,atrito,
3553,Café Cascata,Vale Formoso do Norte,Cafeteria,Fernanda Sampaio,Sérgio Gonçalves,esporadico,2021-08,normal,
3554,Panificadora Bom Retiro 3,Figueira Branca,Padaria,João Cavalcanti,Eduardo Cardoso,ciclico,2026-02,normal,
3555,Super Maré Alta,Olho d'Água Grande,Supermercado,Aline Pacheco,Mariana Cunha,mensal,2021-08,atrito,
3556,Conveniência Nova Era,Porto Bandeira,Loja de Conveniência,Ricardo Teixeira,Sérgio Gonçalves,ciclico,2021-08,atrito,
3557,Ponto do Lanche Esperança 4,Xambrê,Lanchonete,Simone Maia,André Santos,mensal,2025-05,normal,
3558,Lanchonete Olaria 3,Tabuleiro Alto,Lanchonete,Adriana Ferreira,André Santos,mensal,2021-08,degrau,2025-10
3559,Lanchonete Xodó,Sertão Novo,Lanchonete,Vinícius Carvalho,Amanda Machado,ciclico,2021-08,normal,
3560,Padaria e Confeitaria Luar 3,Três Bicas,Padaria,Márcia Sales,Sérgio Oliveira,mensal,2021-08,normal,
3561,Padaria e Confeitaria Orquídea 4,Cravinho do Sul,Padaria,Igor Bezerra,Amanda Machado,ciclico,2021-10,normal,
3562,Mercado Chapada 4,Monte Cravo,Minimercado,Wesley Siqueira,Amanda Machado,esporadico,2021-08,atrito,
3563,Pizza Estrela 4,Guaraúna,Pizzaria,Aline Duarte,Sérgio Gonçalves,mensal,2024-06,normal,
3564,Padaria Figueira 2,Vista Alegre do Ipê,Padaria,Joana Medeiros,Vinícius Barbosa,esporadico,2021-08,normal,
3565,Panificadora Horizonte 4,Umbuzeiro,Padaria,André Cardoso,Vinícius Barbosa,ciclico,2021-09,atrito,
3566,Mercado Pinheiro 6,Ribeira Funda,Minimercado,Yara Santos,Eduardo Cardoso,ciclico,2021-08,atrito,
3567,Padaria Cerrado 2,Lagoa Vermelha do Norte,Padaria,Jaqueline Alves,Sérgio Oliveira,mensal,2021-08,sangramento,2025-06
3568,Cafeteria Jatobá 2,São Braz do Campo,Cafeteria,Geraldo Cavalcanti,Mariana Cunha,mensal,2023-09,atrito,
3569,Mercadinho Vitória Régia 7,São Braz do Campo,Minimercado,Silvana Andrade,Amanda Machado,esporadico,2024-10,atrito,
3570,Lanchonete Brisa 3,Três Bicas,Lanchonete,Aline Andrade,Sérgio Gonçalves,mensal,2021-08,mix,2025-12
3571,Ponto do Lanche Sossego,Figueira Branca,Lanchonete,Joana Medeiros,Vinícius Barbosa,mensal,2021-08,normal,
3572,Padaria e Confeitaria Tamarindo 2,Fonte Limeira,Padaria,Juliana Xavier,Mariana Cunha,mensal,2021-08,normal,
3573,Distribuidora Sabor Real,Passo Ruivo,Atacadista,Murilo Alves,André Santos,esporadico,2021-08,atrito,
3574,Cantina Fonte Nova 2,Quatro Cruzes,Restaurante,Roberta Nogueira,André Santos,mensal,2023-02,normal,
3575,Super São Jorge,Alto Sereno,Supermercado,Helena Gonçalves,André Santos,esporadico,2021-08,normal,
3576,Conveniência Candeia 2,Figueira Branca,Loja de Conveniência,Vanessa Teixeira,Sérgio Gonçalves,ciclico,2021-08,normal,
3577,Padaria e Confeitaria Pedra Alta 2,Sertão Novo,Padaria,Joana Medeiros,Vinícius Barbosa,esporadico,2022-01,normal,
3578,Mercadinho Olaria 2,Encosta Nova,Minimercado,Yara Santos,Eduardo Cardoso,mensal,2022-12,normal,
3579,Burger Terra Boa 3,Umbuzeiro,Hamburgueria,Kelly Carvalho,Sérgio Gonçalves,mensal,2024-02,normal,
3580,Sorveteria Sabor Real 2,São Braz do Campo,Sorveteria,Murilo Alves,André Santos,esporadico,2025-09,normal,
3581,Lanches Varanda 2,Xambrê,Lanchonete,Adriana Xavier,Eduardo Cardoso,mensal,2021-08,atrito,
3582,Mercado Dois Irmãos 4,Marimbondo,Minimercado,Igor Bezerra,Amanda Machado,mensal,2021-08,normal,
3583,Super Moinho 4,Vale Formoso do Norte,Supermercado,Aline Duarte,Sérgio Gonçalves,mensal,2023-02,normal,
3584,Hamburgueria Raiz Forte 4,Pedra Molhada,Hamburgueria,Igor Bezerra,Amanda Machado,mensal,2022-04,mix,2025-11
3585,Casa de Refeições Moinho,Porto Bandeira,Restaurante,Simone Maia,André Santos,mensal,2024-09,normal,
3586,Panificadora Figueira 4,Três Bicas,Padaria,César Lopes,Mariana Cunha,ciclico,2026-02,normal,
3587,Pizza Estrela 5,Quatro Cruzes,Pizzaria,Vinícius Carvalho,Amanda Machado,esporadico,2021-08,normal,
3588,Mercadinho Rosa dos Ventos 5,Bela Corrente,Minimercado,Silvana Silva,Vinícius Barbosa,esporadico,2021-08,atrito,
3589,Minimercado Girassol 2,Campo Ferrugem,Minimercado,João Cavalcanti,Eduardo Cardoso,mensal,2022-07,atrito,
3590,Padaria e Confeitaria São Jorge 4,Bela Corrente,Padaria,Sandra Cardoso,André Santos,mensal,2021-08,voltou,2025-12
3591,Mercadinho Sabor Real,Vista Alegre do Ipê,Minimercado,Sabrina Siqueira,Sérgio Oliveira,esporadico,2022-06,atrito,
3592,Distribuidora Tucano 2,Cravinho do Sul,Atacadista,Marcos Almeida,Sérgio Oliveira,mensal,2021-08,parada,2026-05
3593,Ponto do Lanche Sossego 2,Riozinho Claro,Lanchonete,Cláudia Correia,Vinícius Barbosa,mensal,2021-08,normal,
3594,Casa de Refeições Bandeirante 4,Ribeira Funda,Restaurante,Aline Araújo,André Santos,mensal,2024-11,normal,
3595,Padaria e Confeitaria Bela Vista 5,Riozinho Claro,Padaria,Aline Pacheco,Mariana Cunha,ciclico,2021-08,normal,
3596,Pizza Olaria,Passo Ruivo,Pizzaria,Adriana Ferreira,André Santos,ciclico,2025-12,normal,
3597,Restaurante Cravo 3,Encosta Nova,Restaurante,Igor Rodrigues,Eduardo Cardoso,mensal,2021-08,normal,
3598,Padaria Fonte Nova,Porto Bandeira,Padaria,Wesley Lima,Sérgio Oliveira,mensal,2021-09,normal,
3599,Hamburgueria Quintal 3,Várzea Comprida,Hamburgueria,Aline Araújo,André Santos,mensal,2021-08,atrito,
3600,Ponto do Lanche Recanto 3,Itaquerê,Lanchonete,Bruno Nogueira,Sérgio Oliveira,mensal,2021-08,atrito,
3601,Buffet Terra Boa,Encosta Nova,Buffet e Eventos,Wesley Lima,Sérgio Oliveira,mensal,2021-08,atrito,
3602,Restaurante Flor de Sal 4,Riozinho Claro,Restaurante,César Araújo,Vinícius Barbosa,esporadico,2021-08,atrito,
3603,Minimercado Figueira 3,Bela Corrente,Minimercado,Natália Almeida,Vinícius Barbosa,mensal,2021-08,normal,
3604,Pizza Mirante 2,Monte Cravo,Pizzaria,Joana Medeiros,Vinícius Barbosa,mensal,2022-09,normal,
3605,Casa do Café Guarani,Vista Alegre do Ipê,Cafeteria,Isabela Guimarães,André Santos,ciclico,2022-05,normal,
3606,Padaria e Confeitaria Estrela 4,Vista Alegre do Ipê,Padaria,Mariana Oliveira,Eduardo Cardoso,esporadico,2023-11,atrito,
3607,Pizzaria Orquídea 2,Guaraúna,Pizzaria,Fernanda Sampaio,Sérgio Gonçalves,mensal,2023-06,normal,
3608,Cantina Porto Seguro Velho 4,Itaquerê,Restaurante,Adriana Xavier,Eduardo Cardoso,mensal,2024-04,atrito,
3609,Loja Candeia 2,Três Bicas,Loja de Conveniência,Vinícius Carvalho,Amanda Machado,mensal,2021-08,normal,
3610,Cantina Palmeira,Barra do Piraquê,Restaurante,Débora Faria,Mariana Cunha,mensal,2021-08,voltou,2025-11
3611,Mercadinho Jatobá 6,Campo Ferrugem,Minimercado,Letícia Ferreira,Sérgio Oliveira,mensal,2021-08,atrito,
3612,Cafeteria Guarani 2,Campo Ferrugem,Cafeteria,Paulo Camargo,Eduardo Cardoso,esporadico,2021-08,normal,
3613,Mercado Moinho 2,Guaraúna,Minimercado,Renata Cardoso,Sérgio Gonçalves,mensal,2021-08,normal,
3614,Panificadora Ponte Velha 2,São Braz do Campo,Padaria,Aline Duarte,Sérgio Gonçalves,esporadico,2021-08,atrito,
3615,Ponto do Lanche Pedra Alta,Jaraguandu,Lanchonete,Wagner Alves,Amanda Machado,ciclico,2021-08,normal,
3616,Super Candeia 5,Piraquara do Oeste,Supermercado,Simone Maia,André Santos,mensal,2021-08,atrito,
3617,Ponto do Lanche Umbu 5,Bela Corrente,Lanchonete,Viviane Soares,Mariana Cunha,ciclico,2021-08,atrito,
3618,Cafeteria Vale Verde 3,Marimbondo,Cafeteria,Vanessa Teixeira,Sérgio Gonçalves,mensal,2021-08,atrito,
3619,Mercado Ipê Roxo 5,Sertão Novo,Minimercado,Gustavo Fonseca,Mariana Cunha,mensal,2021-08,atrito,
3620,Casa de Refeições Luar 4,Vale Formoso do Norte,Restaurante,André Batista,Sérgio Oliveira,ciclico,2024-05,normal,
3621,Pizza Tucano 4,Sertão Novo,Pizzaria,Débora Faria,Mariana Cunha,esporadico,2022-02,atrito,
3622,Açaiteria Primavera 3,Quatro Cruzes,Açaiteria,Silvana Andrade,Amanda Machado,ciclico,2022-02,normal,
3623,Hamburgueria Raiz Forte 5,Nova Aurora do Vale,Hamburgueria,Igor Batista,Amanda Machado,ciclico,2024-05,atrito,
3624,Supermercado Tijuca Velha 2,Jaraguandu,Supermercado,Aline Almeida,Sérgio Gonçalves,esporadico,2025-12,normal,
3625,Padaria Chapada,Serra Cansada,Padaria,Rafael Teixeira,Sérgio Oliveira,mensal,2021-08,normal,
3626,Pizza Dois Irmãos 2,Bela Corrente,Pizzaria,Gustavo Fonseca,Mariana Cunha,esporadico,2024-05,atrito,
3627,Restaurante Mirante,Umbuzeiro,Restaurante,César Araújo,Vinícius Barbosa,mensal,2021-08,atrito,
3628,Padaria Oliveira 2,Riozinho Claro,Padaria,Igor Batista,Amanda Machado,esporadico,2021-08,normal,
3629,Lanches Cravo 3,Lagoa Vermelha do Norte,Lanchonete,Vanessa Teixeira,Sérgio Gonçalves,mensal,2024-07,normal,
3630,Mercadinho Rosa dos Ventos 6,Piraquara do Oeste,Minimercado,Vinícius Carvalho,Amanda Machado,mensal,2024-08,normal,
3631,Açaiteria Paraíso,Santa Ilha,Açaiteria,Wesley Lima,Sérgio Oliveira,esporadico,2021-08,normal,
3632,Mercadinho Quintal 2,Vila Cascata,Minimercado,Igor Batista,Amanda Machado,esporadico,2021-08,atrito,
3633,Minimercado Rio Claro 6,Nova Aurora do Vale,Minimercado,Daniel Mendes,André Santos,mensal,2021-08,atrito,
3634,Restaurante Varanda 3,Piraquara do Oeste,Restaurante,Aline Almeida,Sérgio Gonçalves,mensal,2021-08,normal,
3635,Casa de Refeições Moinho 2,Nova Aurora do Vale,Restaurante,Cláudia Miranda,Mariana Cunha,mensal,2021-08,voltou,2025-12
3636,Casa de Refeições Guarani 5,Encosta Nova,Restaurante,Débora Maia,Eduardo Cardoso,ciclico,2021-08,normal,
3637,Gelateria Raiz Forte 2,Encosta Nova,Sorveteria,Aline Araújo,André Santos,ciclico,2024-11,atrito,
3638,Padaria Central 2,Porto Bandeira,Padaria,Yara Santos,Eduardo Cardoso,esporadico,2021-08,atrito,
3639,Padaria e Confeitaria Chapada 2,Nova Aurora do Vale,Padaria,Rodrigo Dias,Vinícius Barbosa,ciclico,2025-11,normal,
3640,Pizza Chapada 5,Praia do Sino,Pizzaria,Aline Duarte,Sérgio Gonçalves,ciclico,2021-08,normal,
3641,Restaurante Recanto 4,Guaraúna,Restaurante,Fernanda Sampaio,Sérgio Gonçalves,esporadico,2021-08,normal,
3642,Conveniência Tucano,Alto Sereno,Loja de Conveniência,Sabrina Andrade,Vinícius Barbosa,mensal,2026-01,normal,
3643,Padaria e Confeitaria Vitória Régia 4,Cravinho do Sul,Padaria,Vanessa Teixeira,Sérgio Gonçalves,mensal,2023-08,normal,
3644,Minimercado Pequi 3,Encosta Nova,Minimercado,Vinícius Carvalho,Amanda Machado,mensal,2021-08,normal,
3645,Eventos Palmeira 2,Xambrê,Buffet e Eventos,César Lopes,Mariana Cunha,mensal,2021-08,normal,
3646,Loja Figueira,Três Bicas,Loja de Conveniência,Igor Rodrigues,Eduardo Cardoso,mensal,2021-08,normal,
3647,Padaria Sabor Real 6,Cravinho do Sul,Padaria,Aline Pacheco,Mariana Cunha,mensal,2021-08,normal,
3648,Conveniência Capim Doce,Jaraguandu,Loja de Conveniência,Débora Maia,Eduardo Cardoso,esporadico,2025-05,normal,
3649,Supermercado Tucano 5,Vista Alegre do Ipê,Supermercado,Sandra Mendes,Sérgio Gonçalves,mensal,2025-11,normal,
3650,Padaria e Confeitaria Pequi 2,Monte Cravo,Padaria,Helena Gonçalves,André Santos,esporadico,2021-08,normal,
3651,Minimercado Bela Vista 3,Nova Aurora do Vale,Minimercado,Gabriel Ferreira,André Santos,mensal,2021-08,atrito,
3652,Loja Juriti,São Braz do Campo,Loja de Conveniência,Sandra Cardoso,André Santos,mensal,2024-02,normal,
3653,Casa de Refeições Brisa 3,Vila Aurora,Restaurante,Joana Medeiros,Vinícius Barbosa,ciclico,2021-08,atrito,
3654,Panificadora Maré Alta 6,Marimbondo,Padaria,Joana Medeiros,Vinícius Barbosa,esporadico,2021-08,atrito,
3655,Padaria e Confeitaria Serrana 6,Tabuleiro Alto,Padaria,Helena Vieira,Amanda Machado,esporadico,2026-03,normal,
3656,Padaria Vila Nova 6,Jaraguandu,Padaria,Gabriel Ferreira,André Santos,mensal,2025-12,normal,
3657,Mercadinho Veredas 2,Vale Formoso do Norte,Minimercado,Adriana Ferreira,André Santos,ciclico,2024-05,normal,
3658,Pizza Sabor Real 2,Ribeira Funda,Pizzaria,Marcos Almeida,Sérgio Oliveira,mensal,2021-08,normal,
3659,Restaurante Moinho 3,Encosta Nova,Restaurante,Paulo Camargo,Eduardo Cardoso,mensal,2021-08,parada,2025-07
3660,Mercadinho Olaria 3,Tabuleiro Alto,Minimercado,Cláudia Correia,Vinícius Barbosa,mensal,2021-08,parada,2025-08
3661,Mercadinho Porto Seguro Velho 5,Marimbondo,Minimercado,Wagner Rodrigues,Mariana Cunha,mensal,2022-10,atrito,
3662,Ponto do Lanche Candeia,Encosta Nova,Lanchonete,Roberta Nogueira,André Santos,ciclico,2021-08,atrito,
3663,Panificadora Lagoa Azul 4,Três Bicas,Padaria,Aline Araújo,André Santos,esporadico,2021-08,normal,
3664,Conveniência Bom Retiro 2,Figueira Branca,Loja de Conveniência,Silvana Santos,Mariana Cunha,mensal,2021-08,atrito,
3665,Padaria Ipanema Velha 7,São Braz do Campo,Padaria,Cláudia Correia,Vinícius Barbosa,mensal,2021-08,mix,2025-08
3666,Supermercado Bom Retiro 3,Xambrê,Supermercado,Tatiane Sales,Mariana Cunha,mensal,2022-03,normal,
3667,Cantina Rosa dos Ventos 3,Três Bicas,Restaurante,Simone Maia,André Santos,mensal,2021-10,atrito,
3668,Café Central 2,Umbuzeiro,Cafeteria,Aline Araújo,André Santos,esporadico,2022-11,atrito,
3669,Hamburgueria Ipê Roxo 2,Xambrê,Hamburgueria,Adriana Xavier,Eduardo Cardoso,mensal,2021-08,atrito,
3670,Minimercado Cascata,Taquaruçu do Meio,Minimercado,Letícia Ferreira,Sérgio Oliveira,mensal,2021-08,atrito,
3671,Distribuidora Primavera,Várzea Comprida,Atacadista,Wagner Braga,Sérgio Gonçalves,mensal,2021-08,sangramento,2025-05
3672,Pizza Maracanã Velho 2,São Braz do Campo,Pizzaria,Sandra Cardoso,André Santos,mensal,2024-02,normal,
3673,Padaria e Confeitaria Fonte Nova 4,Tabuleiro Alto,Padaria,Joana Medeiros,Vinícius Barbosa,mensal,2022-12,normal,
3674,Mercado Girassol 2,Lagoa Vermelha do Norte,Minimercado,Tatiane Sales,Mariana Cunha,mensal,2022-04,parada,2025-09
3675,Ponto do Lanche Central 3,Olho d'Água Grande,Lanchonete,Cláudia Correia,Vinícius Barbosa,mensal,2021-08,normal,
3676,Mercado Chapada 5,Marimbondo,Minimercado,Raquel Ferreira,Vinícius Barbosa,mensal,2024-06,normal,
3677,Panificadora Sossego 3,Sertão Novo,Padaria,Tatiane Sales,Mariana Cunha,mensal,2021-08,sangramento,2025-05
3678,Padaria e Confeitaria Maré Alta 5,Vale Formoso do Norte,Padaria,Elaine Lopes,Vinícius Barbosa,mensal,2021-08,normal,
3679,Buffet Flor de Sal 2,Praia do Sino,Buffet e Eventos,Sabrina Andrade,Vinícius Barbosa,ciclico,2022-09,normal,
3680,Casa do Café Maré Alta 2,Ipê Sereno,Cafeteria,Aline Duarte,Sérgio Gonçalves,mensal,2021-08,atrito,
3681,Panificadora Pequi,Nova Aurora do Vale,Padaria,Gabriel Ferreira,André Santos,mensal,2021-08,mix,2025-09
3682,Cantina Veredas 4,Vista Alegre do Ipê,Restaurante,Carlos Teixeira,Eduardo Cardoso,ciclico,2024-02,normal,
3683,Mercadinho Maracanã Velho 4,Sertão Novo,Minimercado,Murilo Alves,André Santos,esporadico,2021-08,atrito,
3684,Casa de Refeições Recanto 4,Umbuzeiro,Restaurante,Isabela Guimarães,André Santos,mensal,2024-03,atrito,
3685,Minimercado Central 5,Várzea Comprida,Minimercado,Aline Almeida,Sérgio Gonçalves,mensal,2023-01,atrito,
3686,Mercado Horizonte 2,Monte Cravo,Minimercado,Marcos Almeida,Sérgio Oliveira,ciclico,2024-07,normal,
3687,Super Umbu,Porto Bandeira,Supermercado,Patrícia Braga,André Santos,mensal,2021-08,normal,
3688,Panificadora Pinheiro 3,Riozinho Claro,Padaria,Carlos Teixeira,Eduardo Cardoso,mensal,2021-08,normal,
3689,Pizza Ponte Velha 6,Fonte Limeira,Pizzaria,Vanessa Teixeira,Sérgio Gonçalves,mensal,2024-08,normal,
3690,Açaí Vitória Régia 2,Piraquara do Oeste,Açaiteria,César Lopes,Mariana Cunha,mensal,2021-08,normal,
3691,Cantina Guarani 2,Guaraúna,Restaurante,Cláudia Correia,Vinícius Barbosa,mensal,2021-08,mix,2025-09
3692,Minimercado Xodó 2,Taquaruçu do Meio,Minimercado,Igor Rodrigues,Eduardo Cardoso,esporadico,2021-08,atrito,
3693,Panificadora Veredas 5,Encosta Nova,Padaria,Joana Medeiros,Vinícius Barbosa,ciclico,2021-08,normal,
3694,Café Candeia 2,Serra Cansada,Cafeteria,Ricardo Teixeira,Sérgio Gonçalves,mensal,2021-08,sangramento,2025-05
3695,Padaria e Confeitaria Guarani 4,Marimbondo,Padaria,Mauro Pacheco,Sérgio Oliveira,esporadico,2022-06,atrito,
3696,Padaria Pequi 6,Umbuzeiro,Padaria,Sabrina Siqueira,Sérgio Oliveira,mensal,2021-08,parada,2025-10
3697,Minimercado Esperança 2,Guaraúna,Minimercado,Lucas Braga,André Santos,ciclico,2023-02,normal,
3698,Padaria e Confeitaria Encanto 5,Encosta Nova,Padaria,Sandra Cardoso,André Santos,ciclico,2024-04,atrito,
3699,Gelateria Fonte Nova 5,Taquaruçu do Meio,Sorveteria,Wagner Rodrigues,Mariana Cunha,mensal,2021-08,normal,
3700,Lanches Tamarindo,Vista Alegre do Ipê,Lanchonete,Jaqueline Alves,Sérgio Oliveira,ciclico,2025-09,normal,
3701,Café Pequi 3,Sertão Novo,Cafeteria,Joana Medeiros,Vinícius Barbosa,mensal,2022-04,normal,
3702,Mercado Porto Seguro Velho 2,Marimbondo,Minimercado,Murilo Alves,André Santos,esporadico,2021-08,normal,
3703,Minimercado Cascata 2,Barra do Piraquê,Minimercado,Silvana Andrade,Amanda Machado,ciclico,2024-07,normal,
3704,Lanchonete Ouro Fino 2,Encosta Nova,Lanchonete,Murilo Alves,André Santos,mensal,2021-08,parada,2026-02
3705,Panificadora Moinho 7,Xambrê,Padaria,Silvana Santos,Mariana Cunha,ciclico,2024-03,atrito,
3706,Supermercado Capim Doce,Vale Formoso do Norte,Supermercado,Wesley Lima,Sérgio Oliveira,ciclico,2024-08,normal,
3707,Pizzaria Esperança,Riozinho Claro,Pizzaria,Yara Santos,Eduardo Cardoso,mensal,2021-08,normal,
3708,Padaria Ipê Roxo 2,Praia do Sino,Padaria,Flávio Lima,André Santos,esporadico,2021-08,atrito,
3709,Restaurante Pequi 7,Quatro Cruzes,Restaurante,Aline Duarte,Sérgio Gonçalves,esporadico,2024-03,normal,
3710,Supermercado Ouro Fino 3,Alto Sereno,Supermercado,César Araújo,Vinícius Barbosa,ciclico,2026-03,normal,
3711,Açaiteria Moinho,Umbuzeiro,Açaiteria,Vinícius Carvalho,Amanda Machado,esporadico,2025-04,atrito,
3712,Açaí Cerrado 2,Palmeira Torta,Açaiteria,Elaine Lopes,Vinícius Barbosa,esporadico,2021-08,normal,
3713,Minimercado Bandeirante 5,Três Bicas,Minimercado,Leandro Cunha,Amanda Machado,esporadico,2023-11,normal,
3714,Minimercado Palmeira 3,Ipê Sereno,Minimercado,Juliana Xavier,Mariana Cunha,ciclico,2024-12,normal,
3715,Panificadora Veredas 6,Jaraguandu,Padaria,Viviane Soares,Mariana Cunha,esporadico,2021-08,normal,
3716,Lanchonete Vila Nova,Jaraguandu,Lanchonete,Flávio Lima,André Santos,mensal,2021-08,normal,
3717,Lanchonete Tamarindo 4,Tabuleiro Alto,Lanchonete,Igor Bezerra,Amanda Machado,mensal,2021-08,atrito,
3718,Panificadora São Jorge 7,Santa Ilha,Padaria,Igor Bezerra,Amanda Machado,ciclico,2021-08,normal,
3719,Padaria Bom Retiro 4,Encosta Nova,Padaria,André Batista,Sérgio Oliveira,mensal,2023-05,normal,
3720,Panificadora Cravo,Várzea Comprida,Padaria,Raquel Ferreira,Vinícius Barbosa,mensal,2021-12,atrito,
3721,Panificadora Moinho 8,Sertão Novo,Padaria,Elaine Lopes,Vinícius Barbosa,esporadico,2023-10,normal,
3722,Pizza Ouro Fino 3,Piraquara do Oeste,Pizzaria,Vinícius Siqueira,Eduardo Cardoso,mensal,2021-08,normal,
3723,Burger São Jorge 4,Nova Aurora do Vale,Hamburgueria,Tatiane Sales,Mariana Cunha,esporadico,2021-08,atrito,
3724,Café Jatobá 2,Quatro Cruzes,Cafeteria,Helena Vieira,Amanda Machado,ciclico,2021-08,normal,
3725,Padaria Brisa 6,Quatro Cruzes,Padaria,Aline Duarte,Sérgio Gonçalves,mensal,2021-08,normal,
3726,Burger Pedra Alta 2,Guaraúna,Hamburgueria,Mauro Pacheco,Sérgio Oliveira,esporadico,2021-08,normal,
3727,Cafeteria Jacarandá,Vila Aurora,Cafeteria,Tatiane Sales,Mariana Cunha,mensal,2022-07,normal,
3728,Cafeteria Encanto 4,Três Bicas,Cafeteria,Aline Duarte,Sérgio Gonçalves,mensal,2021-08,normal,
3729,Cantina Veredas 5,Riozinho Claro,Restaurante,Helena Gonçalves,André Santos,mensal,2023-10,normal,
3730,Panificadora Porto Seguro Velho 5,Barra do Piraquê,Padaria,Geraldo Cavalcanti,Mariana Cunha,esporadico,2023-11,atrito,
3731,Restaurante Paraíso,Taquaruçu do Meio,Restaurante,Vanessa Teixeira,Sérgio Gonçalves,ciclico,2024-09,atrito,
3732,Casa de Refeições Rio Claro 2,Serra Cansada,Restaurante,Silvana Andrade,Amanda Machado,esporadico,2021-08,atrito,
3733,Mercadinho Cascata 3,Barra do Piraquê,Minimercado,Raquel Barbosa,Amanda Machado,esporadico,2023-10,normal,
3734,Pizza Cascata 4,Serra Cansada,Pizzaria,Adriana Xavier,Eduardo Cardoso,mensal,2023-08,normal,
3735,Casa do Café Cravo,Marimbondo,Cafeteria,Roberta Pinheiro,Amanda Machado,mensal,2021-08,normal,
3736,Super Sossego 3,Umbuzeiro,Supermercado,Aline Pacheco,Mariana Cunha,mensal,2021-08,normal,
3737,Padaria Xodó 3,Vale Formoso do Norte,Padaria,Marcos Bezerra,Amanda Machado,mensal,2021-08,parada,2025-08
3738,Café Aurora,Lagoa Vermelha do Norte,Cafeteria,Aline Duarte,Sérgio Gonçalves,esporadico,2023-03,atrito,
3739,Casa de Refeições Esperança 3,Porto Bandeira,Restaurante,Vanessa Teixeira,Sérgio Gonçalves,mensal,2023-02,normal,
3740,Lanches Raiz Forte 4,Ipê Sereno,Lanchonete,Wesley Lima,Sérgio Oliveira,esporadico,2026-02,normal,
3741,Restaurante Tamarindo 6,Umbuzeiro,Restaurante,Vinícius Carvalho,Amanda Machado,esporadico,2021-08,atrito,
3742,Cantina Pequi 4,Três Bicas,Restaurante,Tatiane Sales,Mariana Cunha,ciclico,2021-08,atrito,
3743,Restaurante Ipanema Velha,Fonte Limeira,Restaurante,Letícia Ferreira,Sérgio Oliveira,mensal,2023-01,atrito,
3744,Ponto do Lanche Rosa dos Ventos 4,Tabuleiro Alto,Lanchonete,Yara Coelho,Sérgio Oliveira,mensal,2023-11,normal,
3745,Restaurante São Jorge 5,Itaquerê,Restaurante,João Cavalcanti,Eduardo Cardoso,esporadico,2024-12,atrito,
3746,Açaí Lagoa Azul 2,Piraquara do Oeste,Açaiteria,Sandra Cardoso,André Santos,mensal,2021-09,normal,
3747,Mercadinho Serrana 3,Fonte Limeira,Minimercado,Flávio Nogueira,Sérgio Oliveira,mensal,2022-07,degrau,2025-12
3748,Supermercado Candeia 2,Bela Corrente,Supermercado,Cláudia Miranda,Mariana Cunha,mensal,2021-08,atrito,
3749,Padaria Dois Irmãos 4,Ribeira Funda,Padaria,Cláudia Correia,Vinícius Barbosa,mensal,2026-04,normal,
3750,Super Sossego 4,Lagoa Vermelha do Norte,Supermercado,Raquel Ferreira,Vinícius Barbosa,ciclico,2021-08,normal,
3751,Ponto do Lanche Central 4,Xambrê,Lanchonete,Yara Coelho,Sérgio Oliveira,esporadico,2021-08,normal,
3752,Mercado Luar,Três Bicas,Minimercado,André Cardoso,Vinícius Barbosa,ciclico,2023-07,normal,
3753,Mercado Moinho 3,Umbuzeiro,Minimercado,Vanessa Teixeira,Sérgio Gonçalves,ciclico,2023-04,atrito,
3754,Casa de Refeições Ipanema Velha 2,Ribeira Funda,Restaurante,Vanessa Teixeira,Sérgio Gonçalves,mensal,2021-08,atrito,
3755,Burger Tucano 2,Taquaruçu do Meio,Hamburgueria,Helena Gonçalves,André Santos,ciclico,2021-08,atrito,
3756,Pizza Nascente 3,Xambrê,Pizzaria,Gustavo Vasconcelos,Amanda Machado,mensal,2021-08,normal,
3757,Padaria e Confeitaria Moinho,Barra do Piraquê,Padaria,Vanessa Teixeira,Sérgio Gonçalves,mensal,2026-01,normal,
3758,Padaria Sabor Real 7,Nova Aurora do Vale,Padaria,Tatiane Sales,Mariana Cunha,esporadico,2025-12,normal,
3759,Casa do Café Maracanã Velho 2,Vista Alegre do Ipê,Cafeteria,Aline Duarte,Sérgio Gonçalves,esporadico,2021-08,normal,
3760,Sorveteria Tucano,Jaraguandu,Sorveteria,Rodrigo Dias,Vinícius Barbosa,mensal,2024-04,atrito,
3761,Restaurante Pitanga 5,Fonte Limeira,Restaurante,Joana Medeiros,Vinícius Barbosa,esporadico,2023-08,atrito,
3762,Restaurante Moinho 4,São Braz do Campo,Restaurante,Roberta Nogueira,André Santos,esporadico,2021-08,normal,
3763,Gelateria Santa Clara 3,Encosta Nova,Sorveteria,Igor Bezerra,Amanda Machado,mensal,2025-01,normal,
3764,Padaria Sossego 2,Vila Aurora,Padaria,Helena Gonçalves,André Santos,ciclico,2024-10,normal,
3765,Gelateria Sempre Viva 3,Xambrê,Sorveteria,Igor Bezerra,Amanda Machado,esporadico,2021-08,normal,
3766,Eventos Trigal 2,Serra Cansada,Buffet e Eventos,Paulo Correia,Eduardo Cardoso,mensal,2025-08,normal,
3767,Padaria e Confeitaria Rosa dos Ventos,Passo Ruivo,Padaria,Roberta Nogueira,André Santos,mensal,2021-08,degrau,2025-09
3768,Casa de Refeições Tucano 5,Palmeira Torta,Restaurante,Vanessa Teixeira,Sérgio Gonçalves,esporadico,2021-08,atrito,
3769,Padaria Jatobá 4,Praia do Sino,Padaria,Adriana Xavier,Eduardo Cardoso,mensal,2021-08,normal,
3770,Mercado Cerrado 4,Pedra Molhada,Minimercado,Cláudia Correia,Vinícius Barbosa,ciclico,2022-01,atrito,
3771,Lanchonete Fonte Nova 2,Alto Sereno,Lanchonete,Helena Vieira,Amanda Machado,mensal,2023-04,normal,
3772,Mercado Pinheiro 7,Riozinho Claro,Minimercado,Patrícia Braga,André Santos,mensal,2021-08,normal,
3773,Supermercado Tamarindo 2,Alto Sereno,Supermercado,Jorge Sousa,Vinícius Barbosa,mensal,2021-08,normal,
3774,Lanches Esperança 2,Serra Cansada,Lanchonete,Marcos Bezerra,Amanda Machado,esporadico,2021-08,normal,
3775,Padaria e Confeitaria Horizonte 5,Figueira Branca,Padaria,Cláudia Miranda,Mariana Cunha,mensal,2021-08,degrau,2025-06
3776,Lanches Sossego 3,Vila Cascata,Lanchonete,Paulo Camargo,Eduardo Cardoso,ciclico,2021-08,normal,
3777,Ponto do Lanche Farol 2,Passo Ruivo,Lanchonete,Gustavo Fonseca,Mariana Cunha,esporadico,2025-12,normal,
3778,Sorveteria Sol Nascente 3,Barra do Piraquê,Sorveteria,Igor Bezerra,Amanda Machado,esporadico,2021-08,atrito,
3779,Minimercado Cravo 6,Monte Cravo,Minimercado,Elaine Lopes,Vinícius Barbosa,mensal,2021-08,degrau,2025-09
3780,Lanches Nova Era 3,Vila Aurora,Lanchonete,Aline Duarte,Sérgio Gonçalves,mensal,2021-08,mix,2026-01
3781,Ponto do Lanche Capim Doce 4,Passo Ruivo,Lanchonete,Rodrigo Dias,Vinícius Barbosa,esporadico,2021-08,atrito,
3782,Cantina Bom Retiro 2,Quatro Cruzes,Restaurante,Aline Almeida,Sérgio Gonçalves,esporadico,2024-05,normal,
3783,Padaria e Confeitaria São Jorge 5,Vila Aurora,Padaria,Joana Medeiros,Vinícius Barbosa,mensal,2021-08,normal,
3784,Eventos Aurora,Ribeira Funda,Buffet e Eventos,Sandra Cardoso,André Santos,mensal,2025-09,normal,
3785,Cafeteria Rosa dos Ventos,Alto Sereno,Cafeteria,Débora Faria,Mariana Cunha,mensal,2021-08,normal,
3786,Hamburgueria Farol 2,Fonte Limeira,Hamburgueria,Sandra Cardoso,André Santos,mensal,2021-11,atrito,
3787,Cantina Figueira,Olho d'Água Grande,Restaurante,César Lopes,Mariana Cunha,mensal,2021-08,normal,
3788,Cantina Xodó 3,Marimbondo,Restaurante,Ricardo Teixeira,Sérgio Gonçalves,ciclico,2023-02,normal,
3789,Pizza Sabor Real 3,Vale Formoso do Norte,Pizzaria,Roberta Pinheiro,Amanda Machado,esporadico,2021-08,normal,
3790,Restaurante Capim Doce 4,Palmeira Torta,Restaurante,Fernanda Sampaio,Sérgio Gonçalves,esporadico,2023-02,normal,
3791,Panificadora Luar 4,Ipê Sereno,Padaria,Adriana Xavier,Eduardo Cardoso,ciclico,2025-11,normal,
3792,Casa de Refeições Chapada 2,Lagoa Vermelha do Norte,Restaurante,Adriana Xavier,Eduardo Cardoso,esporadico,2022-07,normal,
3793,Pizza Flor de Sal 2,Ipê Sereno,Pizzaria,Gabriel Ferreira,André Santos,esporadico,2021-08,normal,
3794,Atacadão Flor de Sal,Fonte Limeira,Atacadista,Isabela Guimarães,André Santos,esporadico,2023-07,normal,
3795,Pizza Vale Verde 2,Vila Cascata,Pizzaria,Wesley Lima,Sérgio Oliveira,ciclico,2022-06,normal,
3796,Eventos Luar,Vista Alegre do Ipê,Buffet e Eventos,Débora Faria,Mariana Cunha,ciclico,2021-08,atrito,
3797,Pizza Orquídea 4,Ribeira Funda,Pizzaria,Simone Maia,André Santos,ciclico,2021-08,normal,
3798,Padaria e Confeitaria Farol 2,Olho d'Água Grande,Padaria,Igor Bezerra,Amanda Machado,esporadico,2021-08,atrito,
3799,Supermercado Farol 2,Serra Cansada,Supermercado,Helena Vieira,Amanda Machado,esporadico,2021-08,normal,
3800,Supermercado Tamarindo 3,Ribeira Funda,Supermercado,Helena Gonçalves,André Santos,mensal,2023-05,atrito,
3801,Mercado Palmeira 5,Quatro Cruzes,Minimercado,Cláudia Miranda,Mariana Cunha,mensal,2023-11,normal,
3802,Restaurante Aurora 4,Sertão Novo,Restaurante,Igor Batista,Amanda Machado,ciclico,2025-11,normal,
3803,Panificadora Veredas 7,Cravinho do Sul,Padaria,Vanessa Teixeira,Sérgio Gonçalves,esporadico,2023-08,normal,
3804,Açaí Sempre Viva,São Braz do Campo,Açaiteria,Raquel Barbosa,Amanda Machado,mensal,2025-08,normal,
3805,Padaria e Confeitaria São Jorge 6,Bela Corrente,Padaria,Gabriel Ferreira,André Santos,ciclico,2021-08,normal,
3806,Cafeteria Nova Era 3,Santa Ilha,Cafeteria,Silvana Silva,Vinícius Barbosa,esporadico,2025-08,atrito,
3807,Mercadinho Primavera 3,Piraquara do Oeste,Minimercado,Gabriel Ferreira,André Santos,ciclico,2022-05,normal,
3808,Cantina Olaria 5,Quatro Cruzes,Restaurante,Patrícia Braga,André Santos,mensal,2021-08,normal,
3809,Pizzaria Primavera 2,Passo Ruivo,Pizzaria,Geraldo Cavalcanti,Mariana Cunha,mensal,2024-03,normal,
3810,Padaria Ipê Roxo 3,Campo Ferrugem,Padaria,Murilo Alves,André Santos,mensal,2021-08,normal,
3811,Restaurante Terra Boa 3,Monte Cravo,Restaurante,Juliana Xavier,Mariana Cunha,mensal,2024-02,atrito,
3812,Padaria e Confeitaria Doce Lar 4,Alto Sereno,Padaria,Emerson Carvalho,Eduardo Cardoso,mensal,2022-12,normal,
3813,Padaria Tamarindo 3,Campo Ferrugem,Padaria,Raquel Ferreira,Vinícius Barbosa,mensal,2021-08,normal,
3814,Pizza Terra Boa 2,Cravinho do Sul,Pizzaria,Geraldo Cavalcanti,Mariana Cunha,esporadico,2025-08,normal,
3815,Padaria e Confeitaria Olaria 6,Vale Formoso do Norte,Padaria,Cláudia Correia,Vinícius Barbosa,mensal,2021-08,atrito,
3816,Padaria Pinheiro 7,Vale Formoso do Norte,Padaria,Emerson Pinheiro,Vinícius Barbosa,ciclico,2021-08,normal,
3817,Mercado Candeia 3,Xambrê,Minimercado,Diego Martins,Sérgio Gonçalves,esporadico,2023-10,normal,
3818,Mercado Umbu 3,Campo Ferrugem,Minimercado,Rafael Teixeira,Sérgio Oliveira,mensal,2022-10,atrito,
3819,Mercadinho Rosa dos Ventos 7,Lagoa Vermelha do Norte,Minimercado,André Batista,Sérgio Oliveira,mensal,2021-08,parada,2026-04
3820,Mercadinho Santa Clara 5,Jaraguandu,Minimercado,Elaine Lopes,Vinícius Barbosa,esporadico,2021-08,normal,
3821,Pizza Jacarandá 3,Tabuleiro Alto,Pizzaria,André Batista,Sérgio Oliveira,ciclico,2021-08,normal,
3822,Distribuidora Pitanga,Passo Ruivo,Atacadista,Murilo Alves,André Santos,esporadico,2021-08,normal,
3823,Restaurante Moinho 5,Umbuzeiro,Restaurante,Wagner Braga,Sérgio Gonçalves,esporadico,2021-08,normal,
3824,Supermercado Ipê Roxo 4,Quatro Cruzes,Supermercado,Vanessa Teixeira,Sérgio Gonçalves,ciclico,2026-01,normal,
3825,Pizzaria Farol 5,Encosta Nova,Pizzaria,Joana Medeiros,Vinícius Barbosa,ciclico,2023-06,atrito,
3826,Cantina Bom Retiro 3,Passo Ruivo,Restaurante,Juliana Xavier,Mariana Cunha,esporadico,2022-02,normal,
3827,Pizza Oliveira,Barra do Piraquê,Pizzaria,Sandra Cardoso,André Santos,mensal,2021-08,normal,
3828,Minimercado Guarani 3,Itaquerê,Minimercado,Gustavo Vasconcelos,Amanda Machado,mensal,2025-06,atrito,
3829,Burger Recanto 2,Monte Cravo,Hamburgueria,Aline Pacheco,Mariana Cunha,esporadico,2021-08,normal,
3830,Mercado Maré Alta 5,Fonte Limeira,Minimercado,Vinícius Carvalho,Amanda Machado,esporadico,2022-04,atrito,
3831,Mercadinho Olaria 4,Vista Alegre do Ipê,Minimercado,Natália Almeida,Vinícius Barbosa,ciclico,2021-08,normal,
3832,Mercadinho Recanto 3,Bela Corrente,Minimercado,Renata Cardoso,Sérgio Gonçalves,esporadico,2021-08,normal,
3833,Minimercado Pitanga 4,Itaquerê,Minimercado,Elaine Lopes,Vinícius Barbosa,mensal,2022-08,normal,
3834,Lanchonete Xodó 2,Serra Cansada,Lanchonete,Joana Medeiros,Vinícius Barbosa,ciclico,2021-08,normal,
3835,Panificadora Jatobá 4,Umbuzeiro,Padaria,Wagner Braga,Sérgio Gonçalves,mensal,2024-06,atrito,
3836,Açaí Estrela,Vale Formoso do Norte,Açaiteria,Débora Maia,Eduardo Cardoso,mensal,2024-12,normal,
3837,Cantina Palmeira 2,Sertão Novo,Restaurante,Nelson Nunes,Eduardo Cardoso,ciclico,2021-08,normal,
3838,Lanchonete Quintal 2,Porto Bandeira,Lanchonete,Aline Duarte,Sérgio Gonçalves,esporadico,2025-06,normal,
3839,Ponto do Lanche Palmeira,Alto Sereno,Lanchonete,Nelson Nunes,Eduardo Cardoso,mensal,2025-10,normal,
3840,Atacado Sabor Real,Vila Cascata,Atacadista,Marcos Bezerra,Amanda Machado,esporadico,2021-08,normal,
3841,Casa de Refeições Ponte Velha 3,São Braz do Campo,Restaurante,Antônio Freitas,Vinícius Barbosa,mensal,2021-08,atrito,
3842,Padaria Pinheiro 8,Ribeira Funda,Padaria,Sandra Cardoso,André Santos,mensal,2021-11,normal,
3843,Hamburgueria Maré Alta 4,Piraquara do Oeste,Hamburgueria,Kelly Santos,Eduardo Cardoso,esporadico,2022-12,normal,
3844,Restaurante Maracanã Velho 6,Monte Cravo,Restaurante,Roberta Pinheiro,Amanda Machado,esporadico,2021-08,normal,
3845,Padaria Bandeirante 6,Olho d'Água Grande,Padaria,Cláudia Correia,Vinícius Barbosa,mensal,2021-08,mix,2025-07
3846,Loja Aurora,Nova Aurora do Vale,Loja de Conveniência,Raquel Ferreira,Vinícius Barbosa,mensal,2023-03,atrito,
3847,Ponto do Lanche Rio Claro 2,Vila Cascata,Lanchonete,Sandra Cardoso,André Santos,mensal,2021-08,atrito,
3848,Pizza Central 3,Figueira Branca,Pizzaria,Vinícius Carvalho,Amanda Machado,ciclico,2022-08,atrito,
3849,Minimercado Trigal 4,Quatro Cruzes,Minimercado,Fernanda Sampaio,Sérgio Gonçalves,mensal,2021-08,mix,2025-09
3850,Padaria e Confeitaria Esperança 5,Xambrê,Padaria,Wagner Rodrigues,Mariana Cunha,esporadico,2021-08,normal,
3851,Açaí Sol Nascente 3,Marimbondo,Açaiteria,Gustavo Vasconcelos,Amanda Machado,mensal,2021-09,normal,
3852,Mercado Esperança 3,Tabuleiro Alto,Minimercado,Fernanda Sampaio,Sérgio Gonçalves,mensal,2021-08,atrito,
3853,Cafeteria Quintal 2,Sertão Novo,Cafeteria,Mariana Oliveira,Eduardo Cardoso,esporadico,2021-08,normal,
3854,Lanches Orquídea,Bela Corrente,Lanchonete,Joana Medeiros,Vinícius Barbosa,esporadico,2023-09,atrito,
3855,Pizza Jatobá 3,Riozinho Claro,Pizzaria,Gabriel Ferreira,André Santos,esporadico,2021-08,atrito,
3856,Hamburgueria São Jorge,Vale Formoso do Norte,Hamburgueria,Wagner Braga,Sérgio Gonçalves,mensal,2023-06,normal,
3857,Ponto do Lanche Bom Retiro,Olho d'Água Grande,Lanchonete,Isabela Guimarães,André Santos,ciclico,2024-02,atrito,
3858,Lanches Fonte Nova 2,Várzea Comprida,Lanchonete,Sandra Cardoso,André Santos,mensal,2021-08,normal,
3859,Açaiteria Ouro Fino,Fonte Limeira,Açaiteria,Aline Duarte,Sérgio Gonçalves,esporadico,2021-08,normal,
3860,Padaria e Confeitaria Encanto 6,Xambrê,Padaria,Silvana Andrade,Amanda Machado,mensal,2021-08,atrito,
3861,Mercadinho Doce Lar 3,Umbuzeiro,Minimercado,Simone Maia,André Santos,esporadico,2022-12,atrito,
3862,Pizza Candeia 3,Palmeira Torta,Pizzaria,Silvana Santos,Mariana Cunha,mensal,2021-08,normal,
3863,Super São Jorge 2,Encosta Nova,Supermercado,João Cavalcanti,Eduardo Cardoso,ciclico,2025-11,normal,
3864,Cafeteria Nascente 3,São Braz do Campo,Cafeteria,Mariana Oliveira,Eduardo Cardoso,esporadico,2025-09,normal,
3865,Hamburgueria São Jorge 2,Olho d'Água Grande,Hamburgueria,Aline Pacheco,Mariana Cunha,mensal,2021-08,atrito,
3866,Pizza Sossego 3,Porto Bandeira,Pizzaria,Cláudia Correia,Vinícius Barbosa,mensal,2023-08,atrito,
3867,Panificadora Capim Doce 3,Olho d'Água Grande,Padaria,Adriana Xavier,Eduardo Cardoso,mensal,2024-10,atrito,
3868,Mercadinho Cerrado 3,Riozinho Claro,Minimercado,Aline Duarte,Sérgio Gonçalves,mensal,2021-08,atrito,
3869,Burger Porto Seguro Velho 2,Sertão Novo,Hamburgueria,Wesley Siqueira,Amanda Machado,mensal,2021-08,atrito,
3870,Padaria e Confeitaria Maracanã Velho 4,Vila Aurora,Padaria,Aline Pacheco,Mariana Cunha,mensal,2022-10,atrito,
3871,Super Mirante 4,Taquaruçu do Meio,Supermercado,Murilo Alves,André Santos,mensal,2021-08,parada,2025-12
3872,Café Ipê Roxo,Três Bicas,Cafeteria,César Lopes,Mariana Cunha,mensal,2021-08,sangramento,2025-06
3873,Pizza Bela Vista 4,Alto Sereno,Pizzaria,Joana Medeiros,Vinícius Barbosa,ciclico,2024-02,atrito,
3874,Padaria e Confeitaria Capim Doce 5,Barra do Piraquê,Padaria,João Cavalcanti,Eduardo Cardoso,mensal,2021-08,parada,2025-08
3875,Mercado Tamarindo 4,Tabuleiro Alto,Minimercado,Lucas Braga,André Santos,ciclico,2021-08,normal,
3876,Mercadinho Umbu 2,Várzea Comprida,Minimercado,Mauro Pacheco,Sérgio Oliveira,mensal,2021-08,normal,
3877,Buffet Doce Lar,Nova Aurora do Vale,Buffet e Eventos,Paulo Camargo,Eduardo Cardoso,ciclico,2025-03,normal,
3878,Pizza Chapada 6,Vila Aurora,Pizzaria,Adriana Xavier,Eduardo Cardoso,esporadico,2023-07,atrito,
3879,Supermercado Candeia 3,Lagoa Vermelha do Norte,Supermercado,César Lopes,Mariana Cunha,esporadico,2021-08,normal,
3880,Atacadão Girassol,Monte Cravo,Atacadista,Aline Almeida,Sérgio Gonçalves,mensal,2023-08,normal,
3881,Distribuidora Xodó 2,Lagoa Vermelha do Norte,Atacadista,Patrícia Braga,André Santos,ciclico,2021-08,normal,
3882,Padaria Sol Nascente 4,Porto Bandeira,Padaria,Tatiane Sales,Mariana Cunha,ciclico,2021-08,normal,
3883,Mercado Girassol 3,Alto Sereno,Minimercado,Adriana Xavier,Eduardo Cardoso,esporadico,2023-05,normal,
3884,Casa de Refeições Bom Retiro,Ipê Sereno,Restaurante,Antônio Freitas,Vinícius Barbosa,esporadico,2021-08,normal,
3885,Restaurante Rio Claro 4,Olho d'Água Grande,Restaurante,Rafael Teixeira,Sérgio Oliveira,ciclico,2024-10,atrito,
3886,Eventos Cravo 2,Vila Cascata,Buffet e Eventos,Viviane Soares,Mariana Cunha,ciclico,2021-08,normal,
3887,Padaria e Confeitaria Lagoa Azul 3,Várzea Comprida,Padaria,Paulo Camargo,Eduardo Cardoso,esporadico,2021-08,atrito,
3888,Panificadora Tamarindo 4,Lagoa Vermelha do Norte,Padaria,Aline Araújo,André Santos,mensal,2023-08,atrito,
3889,Ponto do Lanche Varanda,Nova Aurora do Vale,Lanchonete,Rafael Teixeira,Sérgio Oliveira,esporadico,2021-08,atrito,
3890,Super Terra Boa,Vila Cascata,Supermercado,Cláudia Miranda,Mariana Cunha,esporadico,2021-08,normal,
3891,Pizzaria Pequi 3,Bela Corrente,Pizzaria,Cláudia Correia,Vinícius Barbosa,esporadico,2024-12,normal,
3892,Mercado Oliveira 5,Ipê Sereno,Minimercado,Yara Coelho,Sérgio Oliveira,mensal,2021-08,atrito,
3893,Mercado Vila Nova 5,Barra do Piraquê,Minimercado,Gabriel Ferreira,André Santos,mensal,2022-11,atrito,
3894,Gelateria Pequi,Vila Aurora,Sorveteria,Aline Pacheco,Mariana Cunha,esporadico,2024-06,atrito,
3895,Eventos Maracanã Velho,Sertão Novo,Buffet e Eventos,Murilo Alves,André Santos,mensal,2024-07,normal,
3896,Casa de Refeições Jacarandá 5,Jaraguandu,Restaurante,Leandro Cunha,Amanda Machado,mensal,2021-08,atrito,
3897,Lanches Bandeirante 3,Ribeira Funda,Lanchonete,Paulo Camargo,Eduardo Cardoso,mensal,2021-09,normal,
3898,Açaiteria Xodó 3,Barra do Piraquê,Açaiteria,Débora Faria,Mariana Cunha,ciclico,2024-08,normal,
3899,Lanchonete Juriti,Várzea Comprida,Lanchonete,Igor Bezerra,Amanda Machado,mensal,2021-09,normal,
3900,Mercadinho Pinheiro 2,Umbuzeiro,Minimercado,Juliana Xavier,Mariana Cunha,ciclico,2024-05,normal,
3901,Panificadora Maré Alta 7,Itaquerê,Padaria,Patrícia Rezende,Mariana Cunha,mensal,2023-12,normal,
3902,Mercadinho Girassol 6,Serra Cansada,Minimercado,Cláudia Correia,Vinícius Barbosa,mensal,2025-03,normal,
3903,Atacado Lagoa Azul,Quatro Cruzes,Atacadista,Sandra Cardoso,André Santos,mensal,2022-04,parada,2025-08
3904,Hamburgueria Farol 3,Barra do Piraquê,Hamburgueria,Igor Bezerra,Amanda Machado,mensal,2021-08,normal,
3905,Ponto do Lanche Esperança 5,Fonte Limeira,Lanchonete,Isabela Lopes,Mariana Cunha,mensal,2021-08,normal,
3906,Panificadora Trigal 2,Campo Ferrugem,Padaria,Fernanda Sampaio,Sérgio Gonçalves,mensal,2021-08,normal,
3907,Minimercado Guarani 4,Vista Alegre do Ipê,Minimercado,Flávio Nogueira,Sérgio Oliveira,mensal,2021-08,parada,2025-06
3908,Panificadora Santa Clara 4,Olho d'Água Grande,Padaria,Helena Gonçalves,André Santos,mensal,2025-01,normal,
3909,Distribuidora Esperança,Santa Ilha,Atacadista,Antônio Freitas,Vinícius Barbosa,ciclico,2024-04,normal,
3910,Super Serrana 2,Tabuleiro Alto,Supermercado,Joana Medeiros,Vinícius Barbosa,mensal,2021-08,normal,
3911,Sorveteria Nascente,Figueira Branca,Sorveteria,César Lopes,Mariana Cunha,mensal,2022-05,normal,
3912,Mercado Porto Seguro Velho 3,Ribeira Funda,Minimercado,Isabela Lopes,Mariana Cunha,mensal,2021-08,degrau,2025-07
3913,Pizza Figueira 4,Vale Formoso do Norte,Pizzaria,Gustavo Fonseca,Mariana Cunha,esporadico,2025-02,normal,
3914,Café Pequi 4,Várzea Comprida,Cafeteria,Letícia Ferreira,Sérgio Oliveira,mensal,2022-05,normal,
3915,Distribuidora Ipanema Velha 2,Encosta Nova,Atacadista,Joana Medeiros,Vinícius Barbosa,mensal,2022-05,mix,2026-02
3916,Minimercado Tucano,Palmeira Torta,Minimercado,Kelly Carvalho,Sérgio Gonçalves,esporadico,2024-07,atrito,
3917,Cantina Ipê Roxo 2,São Braz do Campo,Restaurante,Wesley Lima,Sérgio Oliveira,mensal,2022-03,parada,2025-11
3918,Casa de Refeições Raiz Forte 3,Sertão Novo,Restaurante,Marcos Almeida,Sérgio Oliveira,mensal,2021-08,normal,
3919,Pizzaria Moinho 2,Marimbondo,Pizzaria,Rafael Teixeira,Sérgio Oliveira,mensal,2025-03,normal,
3920,Lanchonete Chapada 2,Porto Bandeira,Lanchonete,Aline Duarte,Sérgio Gonçalves,mensal,2021-08,atrito,
3921,Super Figueira 5,Jaraguandu,Supermercado,Kelly Santos,Eduardo Cardoso,mensal,2021-09,normal,
3922,Cantina Esperança 4,Vale Formoso do Norte,Restaurante,Kelly Santos,Eduardo Cardoso,mensal,2025-12,normal,
3923,Mercadinho Cravo 5,Fonte Limeira,Minimercado,Rodrigo Dias,Vinícius Barbosa,esporadico,2025-08,normal,
3924,Casa de Refeições Encanto 2,Vila Cascata,Restaurante,Viviane Soares,Mariana Cunha,ciclico,2021-08,normal,
3925,Lanches Central 4,Monte Cravo,Lanchonete,Emerson Pinheiro,Vinícius Barbosa,ciclico,2022-09,atrito,
3926,Padaria Bom Retiro 5,Alto Sereno,Padaria,Rodrigo Dias,Vinícius Barbosa,mensal,2024-07,atrito,
3927,Cantina Sossego,Vila Aurora,Restaurante,Igor Bezerra,Amanda Machado,esporadico,2023-05,atrito,
3928,Mercado Encanto 7,Tabuleiro Alto,Minimercado,Natália Almeida,Vinícius Barbosa,mensal,2021-12,normal,
3929,Hamburgueria São Jorge 3,Figueira Branca,Hamburgueria,Vanessa Teixeira,Sérgio Gonçalves,ciclico,2026-02,normal,
3930,Cantina Recanto 2,Porto Bandeira,Restaurante,César Lopes,Mariana Cunha,mensal,2021-08,normal,
3931,Restaurante Vitória Régia,Porto Bandeira,Restaurante,Sabrina Andrade,Vinícius Barbosa,ciclico,2023-05,normal,
3932,Panificadora Bandeirante 4,Piraquara do Oeste,Padaria,Gustavo Vasconcelos,Amanda Machado,mensal,2021-08,normal,
3933,Hamburgueria Bela Vista,Jaraguandu,Hamburgueria,Isabela Lopes,Mariana Cunha,mensal,2021-08,sangramento,2025-10
3934,Supermercado São Jorge,Ribeira Funda,Supermercado,Helena Gonçalves,André Santos,mensal,2021-08,normal,
3935,Buffet Rio Claro 2,Piraquara do Oeste,Buffet e Eventos,Vanessa Teixeira,Sérgio Gonçalves,esporadico,2023-10,atrito,
3936,Lanches Brisa 2,Umbuzeiro,Lanchonete,Joana Medeiros,Vinícius Barbosa,mensal,2025-06,atrito,
3937,Lanchonete Girassol 3,Fonte Limeira,Lanchonete,Sabrina Siqueira,Sérgio Oliveira,esporadico,2022-03,normal,
3938,Cantina Flor de Sal 5,Itaquerê,Restaurante,Isabela Guimarães,André Santos,esporadico,2021-08,normal,
3939,Açaiteria Doce Lar 2,Sertão Novo,Açaiteria,Igor Rodrigues,Eduardo Cardoso,esporadico,2021-08,atrito,
3940,Casa de Refeições Sossego 2,Porto Bandeira,Restaurante,Emerson Pinheiro,Vinícius Barbosa,mensal,2021-08,normal,
3941,Mercadinho Juriti 3,Sertão Novo,Minimercado,Raquel Ferreira,Vinícius Barbosa,mensal,2024-11,atrito,
3942,Lanches Olaria 5,Sertão Novo,Lanchonete,Vinícius Carvalho,Amanda Machado,mensal,2025-04,normal,
3943,Eventos Bom Retiro 2,Encosta Nova,Buffet e Eventos,Paulo Correia,Eduardo Cardoso,ciclico,2023-05,atrito,
3944,Minimercado Girassol 3,Cravinho do Sul,Minimercado,Joana Medeiros,Vinícius Barbosa,mensal,2021-08,parada,2025-10
3945,Minimercado Vitória Régia,Riozinho Claro,Minimercado,Murilo Alves,André Santos,ciclico,2025-07,normal,
3946,Buffet Veredas,Piraquara do Oeste,Buffet e Eventos,Vanessa Teixeira,Sérgio Gonçalves,mensal,2021-08,atrito,
3947,Café Horizonte 2,Ribeira Funda,Cafeteria,Daniel Mendes,André Santos,mensal,2024-03,atrito,
3948,Cantina Dois Irmãos 6,Barra do Piraquê,Restaurante,Diego Martins,Sérgio Gonçalves,mensal,2023-01,normal,
3949,Gelateria Sol Nascente 2,Bela Corrente,Sorveteria,Leandro Cunha,Amanda Machado,mensal,2025-07,atrito,
3950,Mercadinho Orquídea 2,Praia do Sino,Minimercado,Vinícius Carvalho,Amanda Machado,ciclico,2021-08,normal,
3951,Casa de Refeições Ouro Fino 4,Tabuleiro Alto,Restaurante,Kelly Carvalho,Sérgio Gonçalves,mensal,2021-08,parada,2026-05
3952,Padaria Lagoa Azul 2,Várzea Comprida,Padaria,Aline Araújo,André Santos,ciclico,2022-07,normal,
3953,Padaria Maré Alta 2,Pedra Molhada,Padaria,Murilo Alves,André Santos,mensal,2021-08,normal,
3954,Açaí Bom Retiro 2,Alto Sereno,Açaiteria,Rafael Teixeira,Sérgio Oliveira,mensal,2021-08,normal,
3955,Mercado Tijuca Velha 2,Vila Aurora,Minimercado,Simone Maia,André Santos,mensal,2025-11,normal,
3956,Lanchonete Dois Irmãos,Vila Aurora,Lanchonete,Ricardo Teixeira,Sérgio Gonçalves,esporadico,2023-07,normal,
3957,Panificadora Capim Doce 4,Piraquara do Oeste,Padaria,Wesley Lima,Sérgio Oliveira,ciclico,2024-05,atrito,
3958,Panificadora Tucano 2,Vista Alegre do Ipê,Padaria,Fernanda Sampaio,Sérgio Gonçalves,ciclico,2021-08,atrito,
3959,Casa de Refeições Santa Clara 2,Campo Ferrugem,Restaurante,Letícia Ferreira,Sérgio Oliveira,ciclico,2024-08,normal,
3960,Mercadinho São Jorge 2,Xambrê,Minimercado,Roberta Nogueira,André Santos,mensal,2024-07,normal,
3961,Açaiteria Tucano 3,Três Bicas,Açaiteria,Aline Duarte,Sérgio Gonçalves,esporadico,2025-04,normal,
3962,Burger Quintal 2,Marimbondo,Hamburgueria,Patrícia Rezende,Mariana Cunha,ciclico,2023-11,normal,
3963,Ponto do Lanche Nascente 2,Campo Ferrugem,Lanchonete,Yara Santos,Eduardo Cardoso,mensal,2023-02,atrito,
3964,Pizzaria Umbu 3,Quatro Cruzes,Pizzaria,Aline Duarte,Sérgio Gonçalves,mensal,2021-08,voltou,2025-11
3965,Ponto do Lanche Primavera 3,Umbuzeiro,Lanchonete,Márcia Sales,Sérgio Oliveira,esporadico,2022-11,normal,
3966,Distribuidora Candeia 2,Palmeira Torta,Atacadista,João Cavalcanti,Eduardo Cardoso,mensal,2021-12,normal,
3967,Minimercado Candeia 5,Piraquara do Oeste,Minimercado,Adriana Xavier,Eduardo Cardoso,mensal,2023-02,normal,
3968,Padaria Sabor Real 8,Ribeira Funda,Padaria,Yara Coelho,Sérgio Oliveira,ciclico,2021-08,normal,
3969,Lanchonete Dois Irmãos 2,Barra do Piraquê,Lanchonete,Silvana Santos,Mariana Cunha,ciclico,2025-07,atrito,
3970,Padaria e Confeitaria Horizonte 6,Pedra Molhada,Padaria,Aline Duarte,Sérgio Gonçalves,mensal,2021-08,normal,
3971,Mercado Candeia 4,Vale Formoso do Norte,Minimercado,Flávio Lima,André Santos,mensal,2021-08,normal,
3972,Eventos Capim Doce,Jaraguandu,Buffet e Eventos,Silvana Silva,Vinícius Barbosa,esporadico,2021-08,normal,
3973,Super Fonte Nova 2,Vale Formoso do Norte,Supermercado,Wesley Lima,Sérgio Oliveira,esporadico,2021-08,normal,
3974,Atacado Oliveira,São Braz do Campo,Atacadista,Helena Vieira,Amanda Machado,mensal,2022-07,normal,
3975,Casa de Refeições Candeia 3,Umbuzeiro,Restaurante,Murilo Alves,André Santos,ciclico,2021-08,normal,
3976,Lanchonete Sol Nascente 4,São Braz do Campo,Lanchonete,Adriana Xavier,Eduardo Cardoso,mensal,2021-08,normal,
3977,Panificadora Oliveira 4,Ipê Sereno,Padaria,Fernanda Sampaio,Sérgio Gonçalves,mensal,2021-08,normal,
3978,Ponto do Lanche Oliveira 2,Itaquerê,Lanchonete,Aline Pacheco,Mariana Cunha,mensal,2021-08,normal,
3979,Mercadinho Paraíso 6,Lagoa Vermelha do Norte,Minimercado,Sandra Cardoso,André Santos,mensal,2021-08,normal,
3980,Eventos Farol,Xambrê,Buffet e Eventos,Wagner Braga,Sérgio Gonçalves,mensal,2022-01,atrito,
3981,Hamburgueria Esperança 2,Guaraúna,Hamburgueria,Gabriel Ferreira,André Santos,mensal,2021-08,normal,
3982,Cantina Palmeira 3,Encosta Nova,Restaurante,Tatiane Sales,Mariana Cunha,mensal,2026-03,normal,
3983,Atacadão Terra Boa 3,Campo Ferrugem,Atacadista,Roberta Nogueira,André Santos,mensal,2023-02,normal,
3984,Padaria Horizonte 4,Campo Ferrugem,Padaria,Wesley Siqueira,Amanda Machado,esporadico,2021-08,normal,
3985,Eventos Jacarandá 3,Lagoa Vermelha do Norte,Buffet e Eventos,Igor Bezerra,Amanda Machado,mensal,2024-06,normal,
3986,Lanches Quintal 2,Vale Formoso do Norte,Lanchonete,Igor Rodrigues,Eduardo Cardoso,ciclico,2021-08,normal,
3987,Casa de Refeições Veredas 5,Itaquerê,Restaurante,Paulo Correia,Eduardo Cardoso,mensal,2021-08,atrito,
3988,Loja Cerrado 3,Jaraguandu,Loja de Conveniência,Murilo Alves,André Santos,esporadico,2021-08,normal,
3989,Lanches Guarani 3,Cravinho do Sul,Lanchonete,Aline Pacheco,Mariana Cunha,esporadico,2024-05,normal,
3990,Padaria e Confeitaria Cascata 2,Encosta Nova,Padaria,Raquel Barbosa,Amanda Machado,mensal,2021-08,degrau,2026-01
3991,Cantina Ouro Fino 4,Palmeira Torta,Restaurante,Wagner Rodrigues,Mariana Cunha,mensal,2021-08,atrito,
3992,Casa do Café Porto Seguro Velho,Santa Ilha,Cafeteria,Vinícius Carvalho,Amanda Machado,mensal,2021-08,normal,
3993,Lanches Tijuca Velha,Jaraguandu,Lanchonete,Igor Bezerra,Amanda Machado,mensal,2023-02,normal,
3994,Casa de Refeições Ponte Velha 4,São Braz do Campo,Restaurante,Wagner Martins,Amanda Machado,mensal,2021-08,degrau,2025-08
3995,Ponto do Lanche Horizonte 2,Bela Corrente,Lanchonete,Vanessa Teixeira,Sérgio Gonçalves,ciclico,2023-02,normal,
3996,Padaria Moinho 7,Várzea Comprida,Padaria,Sandra Cardoso,André Santos,esporadico,2024-06,atrito,
3997,Super Doce Lar 4,Monte Cravo,Supermercado,Murilo Alves,André Santos,mensal,2021-08,normal,
3998,Super Cascata 2,Xambrê,Supermercado,Kelly Carvalho,Sérgio Gonçalves,mensal,2021-08,normal,
3999,Casa do Café Guarani 2,Bela Corrente,Cafeteria,Wagner Alves,Amanda Machado,mensal,2024-05,normal,
4000,Minimercado Moinho 3,Campo Ferrugem,Minimercado,Patrícia Braga,André Santos,esporadico,2024-09,normal,
4001,Restaurante Palmeira 5,Nova Aurora do Vale,Restaurante,Sandra Cardoso,André Santos,esporadico,2021-08,normal,
4002,Mercado Vale Verde 3,Barra do Piraquê,Minimercado,Flávio Nogueira,Sérgio Oliveira,esporadico,2023-01,normal,
4003,Padaria e Confeitaria Nova Era 4,Xambrê,Padaria,Juliana Xavier,Mariana Cunha,esporadico,2023-12,normal,
4004,Panificadora Sempre Viva 2,Passo Ruivo,Padaria,Joana Medeiros,Vinícius Barbosa,ciclico,2021-08,normal,
4005,Mercadinho Primavera 4,Quatro Cruzes,Minimercado,Roberta Nogueira,André Santos,mensal,2021-08,normal,
4006,Panificadora Quintal 3,Piraquara do Oeste,Padaria,César Lopes,Mariana Cunha,ciclico,2024-11,normal,
4007,Atacadão Fonte Nova,Encosta Nova,Atacadista,Carlos Teixeira,Eduardo Cardoso,ciclico,2021-08,atrito,
4008,Mercadinho Trigal 4,Campo Ferrugem,Minimercado,Wesley Siqueira,Amanda Machado,mensal,2021-12,voltou,2025-12
4009,Lanchonete Sabor Real,Figueira Branca,Lanchonete,Adriana Xavier,Eduardo Cardoso,mensal,2025-09,normal,
4010,Panificadora Vale Verde 6,Figueira Branca,Padaria,Wagner Martins,Amanda Machado,mensal,2021-08,degrau,2025-08
4011,Padaria Bom Retiro 6,Vista Alegre do Ipê,Padaria,Igor Bezerra,Amanda Machado,mensal,2024-12,atrito,
4012,Padaria e Confeitaria Pitanga 3,Marimbondo,Padaria,Letícia Ferreira,Sérgio Oliveira,esporadico,2021-08,normal,
4013,Hamburgueria Bandeirante,Serra Cansada,Hamburgueria,Wagner Braga,Sérgio Gonçalves,ciclico,2022-09,normal,
4014,Sorveteria Maracanã Velho 2,Jaraguandu,Sorveteria,Patrícia Rezende,Mariana Cunha,ciclico,2026-04,normal,
4015,Ponto do Lanche Horizonte 3,São Braz do Campo,Lanchonete,Aline Duarte,Sérgio Gonçalves,mensal,2021-08,mix,2026-02
4016,Mercadinho Bandeirante 6,Nova Aurora do Vale,Minimercado,Ricardo Teixeira,Sérgio Gonçalves,mensal,2021-08,sangramento,2025-05
4017,Cantina Tijuca Velha,Piraquara do Oeste,Restaurante,Ricardo Teixeira,Sérgio Gonçalves,mensal,2021-08,normal,
4018,Minimercado Ponte Velha 3,Piraquara do Oeste,Minimercado,Marcos Bezerra,Amanda Machado,mensal,2022-09,atrito,
4019,Pizzaria Olaria 6,Três Bicas,Pizzaria,César Araújo,Vinícius Barbosa,mensal,2021-08,mix,2025-07
4020,Cantina Ouro Fino 5,Palmeira Torta,Restaurante,Gustavo Vasconcelos,Amanda Machado,mensal,2021-08,sangramento,2025-09
4021,Ponto do Lanche Vitória Régia 5,Palmeira Torta,Lanchonete,Marcos Almeida,Sérgio Oliveira,ciclico,2022-08,normal,
4022,Restaurante Lagoa Azul 2,Piraquara do Oeste,Restaurante,Yara Santos,Eduardo Cardoso,mensal,2021-08,normal,
4023,Lanchonete Brisa 4,Cravinho do Sul,Lanchonete,Aline Duarte,Sérgio Gonçalves,mensal,2022-11,atrito,
4024,Buffet Fonte Nova,Xambrê,Buffet e Eventos,Aline Pacheco,Mariana Cunha,ciclico,2021-08,atrito,
4025,Pizza Umbu 4,Figueira Branca,Pizzaria,Cláudia Miranda,Mariana Cunha,mensal,2021-08,atrito,
4026,Super Mirante 5,Barra do Piraquê,Supermercado,Cláudia Miranda,Mariana Cunha,ciclico,2021-08,normal,
4027,Cafeteria Figueira 2,Praia do Sino,Cafeteria,André Cardoso,Vinícius Barbosa,ciclico,2021-08,atrito,
4028,Ponto do Lanche Farol 3,Palmeira Torta,Lanchonete,Joana Medeiros,Vinícius Barbosa,esporadico,2022-12,normal,
4029,Cantina Pinheiro,Xambrê,Restaurante,Cláudia Miranda,Mariana Cunha,mensal,2025-05,normal,
4030,Minimercado Jacarandá 2,Olho d'Água Grande,Minimercado,Sandra Cardoso,André Santos,esporadico,2021-08,normal,
4031,Minimercado Serrana 6,Ipê Sereno,Minimercado,Igor Bezerra,Amanda Machado,mensal,2023-09,normal,
4032,Hamburgueria Vale Verde 4,Bela Corrente,Hamburgueria,Wagner Alves,Amanda Machado,mensal,2021-08,normal,
4033,Panificadora Trigal 3,Itaquerê,Padaria,Sabrina Andrade,Vinícius Barbosa,ciclico,2025-10,normal,
4034,Super Sabor Real 3,Ipê Sereno,Supermercado,Joana Medeiros,Vinícius Barbosa,ciclico,2021-08,atrito,
4035,Pizza Pequi 2,Riozinho Claro,Pizzaria,Igor Bezerra,Amanda Machado,mensal,2021-08,atrito,
4036,Minimercado Farol 6,Monte Cravo,Minimercado,Igor Bezerra,Amanda Machado,mensal,2021-08,atrito,
4037,Casa de Refeições Ipê Roxo 3,Jaraguandu,Restaurante,Aline Araújo,André Santos,mensal,2025-07,atrito,
4038,Padaria Cerrado 3,Nova Aurora do Vale,Padaria,Nelson Nunes,Eduardo Cardoso,esporadico,2021-08,normal,
4039,Pizzaria Orquídea 3,Bela Corrente,Pizzaria,Patrícia Braga,André Santos,mensal,2021-08,parada,2025-07
4040,Ponto do Lanche Xodó,Santa Ilha,Lanchonete,Aline Pacheco,Mariana Cunha,mensal,2023-07,atrito,
4041,Pizzaria Guarani 2,Pedra Molhada,Pizzaria,Wagner Martins,Amanda Machado,mensal,2021-08,parada,2025-10
4042,Ponto do Lanche São Jorge 4,Três Bicas,Lanchonete,Wagner Braga,Sérgio Gonçalves,mensal,2021-08,normal,
4043,Sorveteria Trigal,Vale Formoso do Norte,Sorveteria,Aline Araújo,André Santos,mensal,2021-08,degrau,2025-06
4044,Cantina Recanto 3,Vila Aurora,Restaurante,Silvana Andrade,Amanda Machado,mensal,2021-08,normal,
4045,Conveniência Aurora 2,Passo Ruivo,Loja de Conveniência,Sandra Mendes,Sérgio Gonçalves,esporadico,2026-03,normal,
4046,Casa de Refeições Maré Alta,Itaquerê,Restaurante,Paulo Correia,Eduardo Cardoso,mensal,2021-08,sangramento,2025-12
4047,Padaria e Confeitaria Santa Clara 2,Bela Corrente,Padaria,Viviane Soares,Mariana Cunha,mensal,2021-10,normal,
4048,Casa de Refeições Xodó 2,Vila Cascata,Restaurante,Elaine Lopes,Vinícius Barbosa,esporadico,2021-12,normal,
4049,Hamburgueria Vitória Régia,Vale Formoso do Norte,Hamburgueria,Mauro Pacheco,Sérgio Oliveira,ciclico,2021-08,atrito,
4050,Mercadinho Guarani 3,Piraquara do Oeste,Minimercado,Leandro Cunha,Amanda Machado,mensal,2021-08,degrau,2025-12
4051,Panificadora Tijuca Velha 4,Passo Ruivo,Padaria,Gustavo Vasconcelos,Amanda Machado,ciclico,2022-09,atrito,
4052,Atacado Xodó,Ipê Sereno,Atacadista,Aline Araújo,André Santos,ciclico,2021-08,normal,
4053,Ponto do Lanche Aurora 2,Piraquara do Oeste,Lanchonete,Vinícius Carvalho,Amanda Machado,esporadico,2023-06,normal,
4054,Cantina Pequi 5,Tabuleiro Alto,Restaurante,Vanessa Teixeira,Sérgio Gonçalves,esporadico,2021-08,normal,
4055,Supermercado Trigal 3,Barra do Piraquê,Supermercado,Joana Medeiros,Vinícius Barbosa,mensal,2021-08,sangramento,2025-05
4056,Padaria Mirante 3,Figueira Branca,Padaria,Yara Santos,Eduardo Cardoso,mensal,2021-08,atrito,
4057,Mercado Recanto 3,Encosta Nova,Minimercado,Wesley Siqueira,Amanda Machado,mensal,2021-08,atrito,
4058,Cantina Aurora 3,São Braz do Campo,Restaurante,Flávio Lima,André Santos,ciclico,2022-01,atrito,
4059,Hamburgueria Cravo 3,Riozinho Claro,Hamburgueria,Joana Medeiros,Vinícius Barbosa,mensal,2025-01,normal,
4060,Mercado Lagoa Azul 4,Alto Sereno,Minimercado,Wagner Alves,Amanda Machado,mensal,2021-08,sangramento,2025-08
4061,Hamburgueria Nascente 4,Ribeira Funda,Hamburgueria,Gabriel Ferreira,André Santos,mensal,2024-04,normal,
4062,Super Varanda 3,Santa Ilha,Supermercado,Aline Pacheco,Mariana Cunha,mensal,2024-07,atrito,
4063,Padaria e Confeitaria Tamarindo 3,Tabuleiro Alto,Padaria,Leandro Cunha,Amanda Machado,esporadico,2021-08,atrito,
4064,Panificadora Ouro Fino 4,Vila Cascata,Padaria,Carlos Teixeira,Eduardo Cardoso,mensal,2021-08,atrito,
4065,Supermercado Luar 2,São Braz do Campo,Supermercado,Débora Maia,Eduardo Cardoso,mensal,2023-02,atrito,
4066,Mercado Candeia 5,Palmeira Torta,Minimercado,Joana Medeiros,Vinícius Barbosa,mensal,2021-08,sangramento,2025-04
4067,Atacadão Ouro Fino,Ipê Sereno,Atacadista,Ricardo Teixeira,Sérgio Gonçalves,mensal,2022-11,normal,
4068,Restaurante Bandeirante 4,Vista Alegre do Ipê,Restaurante,Tatiane Sales,Mariana Cunha,mensal,2025-04,atrito,
4069,Super Bandeirante 2,Três Bicas,Supermercado,Silvana Santos,Mariana Cunha,esporadico,2022-03,normal,
4070,Mercado Mirante 2,Tabuleiro Alto,Minimercado,Kelly Carvalho,Sérgio Gonçalves,mensal,2021-08,normal,
4071,Café Quintal 2,Vale Formoso do Norte,Cafeteria,Vinícius Siqueira,Eduardo Cardoso,ciclico,2024-02,atrito,
4072,Burger Veredas 2,Xambrê,Hamburgueria,Cláudia Correia,Vinícius Barbosa,mensal,2023-08,normal,
4073,Super Tijuca Velha 5,Santa Ilha,Supermercado,Wagner Alves,Amanda Machado,mensal,2021-08,normal,
4074,Ponto do Lanche Ipanema Velha 2,Piraquara do Oeste,Lanchonete,Lucas Braga,André Santos,mensal,2024-02,normal,
4075,Padaria e Confeitaria Veredas 2,Figueira Branca,Padaria,Aline Pacheco,Mariana Cunha,esporadico,2025-09,normal,
4076,Mercadinho Ipanema Velha 5,Barra do Piraquê,Minimercado,Helena Vieira,Amanda Machado,esporadico,2021-08,atrito,
4077,Cantina Ipê Roxo 3,Itaquerê,Restaurante,Adriana Xavier,Eduardo Cardoso,mensal,2022-09,normal,
4078,Mercado São Jorge 4,Marimbondo,Minimercado,Tatiane Sales,Mariana Cunha,esporadico,2021-08,atrito,
4079,Conveniência Vitória Régia 2,Tabuleiro Alto,Loja de Conveniência,Patrícia Rezende,Mariana Cunha,mensal,2021-08,atrito,
4080,Pizza Pedra Alta,Praia do Sino,Pizzaria,Aline Duarte,Sérgio Gonçalves,esporadico,2025-04,normal,
4081,Pizza Terra Boa 3,Taquaruçu do Meio,Pizzaria,Silvana Silva,Vinícius Barbosa,mensal,2021-08,normal,
4082,Conveniência Capim Doce 2,Bela Corrente,Loja de Conveniência,Carlos Teixeira,Eduardo Cardoso,ciclico,2024-06,normal,
4083,Mercado Doce Lar 4,Três Bicas,Minimercado,Tatiane Sales,Mariana Cunha,mensal,2021-08,normal,
4084,Casa do Café Tamarindo,Nova Aurora do Vale,Cafeteria,Sandra Cardoso,André Santos,esporadico,2024-12,atrito,
4085,Casa do Café Ouro Fino 2,Olho d'Água Grande,Cafeteria,Aline Duarte,Sérgio Gonçalves,ciclico,2024-09,normal,
4086,Super Candeia 6,Lagoa Vermelha do Norte,Supermercado,Aline Duarte,Sérgio Gonçalves,esporadico,2021-08,normal,
4087,Pizzaria Pedra Alta,Porto Bandeira,Pizzaria,Simone Maia,André Santos,esporadico,2021-08,normal,
4088,Panificadora Pedra Alta 2,Encosta Nova,Padaria,Aline Duarte,Sérgio Gonçalves,mensal,2021-08,normal,
4089,Cafeteria Jacarandá 2,Barra do Piraquê,Cafeteria,Wesley Lima,Sérgio Oliveira,esporadico,2021-10,normal,
4090,Restaurante Aurora 5,Figueira Branca,Restaurante,Joana Medeiros,Vinícius Barbosa,esporadico,2024-08,atrito,
4091,Padaria e Confeitaria Lagoa Azul 4,Praia do Sino,Padaria,César Lopes,Mariana Cunha,mensal,2021-08,normal,
4092,Minimercado Juriti 2,Itaquerê,Minimercado,Ricardo Teixeira,Sérgio Gonçalves,mensal,2023-04,atrito,
4093,Café Ipanema Velha,Sertão Novo,Cafeteria,Aline Pacheco,Mariana Cunha,ciclico,2025-07,normal,
4094,Lanchonete Vitória Régia,Porto Bandeira,Lanchonete,Cláudia Correia,Vinícius Barbosa,mensal,2022-02,degrau,2025-06
4095,Panificadora Ponte Velha 3,Campo Ferrugem,Padaria,Geraldo Cavalcanti,Mariana Cunha,mensal,2021-08,normal,
4096,Sorveteria Terra Boa,Passo Ruivo,Sorveteria,Aline Araújo,André Santos,mensal,2024-07,atrito,
4097,Supermercado Varanda 4,Figueira Branca,Supermercado,André Batista,Sérgio Oliveira,mensal,2021-08,degrau,2025-06
4098,Mercadinho Orquídea 3,Serra Cansada,Minimercado,Aline Araújo,André Santos,esporadico,2021-08,atrito,
4099,Panificadora Oliveira 5,Três Bicas,Padaria,Ricardo Teixeira,Sérgio Gonçalves,mensal,2025-02,normal,
4100,Mercadinho Aurora 2,Olho d'Água Grande,Minimercado,Igor Rodrigues,Eduardo Cardoso,esporadico,2021-08,normal,
4101,Padaria Raiz Forte 2,Cravinho do Sul,Padaria,Wesley Siqueira,Amanda Machado,ciclico,2024-11,atrito,
4102,Minimercado Vitória Régia 2,Quatro Cruzes,Minimercado,Tatiane Sales,Mariana Cunha,esporadico,2024-10,atrito,
4103,Padaria e Confeitaria Terra Boa 5,Ribeira Funda,Padaria,Bruno Nogueira,Sérgio Oliveira,ciclico,2023-12,normal,
4104,Padaria e Confeitaria Serrana 7,Fonte Limeira,Padaria,Nelson Nunes,Eduardo Cardoso,ciclico,2022-11,normal,
4105,Sorveteria Ouro Fino 3,Olho d'Água Grande,Sorveteria,Emerson Carvalho,Eduardo Cardoso,mensal,2021-08,atrito,
4106,Conveniência Vitória Régia 3,Tabuleiro Alto,Loja de Conveniência,Jaqueline Alves,Sérgio Oliveira,mensal,2022-05,atrito,
4107,Supermercado Figueira 2,Lagoa Vermelha do Norte,Supermercado,Márcia Sales,Sérgio Oliveira,mensal,2025-05,atrito,
4108,Gelateria Ouro Fino,Três Bicas,Sorveteria,Gustavo Fonseca,Mariana Cunha,ciclico,2025-09,normal,
4109,Ponto do Lanche Mirante 4,Vila Aurora,Lanchonete,Ricardo Teixeira,Sérgio Gonçalves,esporadico,2021-08,normal,
4110,Minimercado Recanto 3,Lagoa Vermelha do Norte,Minimercado,Débora Nunes,Sérgio Gonçalves,ciclico,2021-08,atrito,
4111,Lanches Paraíso 3,Pedra Molhada,Lanchonete,Aline Araújo,André Santos,mensal,2021-08,normal,
4112,Pizza Central 4,Guaraúna,Pizzaria,Paulo Correia,Eduardo Cardoso,mensal,2021-08,atrito,
4113,Lanchonete Recanto 5,Tabuleiro Alto,Lanchonete,Viviane Soares,Mariana Cunha,mensal,2021-08,atrito,
4114,Eventos Bandeirante,Bela Corrente,Buffet e Eventos,Murilo Alves,André Santos,ciclico,2021-08,normal,
4115,Ponto do Lanche Tucano 3,Fonte Limeira,Lanchonete,Antônio Freitas,Vinícius Barbosa,esporadico,2026-03,normal,
4116,Ponto do Lanche Oliveira 3,Porto Bandeira,Lanchonete,Ricardo Teixeira,Sérgio Gonçalves,ciclico,2021-08,atrito,
4117,Supermercado Lagoa Azul,Xambrê,Supermercado,Patrícia Rezende,Mariana Cunha,mensal,2025-08,normal,
4118,Minimercado Nascente 3,Olho d'Água Grande,Minimercado,Simone Maia,André Santos,ciclico,2025-06,normal,
4119,Pizza Bela Vista 5,Monte Cravo,Pizzaria,Letícia Ferreira,Sérgio Oliveira,mensal,2024-04,normal,
4120,Burger Umbu,Ribeira Funda,Hamburgueria,Igor Bezerra,Amanda Machado,mensal,2023-03,atrito,
4121,Açaiteria Cravo 2,Nova Aurora do Vale,Açaiteria,Flávio Lima,André Santos,mensal,2022-11,atrito,
4122,Padaria e Confeitaria Ipanema Velha 3,Serra Cansada,Padaria,Natália Almeida,Vinícius Barbosa,esporadico,2021-08,atrito,
4123,Minimercado Central 6,Barra do Piraquê,Minimercado,Wesley Lima,Sérgio Oliveira,mensal,2021-08,sangramento,2025-06
4124,Sorveteria Palmeira,Alto Sereno,Sorveteria,Vanessa Teixeira,Sérgio Gonçalves,esporadico,2021-08,normal,
4125,Pizza Horizonte,Vale Formoso do Norte,Pizzaria,Adriana Xavier,Eduardo Cardoso,esporadico,2021-08,normal,
4126,Supermercado Esperança 4,Ribeira Funda,Supermercado,Bruno Nogueira,Sérgio Oliveira,mensal,2021-08,normal,
4127,Panificadora Pequi 2,São Braz do Campo,Padaria,Mauro Pacheco,Sérgio Oliveira,mensal,2021-08,atrito,
4128,Café São Jorge,Cravinho do Sul,Cafeteria,André Batista,Sérgio Oliveira,mensal,2021-08,sangramento,2025-06
4129,Mercado Ipanema Velha 2,Olho d'Água Grande,Minimercado,Igor Rodrigues,Eduardo Cardoso,mensal,2021-08,parada,2025-07
4130,Pizzaria Flor de Sal 4,Lagoa Vermelha do Norte,Pizzaria,Isabela Guimarães,André Santos,ciclico,2021-08,atrito,
4131,Pizza Rio Claro,Ipê Sereno,Pizzaria,Tatiane Sales,Mariana Cunha,mensal,2021-08,atrito,
4132,Mercadinho Dois Irmãos 4,Marimbondo,Minimercado,Bruno Nogueira,Sérgio Oliveira,ciclico,2021-08,atrito,
4133,Distribuidora Bandeirante 2,Marimbondo,Atacadista,Igor Rodrigues,Eduardo Cardoso,mensal,2021-08,parada,2026-02
4134,Lanches Umbu 4,Xambrê,Lanchonete,Kelly Carvalho,Sérgio Gonçalves,esporadico,2021-08,normal,
4135,Panificadora São Jorge 8,Taquaruçu do Meio,Padaria,Leandro Cunha,Amanda Machado,mensal,2021-08,normal,
4136,Padaria e Confeitaria Vila Nova 4,Tabuleiro Alto,Padaria,Helena Vieira,Amanda Machado,ciclico,2021-08,normal,
4137,Café Vitória Régia 3,Vila Cascata,Cafeteria,Débora Maia,Eduardo Cardoso,mensal,2021-08,atrito,
4138,Padaria e Confeitaria Girassol 2,Taquaruçu do Meio,Padaria,Daniel Mendes,André Santos,esporadico,2021-08,normal,
4139,Gelateria Chapada 2,Vila Cascata,Sorveteria,Nelson Nunes,Eduardo Cardoso,ciclico,2021-08,atrito,
4140,Mercado Varanda 6,Taquaruçu do Meio,Minimercado,Murilo Alves,André Santos,mensal,2024-08,atrito,
4141,Supermercado Cerrado 3,Várzea Comprida,Supermercado,Elaine Lopes,Vinícius Barbosa,mensal,2024-07,normal,
4142,Buffet Candeia,Tabuleiro Alto,Buffet e Eventos,Wagner Rodrigues,Mariana Cunha,mensal,2021-08,mix,2025-09
4143,Pizzaria Rio Claro,Pedra Molhada,Pizzaria,Aline Andrade,Sérgio Gonçalves,esporadico,2024-02,normal,
4144,Padaria Candeia 5,Taquaruçu do Meio,Padaria,Sandra Cardoso,André Santos,mensal,2021-08,normal,
4145,Panificadora Umbu 6,Lagoa Vermelha do Norte,Padaria,Raquel Barbosa,Amanda Machado,esporadico,2021-08,atrito,
4146,Cantina Fonte Nova 3,Riozinho Claro,Restaurante,Gustavo Fonseca,Mariana Cunha,mensal,2021-08,atrito,
4147,Lanchonete Juriti 2,Vila Aurora,Lanchonete,Juliana Xavier,Mariana Cunha,mensal,2024-07,normal,
4148,Restaurante Olaria 5,Campo Ferrugem,Restaurante,Emerson Carvalho,Eduardo Cardoso,ciclico,2021-11,atrito,
4149,Pizzaria Central,Várzea Comprida,Pizzaria,Wesley Lima,Sérgio Oliveira,esporadico,2021-08,atrito,
4150,Lanchonete Quintal 3,Piraquara do Oeste,Lanchonete,Viviane Soares,Mariana Cunha,esporadico,2021-08,normal,
4151,Pizzaria Guarani 3,Monte Cravo,Pizzaria,Gustavo Fonseca,Mariana Cunha,ciclico,2021-08,atrito,
4152,Ponto do Lanche Raiz Forte 5,Lagoa Vermelha do Norte,Lanchonete,Vanessa Teixeira,Sérgio Gonçalves,mensal,2021-08,atrito,
4153,Padaria e Confeitaria Tucano 5,Bela Corrente,Padaria,Vinícius Carvalho,Amanda Machado,mensal,2025-06,normal,
4154,Pizza Estrela 6,Vista Alegre do Ipê,Pizzaria,Emerson Carvalho,Eduardo Cardoso,mensal,2026-02,normal,
4155,Açaiteria São Jorge 2,Santa Ilha,Açaiteria,Igor Rodrigues,Eduardo Cardoso,mensal,2021-08,atrito,
4156,Mercadinho Jacarandá 4,Serra Cansada,Minimercado,Diego Martins,Sérgio Gonçalves,mensal,2025-06,atrito,
4157,Supermercado Pequi 3,Marimbondo,Supermercado,Igor Bezerra,Amanda Machado,mensal,2025-04,normal,
4158,Mercadinho Cravo 6,Fonte Limeira,Minimercado,Cláudia Correia,Vinícius Barbosa,esporadico,2023-08,atrito,
4159,Açaí Terra Boa 3,Xambrê,Açaiteria,Aline Andrade,Sérgio Gonçalves,mensal,2025-09,normal,
4160,Lanchonete Raiz Forte 2,Alto Sereno,Lanchonete,Joana Medeiros,Vinícius Barbosa,esporadico,2023-10,normal,
4161,Mercadinho Central 2,Quatro Cruzes,Minimercado,Débora Maia,Eduardo Cardoso,mensal,2023-10,atrito,
4162,Casa de Refeições Encanto 3,Quatro Cruzes,Restaurante,César Araújo,Vinícius Barbosa,mensal,2021-08,sangramento,2025-06
4163,Padaria e Confeitaria Horizonte 7,Itaquerê,Padaria,Igor Bezerra,Amanda Machado,esporadico,2021-08,normal,
4164,Super Nova Era 3,Serra Cansada,Supermercado,Jorge Sousa,Vinícius Barbosa,mensal,2021-08,atrito,
4165,Padaria Farol 3,Figueira Branca,Padaria,André Batista,Sérgio Oliveira,esporadico,2022-03,atrito,
4166,Restaurante Ipê Roxo 4,Jaraguandu,Restaurante,Igor Batista,Amanda Machado,mensal,2021-08,normal,
4167,Pizzaria Luar 3,Piraquara do Oeste,Pizzaria,Juliana Pinheiro,Sérgio Gonçalves,mensal,2021-10,normal,
4168,Lanches Dois Irmãos 3,Jaraguandu,Lanchonete,Igor Bezerra,Amanda Machado,mensal,2021-08,normal,
4169,Gelateria Flor de Sal,Encosta Nova,Sorveteria,Igor Rodrigues,Eduardo Cardoso,esporadico,2022-01,atrito,
4170,Restaurante Olaria 6,Sertão Novo,Restaurante,Renata Cardoso,Sérgio Gonçalves,ciclico,2023-05,atrito,
4171,Gelateria Terra Boa 2,Bela Corrente,Sorveteria,Márcia Sales,Sérgio Oliveira,mensal,2021-08,normal,
4172,Ponto do Lanche Moinho 2,Pedra Molhada,Lanchonete,Igor Bezerra,Amanda Machado,ciclico,2023-01,normal,
4173,Padaria e Confeitaria Cerrado 2,Jaraguandu,Padaria,Raquel Barbosa,Amanda Machado,esporadico,2026-01,normal,
4174,Mercado Veredas 3,Taquaruçu do Meio,Minimercado,Aline Duarte,Sérgio Gonçalves,mensal,2021-08,normal,
4175,Gelateria Nova Era 2,Santa Ilha,Sorveteria,Sandra Cardoso,André Santos,esporadico,2021-08,atrito,
4176,Mercadinho Fonte Nova 5,Alto Sereno,Minimercado,André Cardoso,Vinícius Barbosa,mensal,2022-10,normal,
4177,Mercado Cravo 3,Guaraúna,Minimercado,Paulo Correia,Eduardo Cardoso,mensal,2022-10,atrito,
4178,Supermercado Moinho 5,Xambrê,Supermercado,Helena Vieira,Amanda Machado,ciclico,2023-02,normal,
4179,Café Umbu,Xambrê,Cafeteria,Kelly Carvalho,Sérgio Gonçalves,ciclico,2025-01,normal,
4180,Açaiteria Girassol 2,Palmeira Torta,Açaiteria,Helena Vieira,Amanda Machado,mensal,2021-08,mix,2025-07
4181,Restaurante Cravo 4,Vista Alegre do Ipê,Restaurante,Diego Martins,Sérgio Gonçalves,mensal,2024-10,normal,
4182,Açaí Vila Nova 2,Ribeira Funda,Açaiteria,Aline Araújo,André Santos,mensal,2021-08,parada,2026-05
4183,Atacado Sossego 2,Cravinho do Sul,Atacadista,César Lopes,Mariana Cunha,esporadico,2024-09,normal,
4184,Conveniência Moinho 3,Praia do Sino,Loja de Conveniência,Vanessa Teixeira,Sérgio Gonçalves,ciclico,2021-08,normal,
4185,Padaria Maracanã Velho 5,Ribeira Funda,Padaria,Sandra Cardoso,André Santos,mensal,2021-08,normal,
4186,Restaurante Sempre Viva 2,Jaraguandu,Restaurante,Roberta Nogueira,André Santos,mensal,2021-08,atrito,
4187,Minimercado Umbu 3,Itaquerê,Minimercado,Flávio Lima,André Santos,mensal,2024-10,normal,
4188,Mercadinho Figueira 5,Alto Sereno,Minimercado,Gustavo Fonseca,Mariana Cunha,esporadico,2021-08,normal,
4189,Padaria Oliveira 3,Riozinho Claro,Padaria,André Cardoso,Vinícius Barbosa,mensal,2021-08,mix,2025-08
4190,Conveniência Vila Nova 2,Vila Cascata,Loja de Conveniência,Gabriel Ferreira,André Santos,esporadico,2021-08,normal,
4191,Ponto do Lanche Nascente 3,Olho d'Água Grande,Lanchonete,Letícia Ferreira,Sérgio Oliveira,esporadico,2022-05,normal,
4192,Super Primavera 2,Ipê Sereno,Supermercado,Isabela Guimarães,André Santos,mensal,2022-07,atrito,
4193,Pizzaria Orquídea 4,Sertão Novo,Pizzaria,Vinícius Carvalho,Amanda Machado,ciclico,2024-07,normal,
4194,Padaria e Confeitaria Guarani 5,Alto Sereno,Padaria,Helena Vieira,Amanda Machado,mensal,2021-08,parada,2026-02
4195,Conveniência Recanto 3,Cravinho do Sul,Loja de Conveniência,André Batista,Sérgio Oliveira,ciclico,2025-04,normal,
4196,Gelateria Santa Clara 4,Quatro Cruzes,Sorveteria,Kelly Carvalho,Sérgio Gonçalves,mensal,2021-08,atrito,
4197,Mercado Serrana 7,Tabuleiro Alto,Minimercado,João Cavalcanti,Eduardo Cardoso,mensal,2021-08,normal,
4198,Mercadinho Girassol 7,Cravinho do Sul,Minimercado,Wagner Rodrigues,Mariana Cunha,esporadico,2021-12,normal,
4199,Padaria Fonte Nova 2,Vila Cascata,Padaria,Igor Bezerra,Amanda Machado,esporadico,2021-08,normal,
